zone_id,week,zone_type,temporal_profile,population_density,road_capacity,effective_road_capacity,vehicle_density,traffic_pressure,congestion,average_speed,red_light_violations,weather,road_condition,special_event,incident_count,incident_occurred,previous_week_vehicle_density,previous_week_congestion,previous_week_average_speed,previous_week_red_light_violations,previous_week_incident_count,previous_week_incident_occurred,previous_week_traffic_pressure,rolling_4_week_avg_vehicle_density,rolling_4_week_avg_congestion,rolling_4_week_avg_speed,rolling_4_week_avg_violations,rolling_4_week_incident_count,rolling_4_week_incident_rate,rolling_4_week_avg_traffic_pressure,vehicle_density_change,congestion_change,speed_change,violations_change,traffic_pressure_change,incident_count_change,vehicle_density_pct_change,congestion_pct_change,speed_pct_change,vehicle_population_ratio,congestion_trend_4w,vehicle_density_trend_4w,speed_trend_4w,incident_trend_4w
Zone_01,1,Commercial_Downtown,RECOVERY_AFTER_DISRUPTION,8726,60,60.0,48.02,0.8,40.95,53.89,3,Normal,Good,0,0,0,,,,,,,,,,,,,,,,,,,,,,,,5.503,,,,
Zone_01,2,Commercial_Downtown,RECOVERY_AFTER_DISRUPTION,8726,60,60.0,53.81,0.897,52.25,50.29,9,Normal,Good,0,0,0,48.02,40.95,53.89,3.0,0.0,0.0,0.8,,,,,,,,5.79,11.3,-3.6,6.0,0.097,,12.06,27.59,-6.68,6.167,,,,
Zone_01,3,Commercial_Downtown,RECOVERY_AFTER_DISRUPTION,8726,60,60.0,49.05,0.818,48.5,51.77,7,Normal,Good,0,0,0,53.81,52.25,50.29,9.0,0.0,0.0,0.897,,,,,,,,-4.76,-3.75,1.48,-2.0,-0.079,0.0,-8.85,-7.18,2.94,5.621,,,,
Zone_01,4,Commercial_Downtown,RECOVERY_AFTER_DISRUPTION,8726,60,60.0,49.94,0.832,47.02,51.95,9,Normal,Good,0,0,0,49.05,48.5,51.77,7.0,0.0,0.0,0.818,,,,,,,,0.89,-1.48,0.18,2.0,0.014,0.0,1.81,-3.05,0.35,5.723,,,,
Zone_01,5,Commercial_Downtown,RECOVERY_AFTER_DISRUPTION,8726,60,49.68,48.32,0.973,68.33,30.38,11,Light Rain,Moderate,0,0,0,49.94,47.02,51.95,9.0,0.0,0.0,0.832,50.2,47.18,51.98,7.0,0.0,0.0,0.837,-1.62,21.31,-21.57,2.0,0.141,0.0,-3.24,45.32,-41.52,5.537,1.446,0.1,-0.434,0.0
Zone_01,6,Commercial_Downtown,RECOVERY_AFTER_DISRUPTION,8726,60,49.68,51.23,1.031,76.45,28.96,9,Light Rain,Moderate,0,1,1,48.32,68.33,30.38,11.0,0.0,0.0,0.973,50.28,54.02,46.1,9.0,0.0,0.0,0.88,2.91,8.12,-1.42,-2.0,0.058,0.0,6.02,11.88,-4.67,5.871,4.676,-1.558,-5.955,0.0
Zone_01,7,Commercial_Downtown,RECOVERY_AFTER_DISRUPTION,8726,60,60.0,48.49,0.808,47.3,48.02,7,Normal,Good,0,1,1,51.23,76.45,28.96,9.0,1.0,1.0,1.031,49.64,60.08,40.76,9.0,1.0,0.25,0.914,-2.74,-29.15,19.06,-2.0,-0.223,1.0,-5.35,-38.13,65.81,5.557,10.516,0.492,-9.0,0.3
Zone_01,8,Commercial_Downtown,RECOVERY_AFTER_DISRUPTION,8726,60,60.0,46.87,0.781,46.14,49.77,8,Normal,Good,0,1,1,48.49,47.3,48.02,7.0,1.0,1.0,0.808,49.5,59.78,39.83,9.0,2.0,0.5,0.911,-1.62,-1.16,1.75,1.0,-0.027,0.0,-3.34,-2.45,3.64,5.371,0.896,-0.144,-1.321,0.4
Zone_01,9,Commercial_Downtown,RECOVERY_AFTER_DISRUPTION,8726,60,60.0,42.53,0.709,36.88,55.68,11,Normal,Good,0,1,1,46.87,46.14,49.77,8.0,1.0,1.0,0.781,48.73,59.56,39.28,8.75,3.0,0.75,0.898,-4.34,-9.26,5.91,3.0,-0.072,0.0,-9.26,-20.07,11.87,4.874,-9.572,-0.709,7.723,0.3
Zone_01,10,Commercial_Downtown,RECOVERY_AFTER_DISRUPTION,8726,60,60.0,47.93,0.799,46.06,54.77,6,Normal,Good,0,0,0,42.53,36.88,55.68,11.0,1.0,1.0,0.709,47.28,51.69,45.61,8.75,4.0,1.0,0.832,5.4,9.18,-0.91,-5.0,0.09,0.0,12.7,24.89,-1.63,5.493,-11.987,-2.772,8.191,0.0
Zone_01,11,Commercial_Downtown,RECOVERY_AFTER_DISRUPTION,8726,60,49.68,45.91,0.924,66.69,34.94,10,Light Rain,Moderate,0,1,1,47.93,46.06,54.77,6.0,0.0,0.0,0.799,46.46,44.1,52.06,8.0,3.0,0.75,0.774,-2.02,20.63,-19.83,4.0,0.125,-1.0,-4.21,44.79,-36.21,5.261,-1.298,-0.602,2.616,-0.3
Zone_01,12,Commercial_Downtown,RECOVERY_AFTER_DISRUPTION,8726,60,60.0,46.54,0.776,44.51,54.52,8,Normal,Good,0,1,1,45.91,66.69,34.94,10.0,1.0,1.0,0.924,45.81,48.94,48.79,8.75,3.0,0.75,0.803,0.63,-22.18,19.58,-2.0,-0.148,1.0,1.37,-33.26,56.04,5.333,7.083,0.252,-4.54,-0.1
Zone_01,13,Commercial_Downtown,RECOVERY_AFTER_DISRUPTION,8726,60,60.0,49.18,0.82,48.25,50.86,8,Normal,Good,0,1,1,46.54,44.51,54.52,8.0,1.0,1.0,0.776,45.73,48.54,49.98,8.75,3.0,0.75,0.802,2.64,3.74,-3.66,0.0,0.044,0.0,5.67,8.4,-6.71,5.636,4.352,1.001,-2.331,0.1
Zone_01,14,Commercial_Downtown,RECOVERY_AFTER_DISRUPTION,8726,60,60.0,49.51,0.825,47.03,53.9,12,Normal,Good,0,1,1,49.18,48.25,50.86,8.0,1.0,1.0,0.82,47.39,51.38,48.77,8.0,3.0,0.75,0.83,0.33,-1.22,3.04,4.0,0.005,0.0,0.67,-2.53,5.98,5.674,-1.561,0.438,0.785,0.3
Zone_01,15,Commercial_Downtown,RECOVERY_AFTER_DISRUPTION,8726,60,60.0,54.37,0.906,49.26,51.08,4,Normal,Good,0,0,0,49.51,47.03,53.9,12.0,1.0,1.0,0.825,47.78,51.62,48.56,9.5,4.0,1.0,0.836,4.86,2.23,-2.82,-8.0,0.081,0.0,9.82,4.74,-5.23,6.231,-5.524,1.344,5.322,0.0
Zone_01,16,Commercial_Downtown,RECOVERY_AFTER_DISRUPTION,8726,60,60.0,61.22,1.02,63.61,44.89,12,Normal,Good,0,0,0,54.37,49.26,51.08,4.0,0.0,0.0,0.906,49.9,47.26,52.59,8.0,3.0,0.75,0.832,6.85,14.35,-6.19,8.0,0.114,-1.0,12.6,29.13,-12.12,7.016,1.303,2.382,-0.728,-0.3
Zone_01,17,Commercial_Downtown,RECOVERY_AFTER_DISRUPTION,8726,60,60.0,65.4,1.09,68.96,41.27,11,Normal,Good,0,0,0,61.22,63.61,44.89,12.0,0.0,0.0,1.02,53.57,52.04,50.18,9.0,2.0,0.5,0.893,4.18,5.35,-3.62,-1.0,0.07,0.0,6.83,8.41,-8.06,7.495,4.831,4.098,-2.073,-0.4
Zone_01,18,Commercial_Downtown,RECOVERY_AFTER_DISRUPTION,8726,60,51.0,73.73,1.446,82.11,36.1,15,Normal,Good,1,1,1,65.4,68.96,41.27,11.0,0.0,0.0,1.09,57.62,57.22,47.78,9.75,1.0,0.25,0.96,8.33,13.15,-5.17,4.0,0.356,0.0,12.74,19.07,-12.53,8.449,8.014,5.452,-4.408,-0.3
Zone_01,19,Commercial_Downtown,RECOVERY_AFTER_DISRUPTION,8726,60,51.0,80.27,1.574,97.31,27.16,18,Normal,Good,1,1,1,73.73,82.11,36.1,15.0,1.0,1.0,1.446,63.68,65.98,43.34,10.5,1.0,0.25,1.116,6.54,15.2,-8.94,3.0,0.128,1.0,8.87,18.51,-24.76,9.199,10.39,6.226,-4.856,0.3
Zone_01,20,Commercial_Downtown,RECOVERY_AFTER_DISRUPTION,8726,60,60.0,72.67,1.211,82.2,35.62,11,Normal,Good,0,1,1,80.27,97.31,27.16,18.0,1.0,1.0,1.574,70.16,78.0,37.36,14.0,2.0,0.5,1.283,-7.6,-15.11,8.46,-7.0,-0.363,0.0,-9.47,-15.53,31.15,8.328,11.425,6.548,-5.836,0.4
Zone_01,21,Commercial_Downtown,RECOVERY_AFTER_DISRUPTION,8726,60,49.2,74.15,1.507,84.99,32.85,9,Normal,Good,0,5,1,72.67,82.2,35.62,11.0,1.0,1.0,1.211,73.02,82.64,35.04,13.75,3.0,0.75,1.33,1.48,2.79,-2.77,-2.0,0.296,0.0,2.04,3.39,-7.78,8.498,5.492,2.835,-2.589,0.3
Zone_01,22,Commercial_Downtown,RECOVERY_AFTER_DISRUPTION,8726,60,49.2,67.76,1.377,87.54,34.01,8,Normal,Good,0,2,1,74.15,84.99,32.85,9.0,5.0,1.0,1.507,75.2,86.65,32.93,13.25,8.0,1.0,1.434,-6.39,2.55,1.16,-1.0,-0.13,4.0,-8.62,3.0,3.53,7.765,-0.647,-0.634,-0.129,0.0
Zone_01,23,Commercial_Downtown,RECOVERY_AFTER_DISRUPTION,8726,60,49.2,68.25,1.387,85.03,33.24,16,Normal,Good,0,2,1,67.76,87.54,34.01,8.0,2.0,1.0,1.377,73.71,88.01,32.41,11.5,9.0,1.0,1.417,0.49,-2.51,-0.77,8.0,0.01,-3.0,0.72,-2.87,-2.26,7.821,-2.652,-3.605,1.778,0.0
Zone_01,24,Commercial_Downtown,RECOVERY_AFTER_DISRUPTION,8726,60,49.2,75.26,1.53,93.08,30.19,9,Normal,Good,0,0,0,68.25,85.03,33.24,16.0,2.0,1.0,1.387,70.71,84.94,33.93,11.0,10.0,1.0,1.37,7.01,8.05,-3.05,-7.0,0.143,0.0,10.27,9.47,-9.18,8.625,1.104,-1.965,-0.598,0.0
Zone_01,25,Commercial_Downtown,RECOVERY_AFTER_DISRUPTION,8726,60,49.2,75.86,1.542,89.57,30.36,10,Normal,Good,0,2,1,75.26,93.08,30.19,9.0,0.0,0.0,1.53,71.36,87.66,32.57,10.5,9.0,0.75,1.45,0.6,-3.51,0.17,1.0,0.012,-2.0,0.8,-3.77,0.56,8.694,2.176,0.382,-0.875,-0.3
Zone_01,26,Commercial_Downtown,RECOVERY_AFTER_DISRUPTION,8726,60,49.2,71.41,1.451,88.45,34.5,9,Normal,Good,0,1,1,75.86,89.57,30.36,10.0,2.0,1.0,1.542,71.78,88.8,31.95,10.75,6.0,0.75,1.459,-4.45,-1.12,4.14,-1.0,-0.091,2.0,-5.87,-1.25,13.64,8.184,1.414,3.131,-1.4,-0.1
Zone_01,27,Commercial_Downtown,RECOVERY_AFTER_DISRUPTION,8726,60,49.2,72.33,1.47,88.93,37.45,16,Normal,Good,0,4,1,71.41,88.45,34.5,9.0,1.0,1.0,1.451,72.69,89.03,32.07,11.0,5.0,0.75,1.478,0.92,0.48,2.95,7.0,0.019,-1.0,1.29,0.54,8.55,8.289,0.675,1.008,0.395,0.1
Zone_01,28,Commercial_Downtown,RECOVERY_AFTER_DISRUPTION,8726,60,49.2,70.67,1.436,87.54,34.57,7,Normal,Good,0,1,1,72.33,88.93,37.45,16.0,4.0,1.0,1.47,73.72,90.01,33.12,11.0,7.0,0.75,1.498,-1.66,-1.39,-2.88,-9.0,-0.034,3.0,-2.3,-1.56,-7.69,8.099,-1.357,-1.324,2.592,0.3
Zone_01,29,Commercial_Downtown,RECOVERY_AFTER_DISRUPTION,8726,60,60.0,65.36,1.089,71.61,41.18,7,Normal,Good,0,0,0,70.67,87.54,34.57,7.0,1.0,1.0,1.436,72.57,88.62,34.22,10.5,8.0,1.0,1.475,-5.31,-15.93,6.61,0.0,-0.347,-3.0,-7.51,-18.2,19.12,7.49,-0.561,-1.465,1.558,0.0
Zone_01,30,Commercial_Downtown,RECOVERY_AFTER_DISRUPTION,8726,60,60.0,65.76,1.096,71.69,42.24,6,Normal,Good,0,0,0,65.36,71.61,41.18,7.0,0.0,0.0,1.089,69.94,84.13,36.92,9.75,6.0,0.75,1.362,0.4,0.08,1.06,-1.0,0.007,-1.0,0.61,0.11,2.57,7.536,-5.191,-1.981,1.716,-0.3
Zone_01,31,Commercial_Downtown,RECOVERY_AFTER_DISRUPTION,8726,60,35.1,60.56,1.725,100.0,10.0,12,Heavy Rain,Poor,0,3,1,65.76,71.69,42.24,6.0,0.0,0.0,1.096,68.53,79.94,38.86,9.0,5.0,0.5,1.273,-5.2,28.31,-32.24,6.0,0.629,0.0,-7.91,39.49,-76.33,6.94,-6.765,-2.502,2.098,-0.4
Zone_01,32,Commercial_Downtown,RECOVERY_AFTER_DISRUPTION,8726,60,49.68,58.52,1.178,89.52,22.26,10,Light Rain,Moderate,0,2,1,60.56,100.0,10.0,12.0,3.0,1.0,1.725,65.59,82.71,32.0,8.0,4.0,0.5,1.336,-2.04,-10.48,12.26,-2.0,-0.547,3.0,-3.37,-10.48,122.6,6.706,3.746,-2.993,-7.265,0.0
Zone_01,33,Commercial_Downtown,RECOVERY_AFTER_DISRUPTION,8726,60,49.68,55.12,1.11,78.54,30.47,14,Light Rain,Moderate,0,2,1,58.52,89.52,22.26,10.0,2.0,1.0,1.178,62.55,83.2,28.92,8.75,5.0,0.5,1.272,-3.4,-10.98,8.21,4.0,-0.068,-1.0,-5.81,-12.27,36.88,6.317,8.204,-2.572,-8.9,0.4
Zone_01,34,Commercial_Downtown,RECOVERY_AFTER_DISRUPTION,8726,60,49.68,56.9,1.145,81.75,29.78,12,Light Rain,Moderate,0,0,0,55.12,78.54,30.47,14.0,2.0,1.0,1.11,59.99,84.94,26.24,10.5,7.0,0.75,1.277,1.78,3.21,-0.69,-2.0,0.035,0.0,3.23,4.09,-2.26,6.521,1.007,-3.396,-2.305,0.3
Zone_01,35,Commercial_Downtown,RECOVERY_AFTER_DISRUPTION,8726,60,60.0,52.49,0.875,49.43,51.99,8,Normal,Good,0,0,0,56.9,81.75,29.78,12.0,0.0,0.0,1.145,57.78,87.45,23.13,12.0,7.0,0.75,1.29,-4.41,-32.32,22.21,-4.0,-0.27,-2.0,-7.75,-39.54,74.58,6.015,-6.573,-1.438,6.755,-0.3
Zone_01,36,Commercial_Downtown,RECOVERY_AFTER_DISRUPTION,8726,60,60.0,52.64,0.877,49.94,51.46,8,Normal,Good,0,1,1,52.49,49.43,51.99,8.0,0.0,0.0,0.875,55.76,74.81,33.62,11.0,4.0,0.5,1.077,0.15,0.51,-0.53,0.0,0.002,0.0,0.29,1.03,-1.02,6.033,-11.706,-1.631,8.85,-0.4
Zone_01,37,Commercial_Downtown,RECOVERY_AFTER_DISRUPTION,8726,60,49.68,55.71,1.121,84.32,26.59,9,Light Rain,Moderate,0,1,1,52.64,49.94,51.46,8.0,1.0,1.0,0.877,54.29,64.92,40.92,10.5,3.0,0.5,1.002,3.07,34.38,-24.87,1.0,0.244,1.0,5.83,68.84,-48.33,6.384,-11.812,-1.185,8.518,0.0
Zone_01,38,Commercial_Downtown,RECOVERY_AFTER_DISRUPTION,8726,60,39.74,57.28,1.441,97.01,20.74,15,Light Rain,Moderate,1,2,1,55.71,84.32,26.59,9.0,1.0,1.0,1.121,54.43,66.36,39.96,9.25,2.0,0.5,1.004,1.57,12.69,-5.85,6.0,0.32,0.0,2.82,15.05,-22.0,6.564,0.822,-0.342,-1.01,0.4
Zone_01,39,Commercial_Downtown,RECOVERY_AFTER_DISRUPTION,8726,60,48.0,62.25,1.297,81.15,36.74,15,Normal,Good,1,2,1,57.28,97.01,20.74,15.0,2.0,1.0,1.441,54.53,70.18,37.7,10.0,4.0,0.75,1.078,4.97,-15.86,16.0,0.0,-0.144,1.0,8.68,-16.35,77.15,7.134,17.712,1.744,-11.862,0.3
Zone_01,40,Commercial_Downtown,RECOVERY_AFTER_DISRUPTION,8726,60,39.74,61.02,1.535,100.0,19.16,14,Light Rain,Moderate,1,1,1,62.25,81.15,36.74,15.0,2.0,1.0,1.297,56.97,78.1,33.88,11.75,6.0,1.0,1.184,-1.23,18.85,-17.58,-1.0,0.238,0.0,-1.98,23.23,-47.85,6.993,10.632,3.04,-5.001,0.0
Zone_01,41,Commercial_Downtown,RECOVERY_AFTER_DISRUPTION,8726,60,60.0,56.07,0.934,54.92,48.11,8,Normal,Good,0,2,1,61.02,100.0,19.16,14.0,1.0,1.0,1.535,59.07,90.62,25.81,13.25,6.0,1.0,1.348,-4.95,-45.08,28.95,-6.0,-0.601,-1.0,-8.11,-45.08,151.1,6.426,3.118,2.09,-0.629,0.0
Zone_01,42,Commercial_Downtown,RECOVERY_AFTER_DISRUPTION,8726,60,60.0,58.92,0.982,60.09,47.84,12,Normal,Good,0,1,1,56.07,54.92,48.11,8.0,2.0,1.0,0.934,59.16,83.27,31.19,13.0,7.0,1.0,1.302,2.85,5.17,-0.27,4.0,0.048,1.0,5.08,9.41,-0.56,6.752,-10.742,-0.486,6.453,0.0
Zone_01,43,Commercial_Downtown,RECOVERY_AFTER_DISRUPTION,8726,60,60.0,54.52,0.909,56.75,47.43,5,Normal,Good,0,0,0,58.92,60.09,47.84,12.0,1.0,1.0,0.982,59.57,74.04,37.96,12.25,6.0,1.0,1.187,-4.4,-3.34,-0.41,-7.0,-0.073,-1.0,-7.47,-5.56,-0.86,6.248,-10.826,-1.494,6.225,0.0
Zone_01,44,Commercial_Downtown,RECOVERY_AFTER_DISRUPTION,8726,60,60.0,48.22,0.804,50.99,49.16,9,Normal,Good,0,1,1,54.52,56.75,47.43,5.0,0.0,0.0,0.909,57.63,67.94,40.64,9.75,4.0,0.75,1.09,-6.3,-5.76,1.73,4.0,-0.105,-1.0,-11.56,-10.15,3.65,5.526,-12.458,-1.665,8.454,-0.3
Zone_01,45,Commercial_Downtown,RECOVERY_AFTER_DISRUPTION,8726,60,60.0,50.81,0.847,49.65,52.55,8,Normal,Good,0,2,1,48.22,50.99,49.16,9.0,1.0,1.0,0.804,54.43,55.69,48.14,8.5,4.0,0.75,0.907,2.59,-1.34,3.39,-1.0,0.043,1.0,5.37,-2.63,6.9,5.823,-1.513,-2.795,0.274,-0.1
Zone_01,46,Commercial_Downtown,RECOVERY_AFTER_DISRUPTION,8726,60,60.0,54.55,0.909,54.37,46.59,7,Normal,Good,0,0,0,50.81,49.65,52.55,8.0,2.0,1.0,0.847,53.12,54.37,49.24,8.5,4.0,0.75,0.886,3.74,4.72,-5.96,-1.0,0.062,1.0,7.36,9.51,-11.34,6.251,-3.708,-3.063,1.586,0.1
Zone_01,47,Commercial_Downtown,RECOVERY_AFTER_DISRUPTION,8726,60,60.0,51.47,0.858,48.39,50.76,6,Normal,Good,0,0,0,54.55,54.37,46.59,7.0,0.0,0.0,0.909,52.02,52.94,48.93,7.25,3.0,0.5,0.867,-3.08,-5.98,4.17,-1.0,-0.051,-2.0,-5.65,-11.0,8.95,5.898,-0.848,0.268,0.087,0.0
Zone_01,48,Commercial_Downtown,RECOVERY_AFTER_DISRUPTION,8726,60,60.0,50.45,0.841,47.1,53.43,9,Normal,Good,0,2,1,51.47,48.39,50.76,6.0,0.0,0.0,0.858,51.26,50.85,49.76,7.5,3.0,0.5,0.854,-1.02,-1.29,2.67,3.0,-0.017,0.0,-1.98,-2.67,5.26,5.782,-0.308,1.349,-0.116,-0.4
Zone_01,49,Commercial_Downtown,RECOVERY_AFTER_DISRUPTION,8726,60,60.0,53.76,0.896,50.58,47.88,6,Normal,Good,0,0,0,50.45,47.1,53.43,9.0,2.0,1.0,0.841,51.82,49.88,50.83,7.5,4.0,0.5,0.864,3.31,3.48,-5.55,-3.0,0.055,2.0,6.56,7.39,-10.39,6.161,-1.363,-0.416,0.681,0.0
Zone_01,50,Commercial_Downtown,RECOVERY_AFTER_DISRUPTION,8726,60,60.0,47.04,0.784,40.88,50.09,7,Normal,Good,0,0,0,53.76,50.58,47.88,6.0,0.0,0.0,0.896,52.56,50.11,49.66,7.0,2.0,0.25,0.876,-6.72,-9.7,2.21,1.0,-0.112,-2.0,-12.5,-19.18,4.62,5.391,-1.266,-0.339,0.654,0.1
Zone_01,51,Commercial_Downtown,RECOVERY_AFTER_DISRUPTION,8726,60,60.0,43.82,0.73,39.49,51.05,7,Normal,Good,0,0,0,47.04,40.88,50.09,7.0,0.0,0.0,0.784,50.68,46.74,50.54,7.0,2.0,0.25,0.845,-3.22,-1.39,0.96,0.0,-0.054,0.0,-6.85,-3.4,1.92,5.022,-1.905,-0.998,-0.756,-0.1
Zone_01,52,Commercial_Downtown,RECOVERY_AFTER_DISRUPTION,8726,60,49.68,45.39,0.914,60.3,40.72,9,Light Rain,Moderate,0,2,1,43.82,39.49,51.05,7.0,0.0,0.0,0.73,48.77,44.51,50.61,7.25,2.0,0.25,0.813,1.57,20.81,-10.33,2.0,0.184,0.0,3.58,52.7,-20.24,5.202,-3.253,-2.661,-0.493,-0.3
Zone_02,1,Residential,STABLE,12426,92,92.0,34.12,0.371,19.16,62.06,4,Normal,Good,0,0,0,,,,,,,,,,,,,,,,,,,,,,,,2.746,,,,
Zone_02,2,Residential,STABLE,12426,92,92.0,30.69,0.334,15.42,60.66,1,Normal,Good,0,0,0,34.12,19.16,62.06,4.0,0.0,0.0,0.371,,,,,,,,-3.43,-3.74,-1.4,-3.0,-0.037,,-10.05,-19.52,-2.26,2.47,,,,
Zone_02,3,Residential,STABLE,12426,92,92.0,34.73,0.377,17.98,61.61,6,Normal,Good,0,0,0,30.69,15.42,60.66,1.0,0.0,0.0,0.334,,,,,,,,4.04,2.56,0.95,5.0,0.043,0.0,13.16,16.6,1.57,2.795,,,,
Zone_02,4,Residential,STABLE,12426,92,92.0,42.39,0.461,20.37,62.26,1,Normal,Good,0,0,0,34.73,17.98,61.61,6.0,0.0,0.0,0.377,,,,,,,,7.66,2.39,0.65,-5.0,0.084,0.0,22.06,13.29,1.06,3.411,,,,
Zone_02,5,Residential,STABLE,12426,92,76.18,39.47,0.518,32.29,47.28,3,Light Rain,Moderate,0,0,0,42.39,20.37,62.26,1.0,0.0,0.0,0.461,35.48,18.23,61.65,3.0,0.0,0.0,0.386,-2.92,11.92,-14.98,2.0,0.057,0.0,-6.89,58.52,-24.06,3.176,0.619,2.885,0.155,0.0
Zone_02,6,Residential,STABLE,12426,92,92.0,44.68,0.486,16.94,57.64,2,Normal,Good,0,0,0,39.47,32.29,47.28,3.0,0.0,0.0,0.518,36.82,21.52,57.95,2.75,0.0,0.0,0.422,5.21,-15.35,10.36,-1.0,-0.032,0.0,13.2,-47.54,21.91,3.596,5.3,3.4,-3.949,0.0
Zone_02,7,Residential,STABLE,12426,92,92.0,41.85,0.455,21.38,58.64,1,Normal,Good,0,0,0,44.68,16.94,57.64,2.0,0.0,0.0,0.486,40.32,21.9,57.2,3.0,0.0,0.0,0.46,-2.83,4.44,1.0,-1.0,-0.031,0.0,-6.33,26.21,1.73,3.368,0.88,2.693,-2.689,0.0
Zone_02,8,Residential,STABLE,12426,92,92.0,38.92,0.423,18.58,60.38,2,Normal,Good,0,0,0,41.85,21.38,58.64,1.0,0.0,0.0,0.455,42.1,22.74,56.46,1.75,0.0,0.0,0.48,-2.93,-2.8,1.74,1.0,-0.032,0.0,-7.0,-13.1,2.97,3.132,-1.232,0.359,-0.05,0.0
Zone_02,9,Residential,STABLE,12426,92,92.0,38.61,0.42,17.41,64.48,1,Normal,Good,0,0,0,38.92,18.58,60.38,2.0,0.0,0.0,0.423,41.23,22.3,55.98,2.0,0.0,0.0,0.471,-0.31,-1.17,4.1,-1.0,-0.003,0.0,-0.8,-6.3,6.79,3.107,-3.669,-0.448,4.03,0.0
Zone_02,10,Residential,STABLE,12426,92,92.0,41.0,0.446,18.52,59.92,1,Normal,Good,0,0,0,38.61,17.41,64.48,1.0,0.0,0.0,0.42,41.02,18.58,60.28,1.5,0.0,0.0,0.446,2.39,1.11,-4.56,0.0,0.026,0.0,6.19,6.38,-7.07,3.3,-0.139,-2.114,2.226,0.0
Zone_02,11,Residential,STABLE,12426,92,92.0,38.34,0.417,17.8,58.23,1,Normal,Good,0,0,0,41.0,18.52,59.92,1.0,0.0,0.0,0.446,40.1,18.97,60.86,1.25,0.0,0.0,0.436,-2.66,-0.72,-1.69,0.0,-0.029,0.0,-6.49,-3.89,-2.82,3.085,-0.975,-0.286,0.794,0.0
Zone_02,12,Residential,STABLE,12426,92,92.0,35.08,0.381,22.13,58.07,3,Normal,Good,0,2,1,38.34,17.8,58.23,1.0,0.0,0.0,0.417,39.22,18.08,60.75,1.25,0.0,0.0,0.426,-3.26,4.33,-0.16,2.0,-0.036,0.0,-8.5,24.33,-0.27,2.823,-0.123,0.065,-1.101,0.0
Zone_02,13,Residential,STABLE,12426,92,92.0,42.51,0.462,22.27,58.17,5,Normal,Good,0,1,1,35.08,22.13,58.07,3.0,2.0,1.0,0.381,38.26,18.96,60.18,1.5,2.0,0.25,0.416,7.43,0.14,0.1,2.0,0.081,2.0,21.18,0.63,0.17,3.421,1.344,-1.325,-2.092,0.3
Zone_02,14,Residential,STABLE,12426,92,92.0,48.1,0.523,25.67,60.1,4,Normal,Good,0,0,0,42.51,22.27,58.17,5.0,1.0,1.0,0.462,39.23,20.18,58.6,2.5,3.0,0.5,0.426,5.59,3.4,1.93,-1.0,0.061,-1.0,13.15,15.27,3.32,3.871,1.558,0.127,-0.541,0.4
Zone_02,15,Residential,STABLE,12426,92,76.18,43.56,0.572,31.91,49.0,5,Light Rain,Moderate,0,0,0,48.1,25.67,60.1,4.0,0.0,0.0,0.523,41.01,21.97,58.64,3.25,3.0,0.5,0.446,-4.54,6.24,-11.1,1.0,0.049,-1.0,-9.44,24.31,-18.47,3.506,2.375,3.671,0.571,0.0
Zone_02,16,Residential,STABLE,12426,92,76.18,46.33,0.608,33.67,44.71,4,Light Rain,Moderate,0,0,0,43.56,31.91,49.0,5.0,0.0,0.0,0.572,42.31,25.5,56.34,4.25,3.0,0.5,0.485,2.77,1.76,-4.29,-1.0,0.036,0.0,6.36,5.52,-8.76,3.728,3.274,3.103,-2.528,-0.4
Zone_02,17,Residential,STABLE,12426,92,92.0,43.25,0.47,20.96,64.0,1,Normal,Good,0,0,0,46.33,33.67,44.71,4.0,0.0,0.0,0.608,45.12,28.38,53.0,4.5,1.0,0.25,0.541,-3.08,-12.71,19.29,-3.0,-0.138,0.0,-6.65,-37.75,43.14,3.481,4.044,0.692,-5.148,-0.3
Zone_02,18,Residential,STABLE,12426,92,92.0,38.59,0.419,21.5,57.89,3,Normal,Good,0,0,0,43.25,20.96,64.0,1.0,0.0,0.0,0.47,45.31,28.05,54.45,3.5,0.0,0.0,0.543,-4.66,0.54,-6.11,2.0,-0.051,0.0,-10.77,2.58,-9.55,3.106,-1.237,-1.178,0.741,0.0
Zone_02,19,Residential,STABLE,12426,92,92.0,27.8,0.302,15.58,59.59,2,Normal,Good,0,0,0,38.59,21.5,57.89,3.0,0.0,0.0,0.419,42.93,27.01,53.9,3.25,0.0,0.0,0.517,-10.79,-5.92,1.7,-1.0,-0.117,0.0,-27.96,-27.53,2.94,2.237,-4.394,-1.799,4.596,0.0
Zone_02,20,Residential,STABLE,12426,92,92.0,24.97,0.271,11.31,64.31,4,Normal,Good,0,0,0,27.8,15.58,59.59,2.0,0.0,0.0,0.302,38.99,22.93,56.55,2.5,0.0,0.0,0.45,-2.83,-4.27,4.72,2.0,-0.031,0.0,-10.18,-27.41,7.92,2.009,-5.373,-6.025,3.853,0.0
Zone_02,21,Residential,STABLE,12426,92,92.0,34.35,0.373,19.58,56.72,3,Normal,Good,0,0,0,24.97,11.31,64.31,4.0,0.0,0.0,0.271,33.65,17.34,61.45,2.5,0.0,0.0,0.366,9.38,8.27,-7.59,-1.0,0.102,0.0,37.56,73.12,-11.8,2.764,-3.487,-6.563,0.263,0.0
Zone_02,22,Residential,STABLE,12426,92,92.0,40.71,0.443,22.05,61.86,5,Normal,Good,0,0,0,34.35,19.58,56.72,3.0,0.0,0.0,0.373,31.43,16.99,59.63,3.0,0.0,0.0,0.341,6.36,2.47,5.14,2.0,0.07,0.0,18.52,12.61,9.06,3.276,-1.003,-1.555,0.121,0.0
Zone_02,23,Residential,STABLE,12426,92,76.18,43.19,0.567,32.57,50.24,3,Light Rain,Moderate,0,0,0,40.71,22.05,61.86,5.0,0.0,0.0,0.443,31.96,17.13,60.62,3.5,0.0,0.0,0.347,2.48,10.52,-11.62,-2.0,0.124,0.0,6.09,47.71,-18.78,3.476,2.768,4.811,-0.078,0.0
Zone_02,24,Residential,STABLE,12426,92,76.18,36.09,0.474,27.1,51.5,3,Light Rain,Moderate,0,0,0,43.19,32.57,50.24,3.0,0.0,0.0,0.567,35.8,21.38,58.28,3.75,0.0,0.0,0.414,-7.1,-5.47,1.26,0.0,-0.093,0.0,-16.44,-16.79,2.51,2.904,6.625,6.102,-3.707,0.0
Zone_02,25,Residential,STABLE,12426,92,92.0,33.3,0.362,16.19,60.63,4,Normal,Good,0,0,0,36.09,27.1,51.5,3.0,0.0,0.0,0.474,38.58,25.33,55.08,3.5,0.0,0.0,0.464,-2.79,-10.91,9.13,1.0,-0.112,0.0,-7.73,-40.26,17.73,2.68,3.308,0.77,-2.728,0.0
Zone_02,26,Residential,STABLE,12426,92,92.0,33.27,0.362,16.24,60.51,2,Normal,Good,0,0,0,33.3,16.19,60.63,4.0,0.0,0.0,0.362,38.32,24.48,56.06,3.75,0.0,0.0,0.462,-0.03,0.05,-0.12,-2.0,0.0,0.0,-0.09,0.31,-0.2,2.677,-2.305,-2.933,-0.243,0.0
Zone_02,27,Residential,STABLE,12426,92,92.0,25.39,0.276,10.88,60.65,1,Normal,Good,0,0,0,33.27,16.24,60.51,2.0,0.0,0.0,0.362,36.46,23.02,55.72,3.0,0.0,0.0,0.441,-7.88,-5.36,0.14,-1.0,-0.086,0.0,-23.68,-33.0,0.23,2.043,-5.99,-3.255,3.994,0.0
Zone_02,28,Residential,STABLE,12426,92,76.18,30.16,0.396,21.17,50.63,3,Light Rain,Moderate,0,0,0,25.39,10.88,60.65,1.0,0.0,0.0,0.276,32.01,17.6,58.32,2.5,0.0,0.0,0.368,4.77,10.29,-10.02,2.0,0.12,0.0,18.79,94.58,-16.52,2.427,-4.861,-3.213,2.733,0.0
Zone_02,29,Residential,STABLE,12426,92,92.0,34.19,0.372,17.22,64.07,4,Normal,Good,0,0,0,30.16,21.17,50.63,3.0,0.0,0.0,0.396,30.53,16.12,58.1,2.5,0.0,0.0,0.349,4.03,-3.95,13.44,1.0,-0.024,0.0,13.36,-18.66,26.55,2.751,0.958,-1.73,-2.986,0.0
Zone_02,30,Residential,STABLE,12426,92,92.0,36.05,0.392,21.74,60.18,2,Normal,Good,0,1,1,34.19,17.22,64.07,4.0,0.0,0.0,0.372,30.75,16.38,58.96,2.5,0.0,0.0,0.352,1.86,4.52,-3.89,-2.0,0.02,0.0,5.44,26.25,-6.07,2.901,1.323,0.753,0.066,0.0
Zone_02,31,Residential,STABLE,12426,92,53.82,48.63,0.904,73.96,20.23,8,Heavy Rain,Poor,0,0,0,36.05,21.74,60.18,2.0,1.0,1.0,0.392,31.45,17.75,58.88,2.5,1.0,0.25,0.359,12.58,52.22,-39.95,6.0,0.512,1.0,34.9,240.2,-66.38,3.914,2.863,3.601,1.203,0.3
Zone_02,32,Residential,STABLE,12426,92,53.82,49.52,0.92,71.16,18.61,7,Heavy Rain,Poor,0,1,1,48.63,73.96,20.23,8.0,0.0,0.0,0.904,37.26,33.52,48.78,4.25,1.0,0.25,0.516,0.89,-2.8,-1.62,-1.0,0.016,-1.0,1.83,-3.79,-8.01,3.985,16.289,5.727,-9.509,0.1
Zone_02,33,Residential,STABLE,12426,92,53.82,46.06,0.856,63.9,24.52,7,Heavy Rain,Poor,0,2,1,49.52,71.16,18.61,7.0,1.0,1.0,0.92,42.1,46.02,40.77,5.25,2.0,0.5,0.647,-3.46,-7.26,5.91,0.0,-0.064,1.0,-6.99,-10.2,31.76,3.707,21.404,5.857,-17.633,0.2
Zone_02,34,Residential,STABLE,12426,92,53.82,46.75,0.869,67.73,20.15,9,Heavy Rain,Poor,0,2,1,46.06,63.9,24.52,7.0,2.0,1.0,0.856,45.06,57.69,30.88,6.0,4.0,0.75,0.768,0.69,3.83,-4.37,2.0,0.013,1.0,1.5,5.99,-17.82,3.762,12.368,3.092,-10.86,0.1
Zone_02,35,Residential,STABLE,12426,92,76.18,46.01,0.604,30.77,49.18,5,Light Rain,Moderate,0,1,1,46.75,67.73,20.15,9.0,2.0,1.0,0.869,47.74,69.19,20.88,7.75,5.0,0.75,0.887,-0.74,-36.96,29.03,-4.0,-0.265,0.0,-1.58,-54.57,144.07,3.703,-2.595,-0.91,0.567,0.3
Zone_02,36,Residential,STABLE,12426,92,76.18,41.35,0.543,27.33,48.14,1,Light Rain,Moderate,0,0,0,46.01,30.77,49.18,5.0,1.0,1.0,0.604,47.08,58.39,28.12,7.0,6.0,1.0,0.812,-4.66,-3.44,-1.04,-4.0,-0.061,-1.0,-10.13,-11.18,-2.11,3.328,-11.734,-0.984,8.734,0.0
Zone_02,37,Residential,STABLE,12426,92,92.0,34.57,0.376,13.85,62.19,3,Normal,Good,0,0,0,41.35,27.33,48.14,1.0,0.0,0.0,0.543,45.04,47.43,35.5,5.5,5.0,0.75,0.718,-6.78,-13.48,14.05,2.0,-0.167,-1.0,-16.4,-49.32,29.19,2.782,-14.667,-1.487,9.989,-0.3
Zone_02,38,Residential,STABLE,12426,92,92.0,33.91,0.369,19.01,62.04,6,Normal,Good,0,0,0,34.57,13.85,62.19,3.0,0.0,0.0,0.376,42.17,34.92,44.92,4.5,3.0,0.5,0.598,-0.66,5.16,-0.15,3.0,-0.007,0.0,-1.91,37.26,-0.24,2.729,-16.508,-4.12,12.508,-0.4
Zone_02,39,Residential,STABLE,12426,92,92.0,40.24,0.437,17.95,61.02,1,Normal,Good,0,0,0,33.91,19.01,62.04,6.0,0.0,0.0,0.369,38.96,22.74,55.39,3.75,1.0,0.25,0.473,6.33,-1.06,-1.02,-5.0,0.068,0.0,18.67,-5.58,-1.64,3.238,-4.876,-4.308,5.263,-0.3
Zone_02,40,Residential,STABLE,12426,92,92.0,36.04,0.392,17.99,60.0,3,Normal,Good,0,1,1,40.24,17.95,61.02,1.0,0.0,0.0,0.437,37.52,19.54,58.35,2.75,0.0,0.0,0.431,-4.2,0.04,-1.02,2.0,-0.045,0.0,-10.44,0.22,-1.67,2.9,-2.298,-0.399,3.849,0.0
Zone_02,41,Residential,STABLE,12426,92,92.0,34.37,0.374,21.25,59.0,6,Normal,Good,0,0,0,36.04,17.99,60.0,3.0,1.0,1.0,0.392,36.19,17.2,61.31,3.25,1.0,0.25,0.394,-1.67,3.26,-1.0,3.0,-0.018,1.0,-4.63,18.12,-1.67,2.766,1.136,1.074,-0.759,0.3
Zone_02,42,Residential,STABLE,12426,92,92.0,41.21,0.448,19.94,62.73,1,Normal,Good,0,0,0,34.37,21.25,59.0,6.0,0.0,0.0,0.374,36.14,19.05,60.52,4.0,1.0,0.25,0.393,6.84,-1.31,3.73,-5.0,0.074,-1.0,19.9,-6.16,6.32,3.316,0.676,-0.282,-1.014,0.1
Zone_02,43,Residential,STABLE,12426,92,92.0,37.06,0.403,15.17,64.42,4,Normal,Good,0,0,0,41.21,19.94,62.73,1.0,0.0,0.0,0.448,37.97,19.28,60.69,2.75,1.0,0.25,0.413,-4.15,-4.77,1.69,3.0,-0.045,0.0,-10.07,-23.92,2.69,2.982,0.923,0.124,0.413,-0.1
Zone_02,44,Residential,STABLE,12426,92,92.0,36.76,0.4,19.16,58.82,1,Normal,Good,0,0,0,37.06,15.17,64.42,4.0,0.0,0.0,0.403,37.17,18.59,61.54,3.5,1.0,0.25,0.404,-0.3,3.99,-5.6,-3.0,-0.003,0.0,-0.81,26.3,-8.69,2.958,-0.977,0.99,1.699,-0.3
Zone_02,45,Residential,STABLE,12426,92,92.0,37.02,0.402,21.08,56.73,2,Normal,Good,0,0,0,36.76,19.16,58.82,1.0,0.0,0.0,0.4,37.35,18.88,61.24,3.0,0.0,0.0,0.406,0.26,1.92,-2.09,1.0,0.002,0.0,0.71,10.02,-3.55,2.979,-1.104,0.302,0.115,0.0
Zone_02,46,Residential,STABLE,12426,92,92.0,37.64,0.409,17.44,62.56,6,Normal,Good,0,0,0,37.02,21.08,56.73,2.0,0.0,0.0,0.402,38.01,18.84,60.68,2.0,0.0,0.0,0.413,0.62,-3.64,5.83,4.0,0.007,0.0,1.67,-17.27,10.28,3.029,0.741,-1.287,-2.36,0.0
Zone_02,47,Residential,STABLE,12426,92,92.0,41.47,0.451,22.89,62.35,2,Normal,Good,0,0,0,37.64,17.44,62.56,6.0,0.0,0.0,0.409,37.12,18.21,60.63,3.25,0.0,0.0,0.404,3.83,5.45,-0.21,-4.0,0.042,0.0,10.18,31.25,-0.34,3.337,0.873,0.2,-0.767,0.0
Zone_02,48,Residential,STABLE,12426,92,92.0,47.02,0.511,26.42,57.43,2,Normal,Good,0,0,0,41.47,22.89,62.35,2.0,0.0,0.0,0.451,38.22,20.14,60.12,2.75,0.0,0.0,0.416,5.55,3.53,-4.92,0.0,0.06,0.0,13.38,15.42,-7.89,3.784,0.755,1.475,1.642,0.0
Zone_02,49,Residential,STABLE,12426,92,92.0,45.84,0.498,24.26,59.52,3,Normal,Good,0,0,0,47.02,26.42,57.43,2.0,0.0,0.0,0.511,40.79,21.96,59.77,3.0,0.0,0.0,0.443,-1.18,-2.16,2.09,1.0,-0.013,0.0,-2.51,-8.18,3.64,3.689,2.147,3.383,0.189,0.0
Zone_02,50,Residential,STABLE,12426,92,92.0,43.46,0.472,21.86,61.52,0,Normal,Good,0,0,0,45.84,24.26,59.52,3.0,0.0,0.0,0.498,42.99,22.75,60.46,3.25,0.0,0.0,0.467,-2.38,-2.4,2.0,-3.0,-0.026,0.0,-5.19,-9.89,3.36,3.498,2.399,3.015,-1.404,0.0
Zone_02,51,Residential,STABLE,12426,92,92.0,37.63,0.409,18.23,60.84,0,Normal,Good,0,0,0,43.46,21.86,61.52,0.0,0.0,0.0,0.472,44.45,23.86,60.21,1.75,0.0,0.0,0.483,-5.83,-3.63,-0.68,0.0,-0.063,0.0,-13.41,-16.61,-1.11,3.028,-0.525,0.479,-0.04,0.0
Zone_02,52,Residential,STABLE,12426,92,76.18,34.78,0.457,20.56,54.06,3,Light Rain,Moderate,0,0,0,37.63,18.23,60.84,0.0,0.0,0.0,0.409,43.49,22.69,59.83,1.25,0.0,0.0,0.472,-2.85,2.33,-6.78,3.0,0.048,0.0,-7.57,12.78,-11.14,2.799,-2.697,-3.055,1.223,0.0
Zone_03,1,University_District,EVENT_SENSITIVE,7685,63,63.0,34.25,0.544,22.73,61.39,4,Normal,Good,0,0,0,,,,,,,,,,,,,,,,,,,,,,,,4.457,,,,
Zone_03,2,University_District,EVENT_SENSITIVE,7685,63,63.0,41.54,0.659,30.27,57.63,2,Normal,Good,0,0,0,34.25,22.73,61.39,4.0,0.0,0.0,0.544,,,,,,,,7.29,7.54,-3.76,-2.0,0.115,,21.28,33.17,-6.12,5.405,,,,
Zone_03,3,University_District,EVENT_SENSITIVE,7685,63,63.0,40.38,0.641,31.95,56.38,5,Normal,Good,0,0,0,41.54,30.27,57.63,2.0,0.0,0.0,0.659,,,,,,,,-1.16,1.68,-1.25,3.0,-0.018,0.0,-2.79,5.55,-2.17,5.254,,,,
Zone_03,4,University_District,EVENT_SENSITIVE,7685,63,63.0,27.88,0.443,19.92,60.93,2,Normal,Good,0,0,0,40.38,31.95,56.38,5.0,0.0,0.0,0.641,,,,,,,,-12.5,-12.03,4.55,-3.0,-0.198,0.0,-30.96,-37.65,8.07,3.628,,,,
Zone_03,5,University_District,EVENT_SENSITIVE,7685,63,52.16,23.96,0.459,25.43,51.33,0,Light Rain,Moderate,0,0,0,27.88,19.92,60.93,2.0,0.0,0.0,0.443,36.01,26.22,59.08,3.25,0.0,0.0,0.572,-3.92,5.51,-9.6,-2.0,0.016,0.0,-14.06,27.66,-15.76,3.118,-0.675,-2.027,-0.263,0.0
Zone_03,6,University_District,EVENT_SENSITIVE,7685,63,63.0,32.05,0.509,21.11,58.28,1,Normal,Good,0,0,0,23.96,25.43,51.33,0.0,0.0,0.0,0.459,33.44,26.89,56.57,2.25,0.0,0.0,0.55,8.09,-4.32,6.95,1.0,0.05,0.0,33.76,-16.99,13.54,4.17,-2.655,-6.524,-1.435,0.0
Zone_03,7,University_District,EVENT_SENSITIVE,7685,63,63.0,30.37,0.482,22.19,60.8,4,Normal,Good,0,0,0,32.05,21.11,58.28,1.0,0.0,0.0,0.509,31.07,24.6,56.73,2.0,0.0,0.0,0.513,-1.68,1.08,2.52,3.0,-0.027,0.0,-5.24,5.12,4.32,3.952,-2.701,-2.891,-0.39,0.0
Zone_03,8,University_District,EVENT_SENSITIVE,7685,63,55.44,36.57,0.66,35.95,52.68,4,Normal,Good,1,0,0,30.37,22.19,60.8,4.0,0.0,0.0,0.482,28.56,22.16,57.84,1.75,0.0,0.0,0.473,6.2,13.76,-8.12,0.0,0.178,0.0,20.41,62.01,-13.36,4.759,0.249,1.556,0.656,0.0
Zone_03,9,University_District,EVENT_SENSITIVE,7685,63,63.0,31.43,0.499,16.03,65.27,4,Normal,Good,0,0,0,36.57,35.95,52.68,4.0,0.0,0.0,0.66,30.74,26.17,55.77,2.25,0.0,0.0,0.528,-5.14,-19.92,12.59,0.0,-0.161,0.0,-14.06,-55.41,23.9,4.09,3.264,3.615,0.657,0.0
Zone_03,10,University_District,EVENT_SENSITIVE,7685,63,63.0,32.74,0.52,25.23,61.35,3,Normal,Good,0,1,1,31.43,16.03,65.27,4.0,0.0,0.0,0.499,32.6,23.82,59.26,3.25,0.0,0.0,0.538,1.31,9.2,-3.92,-1.0,0.021,0.0,4.17,57.39,-6.01,4.26,-0.148,0.434,1.285,0.0
Zone_03,11,University_District,EVENT_SENSITIVE,7685,63,52.16,41.58,0.797,50.93,41.95,10,Light Rain,Moderate,0,0,0,32.74,25.23,61.35,3.0,1.0,1.0,0.52,32.78,24.85,60.02,3.75,1.0,0.25,0.54,8.84,25.7,-19.4,7.0,0.277,1.0,27.0,101.86,-31.62,5.411,-1.08,0.197,1.424,0.3
Zone_03,12,University_District,EVENT_SENSITIVE,7685,63,63.0,37.97,0.603,32.7,54.81,1,Normal,Good,0,0,0,41.58,50.93,41.95,10.0,0.0,0.0,0.797,35.58,32.04,55.31,5.25,1.0,0.25,0.619,-3.61,-18.23,12.86,-9.0,-0.194,-1.0,-8.68,-35.79,30.66,4.941,5.414,1.634,-3.611,0.1
Zone_03,13,University_District,EVENT_SENSITIVE,7685,63,63.0,32.45,0.515,27.03,58.49,0,Normal,Good,0,0,0,37.97,32.7,54.81,1.0,0.0,0.0,0.603,35.93,31.22,55.84,4.5,1.0,0.25,0.605,-5.52,-5.67,3.68,-1.0,-0.088,0.0,-14.54,-17.34,6.71,4.223,7.571,2.846,-5.078,-0.1
Zone_03,14,University_District,EVENT_SENSITIVE,7685,63,63.0,23.29,0.37,19.59,59.32,3,Normal,Good,0,0,0,32.45,27.03,58.49,0.0,0.0,0.0,0.515,36.18,33.97,54.15,3.5,1.0,0.25,0.609,-9.16,-7.44,0.83,3.0,-0.145,0.0,-28.23,-27.52,1.42,3.031,-1.283,-0.448,0.428,-0.3
Zone_03,15,University_District,EVENT_SENSITIVE,7685,63,52.16,29.75,0.57,31.96,47.41,3,Light Rain,Moderate,0,2,1,23.29,19.59,59.32,3.0,0.0,0.0,0.37,33.82,32.56,53.64,3.5,0.0,0.0,0.571,6.46,12.37,-11.91,0.0,0.2,0.0,27.74,63.14,-20.08,3.871,-9.969,-6.039,5.579,0.0
Zone_03,16,University_District,EVENT_SENSITIVE,7685,63,63.0,26.86,0.426,17.96,61.05,1,Normal,Good,0,0,0,29.75,31.96,47.41,3.0,2.0,1.0,0.57,30.86,27.82,55.01,1.75,2.0,0.25,0.514,-2.89,-14.0,13.64,-2.0,-0.144,2.0,-9.71,-43.8,28.77,3.495,-0.966,-3.382,-2.137,0.3
Zone_03,17,University_District,EVENT_SENSITIVE,7685,63,63.0,22.92,0.364,18.0,62.53,4,Normal,Good,0,0,0,26.86,17.96,61.05,1.0,0.0,0.0,0.426,28.09,24.14,56.57,1.75,2.0,0.25,0.47,-3.94,0.04,1.48,3.0,-0.062,-2.0,-14.67,0.22,2.42,2.982,-1.484,-1.031,-0.423,0.1
Zone_03,18,University_District,EVENT_SENSITIVE,7685,63,48.2,32.15,0.667,35.9,53.85,7,Normal,Good,1,2,1,22.92,18.0,62.53,4.0,0.0,0.0,0.364,25.7,21.88,57.58,2.75,2.0,0.25,0.432,9.23,17.9,-8.68,3.0,0.303,0.0,40.27,99.44,-13.88,4.183,-1.877,-0.4,2.327,-0.1
Zone_03,19,University_District,EVENT_SENSITIVE,7685,63,48.2,37.76,0.783,40.36,54.4,10,Normal,Good,1,0,0,32.15,35.9,53.85,7.0,2.0,1.0,0.667,27.92,25.96,56.21,3.75,4.0,0.5,0.507,5.61,4.46,0.55,3.0,0.116,2.0,17.45,12.42,1.02,4.913,1.186,0.326,2.08,0.0
Zone_03,20,University_District,EVENT_SENSITIVE,7685,63,63.0,34.13,0.542,24.87,58.88,8,Normal,Good,0,0,0,37.76,40.36,54.4,10.0,0.0,0.0,0.783,29.92,28.06,57.96,5.5,2.0,0.25,0.56,-3.63,-15.49,4.48,-2.0,-0.241,-2.0,-9.61,-38.38,8.24,4.441,8.51,4.193,-2.863,0.1
Zone_03,21,University_District,EVENT_SENSITIVE,7685,63,63.0,28.89,0.459,18.17,61.84,4,Normal,Good,0,0,0,34.13,24.87,58.88,8.0,0.0,0.0,0.542,31.74,29.78,57.42,7.25,2.0,0.25,0.589,-5.24,-6.7,2.96,-4.0,-0.083,0.0,-15.35,-26.94,5.03,3.759,2.507,3.924,-1.04,-0.1
Zone_03,22,University_District,EVENT_SENSITIVE,7685,63,63.0,30.45,0.483,17.18,60.37,5,Normal,Good,0,0,0,28.89,18.17,61.84,4.0,0.0,0.0,0.459,33.23,29.82,57.24,7.25,2.0,0.25,0.613,1.56,-0.99,-1.47,1.0,0.024,0.0,5.4,-5.45,-2.38,3.962,-6.868,-1.341,2.845,-0.3
Zone_03,23,University_District,EVENT_SENSITIVE,7685,63,63.0,32.72,0.519,28.92,58.5,3,Normal,Good,0,0,0,30.45,17.18,60.37,5.0,0.0,0.0,0.483,32.81,25.14,58.87,6.75,0.0,0.0,0.567,2.27,11.74,-1.87,-2.0,0.036,0.0,7.45,68.33,-3.1,4.258,-7.624,-2.717,2.087,0.0
Zone_03,24,University_District,EVENT_SENSITIVE,7685,63,55.44,40.63,0.733,38.12,56.26,11,Normal,Good,1,1,1,32.72,28.92,58.5,3.0,0.0,0.0,0.519,31.55,22.28,59.9,5.0,0.0,0.0,0.501,7.91,9.2,-2.24,8.0,0.214,0.0,24.17,31.81,-3.83,5.287,1.116,-0.267,-0.261,0.0
Zone_03,25,University_District,EVENT_SENSITIVE,7685,63,63.0,39.74,0.631,29.52,59.52,5,Normal,Good,0,0,0,40.63,38.12,56.26,11.0,1.0,1.0,0.733,33.17,25.6,59.24,5.75,1.0,0.25,0.548,-0.89,-8.6,3.26,-6.0,-0.102,1.0,-2.19,-22.56,5.79,5.171,7.159,3.749,-1.861,0.3
Zone_03,26,University_District,EVENT_SENSITIVE,7685,63,52.16,35.78,0.686,36.14,49.36,4,Light Rain,Moderate,0,0,0,39.74,29.52,59.52,5.0,0.0,0.0,0.631,35.89,28.44,58.66,6.0,1.0,0.25,0.592,-3.96,6.62,-10.16,-1.0,0.055,-1.0,-9.96,22.43,-17.07,4.656,4.622,3.578,-0.479,0.1
Zone_03,27,University_District,EVENT_SENSITIVE,7685,63,63.0,38.2,0.606,30.63,53.69,2,Normal,Good,0,0,0,35.78,36.14,49.36,4.0,0.0,0.0,0.686,37.22,33.17,55.91,5.75,1.0,0.25,0.642,2.42,-5.51,4.33,-2.0,-0.08,0.0,6.76,-15.25,8.77,4.971,1.306,0.829,-2.416,-0.1
Zone_03,28,University_District,EVENT_SENSITIVE,7685,63,63.0,34.5,0.548,24.53,57.44,2,Normal,Good,0,0,0,38.2,30.63,53.69,2.0,0.0,0.0,0.606,38.59,33.6,54.71,5.5,1.0,0.25,0.664,-3.7,-6.1,3.75,0.0,-0.058,0.0,-9.69,-19.92,6.98,4.489,-1.585,-1.125,-1.787,-0.3
Zone_03,29,University_District,EVENT_SENSITIVE,7685,63,63.0,27.21,0.432,20.88,62.84,2,Normal,Good,0,0,0,34.5,24.53,57.44,2.0,0.0,0.0,0.548,37.06,30.2,55.0,3.25,0.0,0.0,0.618,-7.29,-3.65,5.4,0.0,-0.116,0.0,-21.13,-14.88,9.4,3.541,-2.048,-1.33,-0.191,0.0
Zone_03,30,University_District,EVENT_SENSITIVE,7685,63,63.0,27.83,0.442,15.49,62.87,2,Normal,Good,0,1,1,27.21,20.88,62.84,2.0,0.0,0.0,0.432,33.92,28.04,55.83,2.5,0.0,0.0,0.568,0.62,-5.39,0.03,0.0,0.01,0.0,2.28,-25.81,0.05,3.621,-5.188,-2.941,4.419,0.0
Zone_03,31,University_District,EVENT_SENSITIVE,7685,63,52.16,29.7,0.569,33.96,49.84,3,Light Rain,Moderate,0,0,0,27.83,15.49,62.87,2.0,1.0,1.0,0.442,31.94,22.88,59.21,2.0,1.0,0.25,0.507,1.87,18.47,-13.03,1.0,0.127,1.0,6.72,119.24,-20.73,3.865,-4.907,-3.84,3.294,0.3
Zone_03,32,University_District,EVENT_SENSITIVE,7685,63,52.16,26.9,0.516,26.54,53.69,3,Light Rain,Moderate,0,0,0,29.7,33.96,49.84,3.0,0.0,0.0,0.569,29.81,23.72,58.25,2.25,1.0,0.25,0.498,-2.8,-7.42,3.85,0.0,-0.053,-1.0,-9.43,-21.85,7.72,3.5,2.29,-1.378,-2.277,0.1
Zone_03,33,University_District,EVENT_SENSITIVE,7685,63,52.16,30.93,0.593,30.61,51.46,2,Light Rain,Moderate,0,0,0,26.9,26.54,53.69,3.0,0.0,0.0,0.516,27.91,24.22,57.31,2.5,1.0,0.25,0.49,4.03,4.07,-2.23,-1.0,0.077,0.0,14.98,15.34,-4.15,4.025,3.545,0.094,-4.048,-0.1
Zone_03,34,University_District,EVENT_SENSITIVE,7685,63,52.16,31.39,0.602,32.7,49.65,5,Light Rain,Moderate,0,0,0,30.93,30.61,51.46,2.0,0.0,0.0,0.593,28.84,26.65,54.46,2.5,1.0,0.25,0.53,0.46,2.09,-1.81,3.0,0.009,0.0,1.49,6.83,-3.52,4.085,3.794,0.65,-3.038,-0.3
Zone_03,35,University_District,EVENT_SENSITIVE,7685,63,36.86,30.0,0.814,62.27,23.24,6,Heavy Rain,Poor,0,3,1,31.39,32.7,49.65,5.0,0.0,0.0,0.602,29.73,30.95,51.16,3.25,0.0,0.0,0.57,-1.39,29.57,-26.41,1.0,0.212,0.0,-4.43,90.43,-53.19,3.904,0.029,0.91,-0.28,0.0
Zone_03,36,University_District,EVENT_SENSITIVE,7685,63,63.0,29.44,0.467,24.39,61.19,1,Normal,Good,0,0,0,30.0,62.27,23.24,6.0,3.0,1.0,0.814,29.8,38.03,44.51,4.0,3.0,0.25,0.631,-0.56,-37.88,37.95,-5.0,-0.347,3.0,-1.87,-60.83,163.3,3.831,10.928,0.976,-9.316,0.3
Zone_03,37,University_District,EVENT_SENSITIVE,7685,63,63.0,24.77,0.393,17.65,61.62,0,Normal,Good,0,0,0,29.44,24.39,61.19,1.0,0.0,0.0,0.467,30.44,37.49,46.38,3.5,3.0,0.25,0.619,-4.67,-6.74,0.43,-1.0,-0.074,-3.0,-15.86,-27.63,0.7,3.223,1.091,-0.586,0.278,0.1
Zone_03,38,University_District,EVENT_SENSITIVE,7685,63,63.0,25.57,0.406,12.45,62.47,1,Normal,Good,0,0,0,24.77,17.65,61.62,0.0,0.0,0.0,0.393,28.9,34.25,48.92,3.0,3.0,0.25,0.569,0.8,-5.2,0.85,1.0,0.013,0.0,3.23,-29.46,1.38,3.327,-8.303,-2.042,7.386,-0.1
Zone_03,39,University_District,EVENT_SENSITIVE,7685,63,63.0,31.65,0.502,23.0,58.81,4,Normal,Good,0,0,0,25.57,12.45,62.47,1.0,0.0,0.0,0.406,27.44,29.19,52.13,2.0,3.0,0.25,0.52,6.08,10.55,-3.66,3.0,0.096,0.0,23.78,84.74,-5.86,4.118,-15.62,-1.796,11.812,-0.3
Zone_03,40,University_District,EVENT_SENSITIVE,7685,63,63.0,28.14,0.447,17.35,61.47,3,Normal,Good,0,0,0,31.65,23.0,58.81,4.0,0.0,0.0,0.502,27.86,19.37,61.02,1.5,0.0,0.0,0.442,-3.51,-5.65,2.66,-1.0,-0.055,0.0,-11.09,-24.57,4.52,3.662,-0.937,0.743,-0.629,0.0
Zone_03,41,University_District,EVENT_SENSITIVE,7685,63,52.16,28.79,0.552,27.35,51.65,4,Light Rain,Moderate,0,0,0,28.14,17.35,61.47,3.0,0.0,0.0,0.447,27.53,17.61,61.09,2.0,0.0,0.0,0.437,0.65,10.0,-9.82,1.0,0.105,0.0,2.31,57.64,-15.98,3.746,0.965,1.619,-0.411,0.0
Zone_03,42,University_District,EVENT_SENSITIVE,7685,63,55.44,39.64,0.715,39.98,53.12,11,Normal,Good,1,0,0,28.79,27.35,51.65,4.0,0.0,0.0,0.552,28.54,20.04,58.6,3.0,0.0,0.0,0.477,10.85,12.63,1.47,7.0,0.163,0.0,37.69,46.18,2.85,5.158,3.905,0.615,-2.98,0.0
Zone_03,43,University_District,EVENT_SENSITIVE,7685,63,63.0,40.72,0.646,31.47,56.77,2,Normal,Good,0,0,0,39.64,39.98,53.12,11.0,0.0,0.0,0.715,32.06,26.92,56.26,5.5,0.0,0.0,0.554,1.08,-8.51,3.65,-9.0,-0.069,0.0,2.72,-21.29,6.87,5.299,6.094,2.462,-2.689,0.0
Zone_03,44,University_District,EVENT_SENSITIVE,7685,63,63.0,31.73,0.504,23.66,59.56,7,Normal,Good,0,0,0,40.72,31.47,56.77,2.0,0.0,0.0,0.646,34.32,29.04,55.75,5.0,0.0,0.0,0.59,-8.99,-7.81,2.79,5.0,-0.142,0.0,-22.08,-24.82,4.91,4.129,5.499,4.859,-1.263,0.0
Zone_03,45,University_District,EVENT_SENSITIVE,7685,63,63.0,31.08,0.493,25.41,59.94,8,Normal,Good,0,0,0,31.73,23.66,59.56,7.0,0.0,0.0,0.504,35.22,30.62,55.28,6.0,0.0,0.0,0.604,-0.65,1.75,0.38,1.0,-0.011,0.0,-2.05,7.4,0.64,4.044,-1.958,0.99,2.738,0.0
Zone_03,46,University_District,EVENT_SENSITIVE,7685,63,52.16,31.02,0.595,34.16,46.94,2,Light Rain,Moderate,0,0,0,31.08,25.41,59.94,8.0,0.0,0.0,0.493,35.79,30.13,57.35,7.0,0.0,0.0,0.59,-0.06,8.75,-13.0,-6.0,0.102,0.0,-0.19,34.44,-21.69,4.036,-5.152,-3.467,2.325,0.0
Zone_03,47,University_District,EVENT_SENSITIVE,7685,63,52.16,35.24,0.676,37.26,49.03,5,Light Rain,Moderate,0,0,0,31.02,34.16,46.94,2.0,0.0,0.0,0.595,33.64,28.67,55.8,4.75,0.0,0.0,0.56,4.22,3.1,2.09,3.0,0.081,0.0,13.6,9.07,4.45,4.586,0.982,-2.975,-2.911,0.0
Zone_03,48,University_District,EVENT_SENSITIVE,7685,63,52.16,34.11,0.654,38.6,47.38,6,Light Rain,Moderate,0,0,0,35.24,37.26,49.03,5.0,0.0,0.0,0.676,32.27,30.12,53.87,5.5,0.0,0.0,0.567,-1.13,1.34,-1.65,1.0,-0.022,0.0,-3.21,3.6,-3.37,4.439,4.955,1.047,-4.459,0.0
Zone_03,49,University_District,EVENT_SENSITIVE,7685,63,63.0,27.51,0.437,19.18,56.44,2,Normal,Good,0,0,0,34.11,38.6,47.38,6.0,0.0,0.0,0.654,32.86,33.86,50.82,5.25,0.0,0.0,0.604,-6.6,-19.42,9.06,-4.0,-0.217,0.0,-19.35,-50.31,19.12,3.58,4.267,1.331,-3.559,0.0
Zone_03,50,University_District,EVENT_SENSITIVE,7685,63,52.16,27.66,0.53,26.96,49.78,3,Light Rain,Moderate,0,0,0,27.51,19.18,56.44,2.0,0.0,0.0,0.437,31.97,32.3,49.95,3.75,0.0,0.0,0.59,0.15,7.78,-6.66,1.0,0.093,0.0,0.55,40.56,-11.8,3.599,-4.36,-1.166,2.685,0.0
Zone_03,51,University_District,EVENT_SENSITIVE,7685,63,52.16,26.95,0.517,27.26,51.98,5,Light Rain,Moderate,0,0,0,27.66,26.96,49.78,3.0,0.0,0.0,0.53,31.13,30.5,50.66,4.0,0.0,0.0,0.574,-0.71,0.3,2.2,2.0,-0.013,0.0,-2.57,1.11,4.42,3.507,-5.032,-2.934,1.131,0.0
Zone_03,52,University_District,EVENT_SENSITIVE,7685,63,52.16,27.82,0.533,24.77,47.64,1,Light Rain,Moderate,0,0,0,26.95,27.26,51.98,5.0,0.0,0.0,0.517,29.06,28.0,51.4,4.0,0.0,0.0,0.534,0.87,-2.49,-4.34,-4.0,0.016,0.0,3.23,-9.13,-8.35,3.62,-2.624,-2.133,0.714,0.0
Zone_04,1,Highway_Junction,GRADUAL_DETERIORATION,2415,72,72.0,12.46,0.173,8.23,64.79,3,Normal,Good,0,0,0,,,,,,,,,,,,,,,,,,,,,,,,5.159,,,,
Zone_04,2,Highway_Junction,GRADUAL_DETERIORATION,2415,72,72.0,9.49,0.132,10.83,67.17,6,Normal,Good,0,0,0,12.46,8.23,64.79,3.0,0.0,0.0,0.173,,,,,,,,-2.97,2.6,2.38,3.0,-0.041,,-23.84,31.59,3.67,3.93,,,,
Zone_04,3,Highway_Junction,GRADUAL_DETERIORATION,2415,72,72.0,8.7,0.121,10.1,65.04,5,Normal,Good,0,0,0,9.49,10.83,67.17,6.0,0.0,0.0,0.132,,,,,,,,-0.79,-0.73,-2.13,-1.0,-0.011,0.0,-8.32,-6.74,-3.17,3.602,,,,
Zone_04,4,Highway_Junction,GRADUAL_DETERIORATION,2415,72,72.0,7.62,0.106,5.66,64.37,3,Normal,Good,0,0,0,8.7,10.1,65.04,5.0,0.0,0.0,0.121,,,,,,,,-1.08,-4.44,-0.67,-2.0,-0.015,0.0,-12.41,-43.96,-1.03,3.155,,,,
Zone_04,5,Highway_Junction,GRADUAL_DETERIORATION,2415,72,72.0,8.04,0.112,8.62,64.72,1,Normal,Good,0,0,0,7.62,5.66,64.37,3.0,0.0,0.0,0.106,9.57,8.7,65.34,4.25,0.0,0.0,0.133,0.42,2.96,0.35,-2.0,0.006,0.0,5.51,52.3,0.54,3.329,-0.844,-1.531,-0.339,0.0
Zone_04,6,Highway_Junction,GRADUAL_DETERIORATION,2415,72,72.0,11.6,0.161,9.8,66.21,5,Normal,Good,0,0,0,8.04,8.62,64.72,1.0,0.0,0.0,0.112,8.46,8.8,65.32,3.75,0.0,0.0,0.118,3.56,1.18,1.49,4.0,0.049,0.0,44.28,13.69,2.3,4.803,-1.107,-0.543,-0.802,0.0
Zone_04,7,Highway_Junction,GRADUAL_DETERIORATION,2415,72,72.0,21.65,0.301,16.63,60.62,2,Normal,Good,0,0,0,11.6,9.8,66.21,5.0,0.0,0.0,0.161,8.99,8.54,65.09,3.5,0.0,0.0,0.125,10.05,6.83,-5.59,-3.0,0.14,0.0,86.64,69.69,-8.44,8.965,0.206,0.912,0.386,0.0
Zone_04,8,Highway_Junction,GRADUAL_DETERIORATION,2415,72,72.0,26.32,0.366,13.53,60.98,2,Normal,Good,0,0,0,21.65,16.63,60.62,2.0,0.0,0.0,0.301,12.23,10.18,63.98,2.75,0.0,0.0,0.17,4.67,-3.1,0.36,0.0,0.065,0.0,21.57,-18.64,0.59,10.899,3.409,4.565,-0.976,0.0
Zone_04,9,Highway_Junction,GRADUAL_DETERIORATION,2415,72,72.0,16.07,0.223,9.21,61.67,6,Normal,Good,0,0,0,26.32,13.53,60.98,2.0,0.0,0.0,0.366,16.9,12.14,63.13,2.5,0.0,0.0,0.235,-10.25,-4.32,0.69,4.0,-0.143,0.0,-38.94,-31.93,1.13,6.654,2.156,6.489,-1.681,0.0
Zone_04,10,Highway_Junction,GRADUAL_DETERIORATION,2415,72,72.0,20.48,0.284,10.97,61.12,2,Normal,Good,0,0,0,16.07,9.21,61.67,6.0,0.0,0.0,0.223,18.91,12.29,62.37,3.75,0.0,0.0,0.263,4.41,1.76,-0.55,-4.0,0.061,0.0,27.44,19.11,-0.89,8.48,-0.487,1.808,-1.326,0.0
Zone_04,11,Highway_Junction,GRADUAL_DETERIORATION,2415,72,72.0,17.23,0.239,7.45,64.26,7,Normal,Good,0,0,0,20.48,10.97,61.12,2.0,0.0,0.0,0.284,21.13,12.58,61.1,3.0,0.0,0.0,0.294,-3.25,-3.52,3.14,5.0,-0.045,0.0,-15.87,-32.09,5.14,7.135,-2.13,-1.376,0.219,0.0
Zone_04,12,Highway_Junction,GRADUAL_DETERIORATION,2415,72,72.0,16.31,0.227,11.22,62.48,1,Normal,Good,0,0,0,17.23,7.45,64.26,7.0,0.0,0.0,0.239,20.02,10.29,62.01,4.25,0.0,0.0,0.278,-0.92,3.77,-1.78,-6.0,-0.012,0.0,-5.34,50.6,-2.77,6.754,-1.648,-2.286,0.929,0.0
Zone_04,13,Highway_Junction,GRADUAL_DETERIORATION,2415,72,72.0,9.1,0.126,6.66,62.9,2,Normal,Good,0,0,0,16.31,11.22,62.48,1.0,0.0,0.0,0.227,17.52,9.71,62.38,4.0,0.0,0.0,0.243,-7.21,-4.56,0.42,1.0,-0.101,0.0,-44.21,-40.64,0.67,3.768,0.251,-0.253,0.557,0.0
Zone_04,14,Highway_Junction,GRADUAL_DETERIORATION,2415,72,59.62,13.43,0.225,11.78,54.81,8,Light Rain,Moderate,0,1,1,9.1,6.66,62.9,2.0,0.0,0.0,0.126,15.78,9.07,62.69,3.0,0.0,0.0,0.219,4.33,5.12,-8.09,6.0,0.099,0.0,47.58,76.88,-12.86,5.561,-0.916,-3.506,0.356,0.0
Zone_04,15,Highway_Junction,GRADUAL_DETERIORATION,2415,72,72.0,19.57,0.272,10.57,64.93,5,Normal,Good,0,0,0,13.43,11.78,54.81,8.0,1.0,1.0,0.225,14.02,9.28,61.11,4.5,1.0,0.25,0.204,6.14,-1.21,10.12,-3.0,0.047,1.0,45.72,-10.27,18.46,8.104,0.843,-1.861,-2.793,0.3
Zone_04,16,Highway_Junction,GRADUAL_DETERIORATION,2415,72,72.0,18.53,0.257,9.85,66.12,5,Normal,Good,0,0,0,19.57,10.57,64.93,5.0,0.0,0.0,0.272,14.6,10.06,61.28,4.0,1.0,0.25,0.213,-1.04,-0.72,1.19,0.0,-0.015,-1.0,-5.31,-6.81,1.83,7.673,0.317,1.411,-0.074,0.1
Zone_04,17,Highway_Junction,GRADUAL_DETERIORATION,2415,72,72.0,21.19,0.294,4.57,65.21,6,Normal,Good,0,0,0,18.53,9.85,66.12,5.0,0.0,0.0,0.257,15.16,9.72,62.19,5.0,1.0,0.25,0.22,2.66,-5.28,-0.91,1.0,0.037,0.0,14.36,-53.6,-1.38,8.774,0.836,3.443,1.978,-0.1
Zone_04,18,Highway_Junction,GRADUAL_DETERIORATION,2415,72,72.0,20.13,0.28,11.16,65.52,1,Normal,Good,0,0,0,21.19,4.57,65.21,6.0,0.0,0.0,0.294,18.18,9.19,62.77,6.0,1.0,0.25,0.262,-1.06,6.59,0.31,-5.0,-0.014,0.0,-5.0,144.2,0.48,8.335,-2.235,2.224,3.239,-0.3
Zone_04,19,Highway_Junction,GRADUAL_DETERIORATION,2415,72,72.0,15.39,0.214,10.78,60.3,4,Normal,Good,0,0,0,20.13,11.16,65.52,1.0,0.0,0.0,0.28,19.86,9.04,65.44,4.25,0.0,0.0,0.276,-4.74,-0.38,-5.22,3.0,-0.066,0.0,-23.55,-3.4,-7.97,6.373,-0.351,0.434,0.086,0.0
Zone_04,20,Highway_Junction,GRADUAL_DETERIORATION,2415,72,72.0,21.26,0.295,11.28,65.14,4,Normal,Good,0,0,0,15.39,10.78,60.3,4.0,0.0,0.0,0.214,18.81,9.09,64.29,4.0,0.0,0.0,0.261,5.87,0.5,4.84,0.0,0.081,0.0,38.14,4.64,8.03,8.803,0.938,-1.048,-1.715,0.0
Zone_04,21,Highway_Junction,GRADUAL_DETERIORATION,2415,72,72.0,15.22,0.211,11.47,62.87,6,Normal,Good,0,0,0,21.26,11.28,65.14,4.0,0.0,0.0,0.295,19.49,9.45,64.04,3.75,0.0,0.0,0.271,-6.04,0.19,-2.27,2.0,-0.084,0.0,-28.41,1.68,-3.48,6.302,1.975,-0.453,-0.543,0.0
Zone_04,22,Highway_Junction,GRADUAL_DETERIORATION,2415,72,72.0,21.34,0.296,7.84,63.99,5,Normal,Good,0,0,0,15.22,11.47,62.87,6.0,0.0,0.0,0.211,18.0,11.17,63.46,3.75,0.0,0.0,0.25,6.12,-3.63,1.12,-1.0,0.085,0.0,40.21,-31.65,1.78,8.836,0.143,-0.886,-0.311,0.0
Zone_04,23,Highway_Junction,GRADUAL_DETERIORATION,2415,72,72.0,9.73,0.135,1.73,63.41,3,Normal,Good,0,0,0,21.34,7.84,63.99,5.0,0.0,0.0,0.296,18.3,10.34,63.08,4.75,0.0,0.0,0.254,-11.61,-6.11,-0.58,-2.0,-0.161,0.0,-54.4,-77.93,-0.91,4.029,-0.863,1.181,0.88,0.0
Zone_04,24,Highway_Junction,GRADUAL_DETERIORATION,2415,72,72.0,6.0,0.083,5.57,59.62,3,Normal,Good,0,0,0,9.73,1.73,63.41,3.0,0.0,0.0,0.135,16.89,8.08,63.85,4.5,0.0,0.0,0.234,-3.73,3.84,-3.79,0.0,-0.052,0.0,-38.33,221.95,-5.98,2.484,-3.228,-2.847,-0.407,0.0
Zone_04,25,Highway_Junction,GRADUAL_DETERIORATION,2415,72,72.0,6.03,0.084,3.78,62.09,3,Normal,Good,0,1,1,6.0,5.57,59.62,3.0,0.0,0.0,0.083,13.07,6.65,62.47,4.25,0.0,0.0,0.181,0.03,-1.79,2.47,0.0,0.001,0.0,0.5,-32.14,4.14,2.497,-2.381,-3.927,-1.033,0.0
Zone_04,26,Highway_Junction,GRADUAL_DETERIORATION,2415,72,72.0,9.42,0.131,6.22,64.51,2,Normal,Good,0,0,0,6.03,3.78,62.09,3.0,1.0,1.0,0.084,10.77,4.73,62.28,3.5,1.0,0.25,0.15,3.39,2.44,2.42,-1.0,0.047,1.0,56.22,64.55,3.9,3.901,-0.834,-4.966,-0.949,0.3
Zone_04,27,Highway_Junction,GRADUAL_DETERIORATION,2415,72,72.0,12.11,0.168,9.42,60.92,2,Normal,Good,0,0,0,9.42,6.22,64.51,2.0,0.0,0.0,0.131,7.8,4.32,62.41,2.75,1.0,0.25,0.108,2.69,3.2,-3.59,0.0,0.037,-1.0,28.56,51.45,-5.57,5.014,1.168,-0.09,0.577,0.1
Zone_04,28,Highway_Junction,GRADUAL_DETERIORATION,2415,72,72.0,17.42,0.242,11.05,60.38,6,Normal,Good,0,0,0,12.11,9.42,60.92,2.0,0.0,0.0,0.168,8.39,6.25,61.79,2.5,1.0,0.25,0.116,5.31,1.63,-0.54,4.0,0.074,0.0,43.85,17.3,-0.89,7.213,1.399,2.172,0.632,-0.1
Zone_04,29,Highway_Junction,GRADUAL_DETERIORATION,2415,72,72.0,24.03,0.334,15.36,63.25,4,Normal,Good,0,0,0,17.42,11.05,60.38,6.0,0.0,0.0,0.242,11.24,7.62,61.98,3.25,1.0,0.25,0.156,6.61,4.31,2.87,-2.0,0.092,0.0,37.94,39.0,4.75,9.95,2.501,3.686,-0.872,-0.3
Zone_04,30,Highway_Junction,GRADUAL_DETERIORATION,2415,72,72.0,26.07,0.362,20.48,63.21,3,Normal,Good,0,0,0,24.03,15.36,63.25,4.0,0.0,0.0,0.334,15.74,10.51,62.27,3.5,0.0,0.0,0.219,2.04,5.12,-0.04,-1.0,0.028,0.0,8.49,33.33,-0.06,10.795,2.905,4.914,-0.432,0.0
Zone_04,31,Highway_Junction,GRADUAL_DETERIORATION,2415,72,42.12,24.55,0.583,42.16,32.54,8,Heavy Rain,Poor,0,0,0,26.07,20.48,63.21,3.0,0.0,0.0,0.362,19.91,14.08,61.94,3.75,0.0,0.0,0.276,-1.52,21.68,-30.67,5.0,0.221,0.0,-5.83,105.86,-48.52,10.166,3.749,4.849,0.974,0.0
Zone_04,32,Highway_Junction,GRADUAL_DETERIORATION,2415,72,42.12,18.64,0.443,28.18,35.61,1,Heavy Rain,Poor,0,1,1,24.55,42.16,32.54,8.0,0.0,0.0,0.583,23.02,22.26,54.84,5.25,0.0,0.0,0.38,-5.91,-13.98,3.07,-7.0,-0.14,0.0,-24.07,-33.16,9.43,7.718,9.845,2.343,-8.356,0.0
Zone_04,33,Highway_Junction,GRADUAL_DETERIORATION,2415,72,59.62,21.38,0.359,17.66,54.41,6,Light Rain,Moderate,0,0,0,18.64,28.18,35.61,1.0,1.0,1.0,0.443,23.32,26.54,48.65,4.0,1.0,0.25,0.43,2.74,-10.52,18.8,5.0,-0.084,1.0,14.7,-37.33,52.79,8.853,6.014,-1.769,-11.359,0.3
Zone_04,34,Highway_Junction,GRADUAL_DETERIORATION,2415,72,72.0,30.81,0.428,14.97,59.41,3,Normal,Good,0,0,0,21.38,17.66,54.41,6.0,0.0,0.0,0.359,22.66,27.12,46.44,4.5,1.0,0.25,0.437,9.43,-2.69,5.0,-3.0,0.069,-1.0,44.11,-15.23,9.19,12.758,-2.244,-1.998,-2.333,0.1
Zone_04,35,Highway_Junction,GRADUAL_DETERIORATION,2415,72,42.12,29.94,0.711,50.76,30.93,6,Heavy Rain,Poor,0,2,1,30.81,14.97,59.41,3.0,0.0,0.0,0.428,23.84,25.74,45.49,4.5,1.0,0.25,0.453,-0.87,35.79,-28.48,3.0,0.283,0.0,-2.82,239.08,-47.94,12.398,-9.209,2.152,9.941,-0.1
Zone_04,36,Highway_Junction,GRADUAL_DETERIORATION,2415,72,42.12,31.37,0.745,55.58,25.65,10,Heavy Rain,Poor,0,1,1,29.94,50.76,30.93,6.0,2.0,1.0,0.711,25.19,27.89,45.09,4.0,3.0,0.5,0.485,1.43,4.82,-5.28,4.0,0.034,2.0,4.78,9.5,-17.07,12.99,6.505,4.333,-0.904,0.0
Zone_04,37,Highway_Junction,GRADUAL_DETERIORATION,2415,72,72.0,26.45,0.367,13.72,62.18,6,Normal,Good,0,0,0,31.37,55.58,25.65,10.0,1.0,1.0,0.745,28.38,34.74,42.6,6.25,3.0,0.5,0.561,-4.92,-41.86,36.53,-4.0,-0.378,-1.0,-15.68,-75.31,142.42,10.952,14.955,2.91,-11.476,0.4
Zone_04,38,Highway_Junction,GRADUAL_DETERIORATION,2415,72,57.6,31.29,0.543,25.62,63.38,7,Normal,Good,1,0,0,26.45,13.72,62.18,6.0,0.0,0.0,0.367,29.64,33.76,44.54,6.25,3.0,0.5,0.563,4.84,11.9,1.2,1.0,0.176,-1.0,18.3,86.73,1.93,12.957,0.107,-1.165,0.303,0.0
Zone_04,39,Highway_Junction,GRADUAL_DETERIORATION,2415,72,57.6,42.22,0.733,39.7,53.05,14,Normal,Good,1,2,1,31.29,25.62,63.38,7.0,0.0,0.0,0.543,29.76,36.42,45.54,7.25,3.0,0.5,0.592,10.93,14.08,-10.33,7.0,0.19,0.0,34.93,54.96,-16.3,17.482,-11.728,-0.087,13.388,-0.4
Zone_04,40,Highway_Junction,GRADUAL_DETERIORATION,2415,72,57.6,44.33,0.77,47.58,50.17,8,Normal,Good,1,0,0,42.22,39.7,53.05,14.0,2.0,1.0,0.733,32.83,33.66,51.06,9.25,3.0,0.5,0.597,2.11,7.88,-2.88,-6.0,0.037,2.0,5.0,19.85,-5.43,18.356,-3.574,3.739,8.34,0.0
Zone_04,41,Highway_Junction,GRADUAL_DETERIORATION,2415,72,59.62,41.77,0.701,38.16,47.74,4,Light Rain,Moderate,0,0,0,44.33,47.58,50.17,8.0,0.0,0.0,0.77,36.07,31.66,57.2,8.75,2.0,0.25,0.603,-2.56,-9.42,-2.43,-4.0,-0.069,-2.0,-5.77,-19.8,-4.84,17.296,11.566,6.457,-4.636,0.1
Zone_04,42,Highway_Junction,GRADUAL_DETERIORATION,2415,72,72.0,40.45,0.562,26.67,59.14,5,Normal,Good,0,0,0,41.77,38.16,47.74,4.0,0.0,0.0,0.701,39.9,37.76,53.58,8.25,2.0,0.25,0.687,-1.32,-11.49,11.4,1.0,-0.139,0.0,-3.16,-30.11,23.88,16.749,4.55,3.355,-4.98,-0.1
Zone_04,43,Highway_Junction,GRADUAL_DETERIORATION,2415,72,72.0,41.21,0.572,29.64,54.78,13,Normal,Good,0,1,1,40.45,26.67,59.14,5.0,0.0,0.0,0.562,42.19,38.03,52.53,7.75,2.0,0.25,0.692,0.76,2.97,-4.36,8.0,0.01,0.0,1.88,11.14,-7.37,17.064,-4.851,-0.787,1.584,-0.3
Zone_04,44,Highway_Junction,GRADUAL_DETERIORATION,2415,72,72.0,39.94,0.555,27.44,55.73,7,Normal,Good,0,0,0,41.21,29.64,54.78,13.0,1.0,1.0,0.572,41.94,35.51,52.96,7.5,1.0,0.25,0.651,-1.27,-2.2,0.95,-6.0,-0.017,1.0,-3.08,-7.42,1.73,16.538,-6.531,-1.068,2.523,0.3
Zone_04,45,Highway_Junction,GRADUAL_DETERIORATION,2415,72,59.62,34.48,0.578,33.52,50.61,5,Light Rain,Moderate,0,0,0,39.94,27.44,55.73,7.0,0.0,0.0,0.555,40.84,30.48,54.35,7.25,1.0,0.25,0.598,-5.46,6.08,-5.12,-2.0,0.023,-1.0,-13.67,22.16,-9.19,14.277,-2.919,-0.473,1.961,0.1
Zone_04,46,Highway_Junction,GRADUAL_DETERIORATION,2415,72,72.0,27.74,0.385,14.96,61.34,5,Normal,Good,0,0,0,34.48,33.52,50.61,5.0,0.0,0.0,0.578,39.02,29.32,55.06,7.5,1.0,0.25,0.567,-6.74,-18.56,10.73,0.0,-0.193,0.0,-19.55,-55.37,21.2,11.487,1.835,-1.918,-2.464,-0.1
Zone_04,47,Highway_Junction,GRADUAL_DETERIORATION,2415,72,72.0,32.76,0.455,17.69,63.21,3,Normal,Good,0,0,0,27.74,14.96,61.34,5.0,0.0,0.0,0.385,35.84,26.39,55.62,7.5,1.0,0.25,0.523,5.02,2.73,1.87,-2.0,0.07,0.0,18.1,18.25,3.05,13.565,-3.796,-4.587,1.456,-0.3
Zone_04,48,Highway_Junction,GRADUAL_DETERIORATION,2415,72,59.62,25.34,0.425,20.97,53.41,4,Light Rain,Moderate,0,0,0,32.76,17.69,63.21,3.0,0.0,0.0,0.455,33.73,23.4,57.72,5.0,0.0,0.0,0.493,-7.42,3.28,-9.8,1.0,-0.03,0.0,-22.65,18.54,-15.5,10.493,-4.781,-2.828,3.317,0.0
Zone_04,49,Highway_Junction,GRADUAL_DETERIORATION,2415,72,72.0,23.5,0.326,14.5,58.64,3,Normal,Good,0,0,0,25.34,20.97,53.41,4.0,0.0,0.0,0.425,30.08,21.78,57.14,4.25,0.0,0.0,0.461,-1.84,-6.47,5.23,-1.0,-0.099,0.0,-7.26,-30.85,9.79,9.731,-3.492,-2.24,1.027,0.0
Zone_04,50,Highway_Junction,GRADUAL_DETERIORATION,2415,72,59.62,23.18,0.389,19.0,53.32,5,Light Rain,Moderate,0,0,0,23.5,14.5,58.64,3.0,0.0,0.0,0.326,27.34,17.03,59.15,3.75,0.0,0.0,0.398,-0.32,4.5,-5.32,2.0,0.063,0.0,-1.36,31.03,-9.07,9.598,0.19,-2.014,-1.79,0.0
Zone_04,51,Highway_Junction,GRADUAL_DETERIORATION,2415,72,59.62,26.53,0.445,20.18,56.14,5,Light Rain,Moderate,0,0,0,23.18,19.0,53.32,5.0,0.0,0.0,0.389,26.19,18.04,57.14,3.75,0.0,0.0,0.399,3.35,1.18,2.82,0.0,0.056,0.0,14.45,6.21,5.29,10.986,-0.254,-3.058,-2.444,0.0
Zone_04,52,Highway_Junction,GRADUAL_DETERIORATION,2415,72,59.62,21.6,0.362,17.99,48.64,8,Light Rain,Moderate,0,1,1,26.53,20.18,56.14,5.0,0.0,0.0,0.445,24.64,18.66,55.38,4.25,0.0,0.0,0.396,-4.93,-2.19,-7.5,3.0,-0.083,0.0,-18.58,-10.85,-13.36,8.944,0.213,0.325,0.287,0.0
Zone_05,1,Commercial_Downtown,GRADUAL_IMPROVEMENT,8343,66,66.0,28.38,0.43,18.67,63.03,3,Normal,Good,0,0,0,,,,,,,,,,,,,,,,,,,,,,,,3.402,,,,
Zone_05,2,Commercial_Downtown,GRADUAL_IMPROVEMENT,8343,66,66.0,30.09,0.456,21.35,59.25,10,Normal,Good,0,0,0,28.38,18.67,63.03,3.0,0.0,0.0,0.43,,,,,,,,1.71,2.68,-3.78,7.0,0.026,,6.03,14.35,-6.0,3.607,,,,
Zone_05,3,Commercial_Downtown,GRADUAL_IMPROVEMENT,8343,66,66.0,31.31,0.474,21.72,58.02,9,Normal,Good,0,0,0,30.09,21.35,59.25,10.0,0.0,0.0,0.456,,,,,,,,1.22,0.37,-1.23,-1.0,0.018,0.0,4.05,1.73,-2.08,3.753,,,,
Zone_05,4,Commercial_Downtown,GRADUAL_IMPROVEMENT,8343,66,66.0,38.26,0.58,27.36,56.95,3,Normal,Good,0,0,0,31.31,21.72,58.02,9.0,0.0,0.0,0.474,,,,,,,,6.95,5.64,-1.07,-6.0,0.106,0.0,22.2,25.97,-1.84,4.586,,,,
Zone_05,5,Commercial_Downtown,GRADUAL_IMPROVEMENT,8343,66,66.0,34.15,0.517,22.6,58.52,4,Normal,Good,0,0,0,38.26,27.36,56.95,3.0,0.0,0.0,0.58,32.01,22.28,59.31,6.25,0.0,0.0,0.485,-4.11,-4.76,1.57,1.0,-0.063,0.0,-10.74,-17.4,2.76,4.093,2.644,3.086,-1.947,0.0
Zone_05,6,Commercial_Downtown,GRADUAL_IMPROVEMENT,8343,66,66.0,36.43,0.552,28.27,58.78,6,Normal,Good,0,0,0,34.15,22.6,58.52,4.0,0.0,0.0,0.517,33.45,23.26,58.18,6.5,0.0,0.0,0.507,2.28,5.67,0.26,2.0,0.035,0.0,6.68,25.09,0.44,4.367,0.939,1.913,-0.326,0.0
Zone_05,7,Commercial_Downtown,GRADUAL_IMPROVEMENT,8343,66,66.0,33.41,0.506,21.04,59.7,2,Normal,Good,0,0,0,36.43,28.27,58.78,6.0,0.0,0.0,0.552,35.04,24.99,58.07,5.5,0.0,0.0,0.531,-3.02,-7.23,0.92,-4.0,-0.046,0.0,-8.29,-25.57,1.57,4.005,1.489,1.125,0.385,0.0
Zone_05,8,Commercial_Downtown,GRADUAL_IMPROVEMENT,8343,66,66.0,34.18,0.518,23.87,60.38,5,Normal,Good,0,0,0,33.41,21.04,59.7,2.0,0.0,0.0,0.506,35.56,24.82,58.49,3.75,0.0,0.0,0.539,0.77,2.83,0.68,3.0,0.012,0.0,2.3,13.45,1.14,4.097,-1.329,-1.227,0.851,0.0
Zone_05,9,Commercial_Downtown,GRADUAL_IMPROVEMENT,8343,66,66.0,30.08,0.456,20.66,59.03,5,Normal,Good,0,0,0,34.18,23.87,60.38,5.0,0.0,0.0,0.518,34.54,23.94,59.35,4.25,0.0,0.0,0.523,-4.1,-3.21,-1.35,0.0,-0.062,0.0,-12.0,-13.45,-2.24,3.605,-0.342,-0.293,0.65,0.0
Zone_05,10,Commercial_Downtown,GRADUAL_IMPROVEMENT,8343,66,66.0,27.22,0.412,14.41,60.46,3,Normal,Good,0,0,0,30.08,20.66,59.03,5.0,0.0,0.0,0.456,33.52,23.46,59.47,4.5,0.0,0.0,0.508,-2.86,-6.25,1.43,-2.0,-0.044,0.0,-9.51,-30.25,2.42,3.263,-2.0,-1.828,0.143,0.0
Zone_05,11,Commercial_Downtown,GRADUAL_IMPROVEMENT,8343,66,66.0,28.48,0.432,18.05,63.49,2,Normal,Good,0,0,0,27.22,14.41,60.46,3.0,0.0,0.0,0.412,31.22,20.0,59.89,3.75,0.0,0.0,0.473,1.26,3.64,3.03,-1.0,0.02,0.0,4.63,25.26,5.01,3.414,-2.31,-2.267,0.093,0.0
Zone_05,12,Commercial_Downtown,GRADUAL_IMPROVEMENT,8343,66,66.0,25.37,0.384,19.24,59.83,6,Normal,Good,0,0,0,28.48,18.05,63.49,2.0,0.0,0.0,0.432,29.99,19.25,60.84,3.75,0.0,0.0,0.454,-3.11,1.19,-3.66,4.0,-0.048,0.0,-10.92,6.59,-5.76,3.041,-2.371,-1.996,1.076,0.0
Zone_05,13,Commercial_Downtown,GRADUAL_IMPROVEMENT,8343,66,54.65,23.52,0.43,20.81,52.73,4,Light Rain,Moderate,0,0,0,25.37,19.24,59.83,6.0,0.0,0.0,0.384,27.79,18.09,60.7,4.0,0.0,0.0,0.421,-1.85,1.57,-7.1,-2.0,0.046,0.0,-7.29,8.16,-11.87,2.819,-0.062,-1.287,0.543,0.0
Zone_05,14,Commercial_Downtown,GRADUAL_IMPROVEMENT,8343,66,66.0,28.06,0.425,19.29,60.6,4,Normal,Good,0,0,0,23.52,20.81,52.73,4.0,0.0,0.0,0.43,26.15,18.13,59.13,3.75,0.0,0.0,0.414,4.54,-1.52,7.87,0.0,-0.005,0.0,19.3,-7.3,14.93,3.363,2.039,-1.421,-2.685,0.0
Zone_05,15,Commercial_Downtown,GRADUAL_IMPROVEMENT,8343,66,66.0,32.96,0.499,25.11,56.54,9,Normal,Good,0,0,0,28.06,19.29,60.6,4.0,0.0,0.0,0.425,26.36,19.35,59.16,4.0,0.0,0.0,0.418,4.9,5.82,-4.06,5.0,0.074,0.0,17.46,30.17,-6.7,3.951,0.529,-0.311,-1.577,0.0
Zone_05,16,Commercial_Downtown,GRADUAL_IMPROVEMENT,8343,66,54.65,33.16,0.607,36.31,46.13,4,Light Rain,Moderate,0,2,1,32.96,25.11,56.54,9.0,0.0,0.0,0.499,27.48,21.11,57.42,5.75,0.0,0.0,0.434,0.2,11.2,-10.41,-5.0,0.108,0.0,0.61,44.6,-18.41,3.975,1.609,2.731,-0.2,0.0
Zone_05,17,Commercial_Downtown,GRADUAL_IMPROVEMENT,8343,66,66.0,34.97,0.53,24.34,59.96,7,Normal,Good,0,0,0,33.16,36.31,46.13,4.0,2.0,1.0,0.607,29.42,25.38,54.0,5.25,2.0,0.25,0.49,1.81,-11.97,13.83,3.0,-0.077,2.0,5.46,-32.97,29.98,4.192,5.232,3.382,-2.386,0.3
Zone_05,18,Commercial_Downtown,GRADUAL_IMPROVEMENT,8343,66,56.1,36.75,0.655,34.29,56.74,10,Normal,Good,1,0,0,34.97,24.34,59.96,7.0,0.0,0.0,0.53,32.29,26.26,55.81,6.0,2.0,0.25,0.515,1.78,9.95,-3.22,3.0,0.125,-2.0,5.09,40.88,-5.37,4.405,2.635,2.093,-1.233,0.1
Zone_05,19,Commercial_Downtown,GRADUAL_IMPROVEMENT,8343,66,56.1,45.22,0.806,49.06,49.79,19,Normal,Good,1,1,1,36.75,34.29,56.74,10.0,0.0,0.0,0.655,34.46,30.01,54.84,7.5,2.0,0.25,0.573,8.47,14.77,-6.95,9.0,0.151,0.0,23.05,43.07,-12.25,5.42,1.557,1.318,1.443,-0.1
Zone_05,20,Commercial_Downtown,GRADUAL_IMPROVEMENT,8343,66,66.0,47.43,0.719,43.36,53.8,6,Normal,Good,0,0,0,45.22,49.06,49.79,19.0,1.0,1.0,0.806,37.52,36.0,53.16,10.0,3.0,0.5,0.65,2.21,-5.7,4.01,-13.0,-0.087,1.0,4.89,-11.62,8.05,5.685,4.82,3.796,0.776,0.0
Zone_05,21,Commercial_Downtown,GRADUAL_IMPROVEMENT,8343,66,66.0,44.32,0.672,33.4,54.97,6,Normal,Good,0,0,0,47.43,43.36,53.8,6.0,0.0,0.0,0.719,41.09,37.76,55.07,10.5,1.0,0.25,0.678,-3.11,-9.96,1.17,0.0,-0.047,-1.0,-6.56,-22.97,2.17,5.312,7.183,4.585,-2.543,0.1
Zone_05,22,Commercial_Downtown,GRADUAL_IMPROVEMENT,8343,66,66.0,49.01,0.743,37.36,56.82,7,Normal,Good,0,0,0,44.32,33.4,54.97,6.0,0.0,0.0,0.672,43.43,40.03,53.82,10.25,1.0,0.25,0.713,4.69,3.96,1.85,1.0,0.071,0.0,10.58,11.86,3.37,5.874,-0.837,2.492,-0.13,-0.1
Zone_05,23,Commercial_Downtown,GRADUAL_IMPROVEMENT,8343,66,66.0,47.63,0.722,39.74,56.65,5,Normal,Good,0,0,0,49.01,37.36,56.82,7.0,0.0,0.0,0.743,46.5,40.8,53.84,9.5,1.0,0.25,0.735,-1.38,2.38,-0.17,-2.0,-0.021,0.0,-2.82,6.37,-0.3,5.709,-4.506,0.826,2.226,-0.3
Zone_05,24,Commercial_Downtown,GRADUAL_IMPROVEMENT,8343,66,66.0,43.81,0.664,31.59,57.12,3,Normal,Good,0,0,0,47.63,39.74,56.65,5.0,0.0,0.0,0.722,47.1,38.47,55.56,6.0,0.0,0.0,0.714,-3.82,-8.15,0.47,-2.0,-0.058,0.0,-8.02,-20.51,0.83,5.251,-0.69,0.529,1.04,0.0
Zone_05,25,Commercial_Downtown,GRADUAL_IMPROVEMENT,8343,66,66.0,47.35,0.717,38.46,52.31,5,Normal,Good,0,0,0,43.81,31.59,57.12,3.0,0.0,0.0,0.664,46.19,35.52,56.39,5.25,0.0,0.0,0.7,3.54,6.87,-4.81,2.0,0.053,0.0,8.08,21.75,-8.42,5.675,-0.305,-0.291,0.628,0.0
Zone_05,26,Commercial_Downtown,GRADUAL_IMPROVEMENT,8343,66,66.0,37.7,0.571,25.16,56.55,3,Normal,Good,0,0,0,47.35,38.46,52.31,5.0,0.0,0.0,0.717,46.95,36.79,55.72,5.0,0.0,0.0,0.712,-9.65,-13.3,4.24,-2.0,-0.146,0.0,-20.38,-34.58,8.11,4.519,-0.485,-0.88,-1.306,0.0
Zone_05,27,Commercial_Downtown,GRADUAL_IMPROVEMENT,8343,66,66.0,36.19,0.548,26.86,58.36,5,Normal,Good,0,0,0,37.7,25.16,56.55,3.0,0.0,0.0,0.571,44.12,33.74,55.66,4.0,0.0,0.0,0.668,-1.51,1.7,1.81,2.0,-0.023,0.0,-4.01,6.76,3.2,4.338,-3.687,-2.625,-0.511,0.0
Zone_05,28,Commercial_Downtown,GRADUAL_IMPROVEMENT,8343,66,66.0,29.93,0.453,19.07,59.36,2,Normal,Good,0,0,0,36.19,26.86,58.36,5.0,0.0,0.0,0.548,41.26,30.52,56.08,4.0,0.0,0.0,0.625,-6.26,-7.79,1.0,-3.0,-0.095,0.0,-17.3,-29.0,1.71,3.587,-2.749,-3.251,0.796,0.0
Zone_05,29,Commercial_Downtown,GRADUAL_IMPROVEMENT,8343,66,66.0,28.08,0.425,18.16,62.61,4,Normal,Good,0,0,0,29.93,19.07,59.36,2.0,0.0,0.0,0.453,37.79,27.39,56.64,3.75,0.0,0.0,0.572,-1.85,-0.91,3.25,2.0,-0.028,0.0,-6.18,-4.77,5.48,3.366,-5.647,-5.377,2.296,0.0
Zone_05,30,Commercial_Downtown,GRADUAL_IMPROVEMENT,8343,66,66.0,25.5,0.386,16.59,62.14,4,Normal,Good,0,1,1,28.08,18.16,62.61,4.0,0.0,0.0,0.425,32.98,22.31,59.22,3.5,0.0,0.0,0.499,-2.58,-1.57,-0.47,0.0,-0.039,0.0,-9.19,-8.65,-0.75,3.056,-2.879,-3.512,1.918,0.0
Zone_05,31,Commercial_Downtown,GRADUAL_IMPROVEMENT,8343,66,54.65,30.13,0.551,32.99,44.33,6,Light Rain,Moderate,0,0,0,25.5,16.59,62.14,4.0,1.0,1.0,0.386,29.92,20.17,60.62,3.75,1.0,0.25,0.453,4.63,16.4,-17.81,2.0,0.165,1.0,18.16,98.85,-28.66,3.611,-3.172,-3.392,1.459,0.3
Zone_05,32,Commercial_Downtown,GRADUAL_IMPROVEMENT,8343,66,66.0,26.42,0.4,13.3,61.84,7,Normal,Good,0,0,0,30.13,32.99,44.33,6.0,0.0,0.0,0.551,28.41,21.7,57.11,4.0,1.0,0.25,0.454,-3.71,-19.69,17.51,1.0,-0.151,-1.0,-12.31,-59.68,39.5,3.167,4.019,-0.198,-4.556,0.1
Zone_05,33,Commercial_Downtown,GRADUAL_IMPROVEMENT,8343,66,38.61,31.01,0.803,54.05,23.2,8,Heavy Rain,Poor,0,3,1,26.42,13.3,61.84,7.0,0.0,0.0,0.4,27.53,20.26,57.73,5.25,1.0,0.25,0.44,4.59,40.75,-38.64,1.0,0.403,0.0,17.37,306.39,-62.48,3.717,0.182,-0.035,-2.012,-0.1
Zone_05,34,Commercial_Downtown,GRADUAL_IMPROVEMENT,8343,66,54.65,27.49,0.503,24.22,49.61,4,Light Rain,Moderate,0,0,0,31.01,54.05,23.2,8.0,3.0,1.0,0.803,28.26,29.23,47.88,6.25,4.0,0.5,0.535,-3.52,-29.83,26.41,-4.0,-0.3,3.0,-11.35,-55.19,113.84,3.295,9.269,1.282,-9.931,0.0
Zone_05,35,Commercial_Downtown,GRADUAL_IMPROVEMENT,8343,66,54.65,26.65,0.488,29.71,51.3,6,Light Rain,Moderate,0,0,0,27.49,24.22,49.61,4.0,0.0,0.0,0.503,28.76,31.14,44.74,6.25,3.0,0.25,0.564,-0.84,5.49,1.69,2.0,-0.015,-3.0,-3.06,22.67,3.41,3.194,1.444,-0.333,-2.28,0.1
Zone_05,36,Commercial_Downtown,GRADUAL_IMPROVEMENT,8343,66,38.61,28.8,0.746,54.85,25.91,7,Heavy Rain,Poor,0,1,1,26.65,29.71,51.3,6.0,0.0,0.0,0.488,27.89,30.32,46.49,6.25,3.0,0.25,0.548,2.15,25.14,-25.39,1.0,0.258,0.0,8.07,84.62,-49.49,3.452,1.94,-0.283,-0.521,-0.1
Zone_05,37,Commercial_Downtown,GRADUAL_IMPROVEMENT,8343,66,66.0,17.66,0.268,7.02,62.59,5,Normal,Good,0,0,0,28.8,54.85,25.91,7.0,1.0,1.0,0.746,28.49,40.71,37.5,6.25,4.0,0.5,0.635,-11.14,-47.83,36.68,-2.0,-0.478,1.0,-38.68,-87.2,141.57,2.117,0.789,-0.747,0.982,0.0
Zone_05,38,Commercial_Downtown,GRADUAL_IMPROVEMENT,8343,66,52.8,27.41,0.519,23.81,60.47,9,Normal,Good,1,0,0,17.66,7.02,62.59,5.0,0.0,0.0,0.268,25.15,28.95,47.35,5.5,1.0,0.25,0.501,9.75,16.79,-2.12,4.0,0.251,-1.0,55.21,239.17,-3.39,3.285,-2.646,-2.734,1.355,0.1
Zone_05,39,Commercial_Downtown,GRADUAL_IMPROVEMENT,8343,66,52.8,38.58,0.731,39.15,53.33,8,Normal,Good,1,0,0,27.41,23.81,60.47,9.0,0.0,0.0,0.519,25.13,28.85,50.07,6.75,1.0,0.25,0.505,11.17,15.34,-7.14,-1.0,0.212,0.0,40.75,64.43,-11.81,4.624,-6.553,-0.886,6.419,-0.1
Zone_05,40,Commercial_Downtown,GRADUAL_IMPROVEMENT,8343,66,52.8,42.32,0.802,46.73,52.31,16,Normal,Good,1,1,1,38.58,39.15,53.33,8.0,0.0,0.0,0.731,28.11,31.21,50.58,7.25,1.0,0.25,0.566,3.74,7.58,-1.02,8.0,0.071,0.0,9.69,19.36,-1.91,5.073,-3.031,3.909,8.014,-0.3
Zone_05,41,Commercial_Downtown,GRADUAL_IMPROVEMENT,8343,66,66.0,31.47,0.477,19.73,60.63,7,Normal,Good,0,0,0,42.32,46.73,52.31,16.0,1.0,1.0,0.802,31.49,29.18,57.18,9.5,1.0,0.25,0.58,-10.85,-27.0,8.32,-9.0,-0.325,1.0,-25.64,-57.78,15.91,3.772,13.447,8.515,-3.798,0.3
Zone_05,42,Commercial_Downtown,GRADUAL_IMPROVEMENT,8343,66,66.0,26.63,0.403,17.13,60.2,4,Normal,Good,0,0,0,31.47,19.73,60.63,7.0,0.0,0.0,0.477,34.94,32.35,56.68,10.0,1.0,0.25,0.632,-4.84,-2.6,-0.43,-3.0,-0.074,-1.0,-15.38,-13.18,-0.71,3.192,-0.466,1.592,-0.054,0.1
Zone_05,43,Commercial_Downtown,GRADUAL_IMPROVEMENT,8343,66,66.0,25.52,0.387,17.54,59.87,7,Normal,Good,0,0,0,26.63,17.13,60.2,4.0,0.0,0.0,0.403,34.75,30.68,56.62,8.75,1.0,0.25,0.603,-1.11,0.41,-0.33,3.0,-0.016,0.0,-4.17,2.39,-0.55,3.059,-9.306,-4.67,2.893,-0.1
Zone_05,44,Commercial_Downtown,GRADUAL_IMPROVEMENT,8343,66,66.0,20.13,0.305,11.12,65.12,4,Normal,Good,0,1,1,25.52,17.54,59.87,7.0,0.0,0.0,0.387,31.48,25.28,58.25,8.5,1.0,0.25,0.517,-5.39,-6.42,5.25,-3.0,-0.082,0.0,-21.12,-36.6,8.77,2.413,-9.017,-5.524,2.225,-0.3
Zone_05,45,Commercial_Downtown,GRADUAL_IMPROVEMENT,8343,66,66.0,25.1,0.38,19.13,59.63,6,Normal,Good,0,0,0,20.13,11.12,65.12,4.0,1.0,1.0,0.305,25.94,16.38,61.46,5.5,1.0,0.25,0.393,4.97,8.01,-5.49,2.0,0.075,1.0,24.69,72.03,-8.43,3.009,-2.542,-3.513,1.314,0.3
Zone_05,46,Commercial_Downtown,GRADUAL_IMPROVEMENT,8343,66,66.0,22.59,0.342,16.56,61.78,1,Normal,Good,0,0,0,25.1,19.13,59.63,6.0,0.0,0.0,0.38,24.35,16.23,61.2,5.25,1.0,0.25,0.369,-2.51,-2.57,2.15,-5.0,-0.038,-1.0,-10.0,-13.43,3.61,2.708,-0.042,-0.998,0.354,0.1
Zone_05,47,Commercial_Downtown,GRADUAL_IMPROVEMENT,8343,66,66.0,24.95,0.378,16.82,63.95,10,Normal,Good,0,0,0,22.59,16.56,61.78,1.0,0.0,0.0,0.342,23.34,16.09,61.6,4.5,1.0,0.25,0.354,2.36,0.26,2.17,9.0,0.036,0.0,10.45,1.57,3.51,2.991,0.507,-0.382,0.024,-0.1
Zone_05,48,Commercial_Downtown,GRADUAL_IMPROVEMENT,8343,66,54.65,18.24,0.334,20.09,50.28,4,Light Rain,Moderate,0,0,0,24.95,16.82,63.95,10.0,0.0,0.0,0.378,23.19,15.91,62.62,5.25,1.0,0.25,0.351,-6.71,3.27,-13.67,-6.0,-0.044,0.0,-26.89,19.44,-21.38,2.186,1.453,1.195,-0.136,-0.3
Zone_05,49,Commercial_Downtown,GRADUAL_IMPROVEMENT,8343,66,54.65,14.82,0.271,11.93,53.14,4,Light Rain,Moderate,0,0,0,18.24,20.09,50.28,4.0,0.0,0.0,0.334,22.72,18.15,58.91,5.25,0.0,0.0,0.359,-3.42,-8.16,2.86,0.0,-0.063,0.0,-18.75,-40.62,5.69,1.776,0.314,-1.822,-2.588,0.0
Zone_05,50,Commercial_Downtown,GRADUAL_IMPROVEMENT,8343,66,66.0,15.01,0.227,14.18,62.27,3,Normal,Good,0,0,0,14.82,11.93,53.14,4.0,0.0,0.0,0.271,20.15,16.35,57.29,4.75,0.0,0.0,0.331,0.19,2.25,9.13,-1.0,-0.044,0.0,1.28,18.86,17.18,1.799,-1.062,-3.002,-3.959,0.0
Zone_05,51,Commercial_Downtown,GRADUAL_IMPROVEMENT,8343,66,66.0,24.58,0.372,14.98,61.65,2,Normal,Good,0,0,0,15.01,14.18,62.27,3.0,0.0,0.0,0.227,18.26,15.76,57.41,5.25,0.0,0.0,0.302,9.57,0.8,-0.62,-1.0,0.145,0.0,63.76,5.64,-1.0,2.946,-1.608,-3.324,-0.218,0.0
Zone_05,52,Commercial_Downtown,GRADUAL_IMPROVEMENT,8343,66,54.65,24.42,0.447,15.54,50.52,3,Light Rain,Moderate,0,0,0,24.58,14.98,61.65,2.0,0.0,0.0,0.372,18.16,15.3,56.84,3.25,0.0,0.0,0.301,-0.16,0.56,-11.13,1.0,0.075,0.0,-0.65,3.74,-18.05,2.927,-1.308,1.921,4.324,0.0
Zone_06,1,University_District,STABLE,8747,86,86.0,32.69,0.38,13.87,63.17,2,Normal,Good,0,0,0,,,,,,,,,,,,,,,,,,,,,,,,3.737,,,,
Zone_06,2,University_District,STABLE,8747,86,86.0,27.29,0.317,16.58,63.37,8,Normal,Good,0,0,0,32.69,13.87,63.17,2.0,0.0,0.0,0.38,,,,,,,,-5.4,2.71,0.2,6.0,-0.063,,-16.52,19.54,0.32,3.12,,,,
Zone_06,3,University_District,STABLE,8747,86,86.0,20.95,0.244,9.95,66.24,3,Normal,Good,0,0,0,27.29,16.58,63.37,8.0,0.0,0.0,0.317,,,,,,,,-6.34,-6.63,2.87,-5.0,-0.073,0.0,-23.23,-39.99,4.53,2.395,,,,
Zone_06,4,University_District,STABLE,8747,86,71.21,31.58,0.443,20.71,50.77,4,Light Rain,Moderate,0,0,0,20.95,9.95,66.24,3.0,0.0,0.0,0.244,,,,,,,,10.63,10.76,-15.47,1.0,0.199,0.0,50.74,108.14,-23.35,3.61,,,,
Zone_06,5,University_District,STABLE,8747,86,86.0,35.92,0.418,15.63,65.09,6,Normal,Good,0,0,0,31.58,20.71,50.77,4.0,0.0,0.0,0.443,28.13,15.28,60.89,4.25,0.0,0.0,0.346,4.34,-5.08,14.32,2.0,-0.025,0.0,13.74,-24.53,28.21,4.107,1.389,-0.967,-3.433,0.0
Zone_06,6,University_District,STABLE,8747,86,86.0,32.97,0.383,18.82,63.35,4,Normal,Good,0,0,0,35.92,15.63,65.09,6.0,0.0,0.0,0.418,28.94,15.72,61.37,5.25,0.0,0.0,0.356,-2.95,3.19,-1.74,-2.0,-0.035,0.0,-8.21,20.41,-2.67,3.769,0.791,3.652,-1.031,0.0
Zone_06,7,University_District,STABLE,8747,86,86.0,30.58,0.356,12.64,64.19,4,Normal,Good,0,0,0,32.97,18.82,63.35,4.0,0.0,0.0,0.383,30.35,16.28,61.36,4.25,0.0,0.0,0.372,-2.39,-6.18,0.84,0.0,-0.027,0.0,-7.25,-32.84,1.33,3.496,2.153,4.04,0.565,0.0
Zone_06,8,University_District,STABLE,8747,86,86.0,35.96,0.418,17.23,61.79,5,Normal,Good,0,0,0,30.58,12.64,64.19,4.0,0.0,0.0,0.356,32.76,16.95,60.85,4.5,0.0,0.0,0.4,5.38,4.59,-2.4,1.0,0.062,0.0,17.59,36.31,-3.74,4.111,-2.102,-0.595,3.852,0.0
Zone_06,9,University_District,STABLE,8747,86,86.0,43.44,0.505,25.63,60.1,2,Normal,Good,0,0,0,35.96,17.23,61.79,5.0,0.0,0.0,0.418,33.86,16.08,63.6,4.75,0.0,0.0,0.394,7.48,8.4,-1.69,-3.0,0.087,0.0,20.8,48.75,-2.74,4.966,-0.138,-0.227,-0.906,0.0
Zone_06,10,University_District,STABLE,8747,86,86.0,33.05,0.384,15.39,62.72,4,Normal,Good,0,0,0,43.44,25.63,60.1,2.0,0.0,0.0,0.505,35.74,18.58,62.36,3.75,0.0,0.0,0.416,-10.39,-10.24,2.62,2.0,-0.121,0.0,-23.92,-39.95,4.36,3.778,2.502,3.679,-1.215,0.0
Zone_06,11,University_District,STABLE,8747,86,86.0,30.11,0.35,10.19,62.89,0,Normal,Good,0,0,0,33.05,15.39,62.72,4.0,0.0,0.0,0.384,35.76,17.72,62.2,3.75,0.0,0.0,0.416,-2.94,-5.2,0.17,-4.0,-0.034,0.0,-8.9,-33.79,0.27,3.442,1.665,1.489,-0.61,0.0
Zone_06,12,University_District,STABLE,8747,86,86.0,29.76,0.346,17.83,60.11,4,Normal,Good,0,0,0,30.11,10.19,62.89,0.0,0.0,0.0,0.35,35.64,17.11,61.88,2.75,0.0,0.0,0.414,-0.35,7.64,-2.78,4.0,-0.004,0.0,-1.16,74.97,-4.42,3.402,-3.136,-2.794,0.592,0.0
Zone_06,13,University_District,STABLE,8747,86,86.0,31.77,0.369,17.46,62.9,4,Normal,Good,0,0,0,29.76,17.83,60.11,4.0,0.0,0.0,0.346,34.09,17.26,61.46,2.5,0.0,0.0,0.396,2.01,-0.37,2.79,0.0,0.023,0.0,6.75,-2.08,4.64,3.632,-2.86,-4.398,0.02,0.0
Zone_06,14,University_District,STABLE,8747,86,86.0,33.54,0.39,12.81,61.81,2,Normal,Good,0,0,0,31.77,17.46,62.9,4.0,0.0,0.0,0.369,31.17,15.22,62.15,3.0,0.0,0.0,0.362,1.77,-4.65,-1.09,-2.0,0.021,0.0,5.57,-26.63,-1.73,3.834,1.385,-0.419,-0.224,0.0
Zone_06,15,University_District,STABLE,8747,86,86.0,38.55,0.448,24.33,56.69,4,Normal,Good,0,0,0,33.54,12.81,61.81,2.0,0.0,0.0,0.39,31.3,14.57,61.93,2.5,0.0,0.0,0.364,5.01,11.52,-5.12,2.0,0.058,0.0,14.94,89.93,-8.28,4.407,0.749,1.23,-0.045,0.0
Zone_06,16,University_District,STABLE,8747,86,86.0,39.75,0.462,20.99,61.21,1,Normal,Good,0,0,0,38.55,24.33,56.69,4.0,0.0,0.0,0.448,33.4,18.11,60.38,3.5,0.0,0.0,0.388,1.2,-3.34,4.52,-3.0,0.014,0.0,3.11,-13.73,7.97,4.544,1.485,2.814,-1.135,0.0
Zone_06,17,University_District,STABLE,8747,86,86.0,37.76,0.439,18.2,60.68,2,Normal,Good,0,0,0,39.75,20.99,61.21,1.0,0.0,0.0,0.462,35.9,18.9,60.65,2.75,0.0,0.0,0.417,-1.99,-2.79,-0.53,1.0,-0.023,0.0,-5.01,-13.29,-0.87,4.317,2.211,2.895,-1.019,0.0
Zone_06,18,University_District,STABLE,8747,86,73.1,39.67,0.543,25.76,57.61,11,Normal,Good,1,0,0,37.76,18.2,60.68,2.0,0.0,0.0,0.439,37.4,19.08,60.1,2.25,0.0,0.0,0.435,1.91,7.56,-3.07,9.0,0.104,0.0,5.06,41.54,-5.06,4.535,1.283,1.386,0.113,0.0
Zone_06,19,University_District,STABLE,8747,86,73.1,49.15,0.672,35.44,54.19,4,Normal,Good,1,0,0,39.67,25.76,57.61,11.0,0.0,0.0,0.543,38.93,22.32,59.05,4.5,0.0,0.0,0.473,9.48,9.68,-3.42,-7.0,0.129,0.0,23.9,37.58,-5.94,5.619,0.15,0.137,0.223,0.0
Zone_06,20,University_District,STABLE,8747,86,86.0,45.59,0.53,23.01,62.48,2,Normal,Good,0,0,0,49.15,35.44,54.19,4.0,0.0,0.0,0.672,41.58,25.1,58.42,4.5,0.0,0.0,0.529,-3.56,-12.43,8.29,-2.0,-0.142,0.0,-7.24,-35.07,15.3,5.212,5.091,3.011,-2.413,0.0
Zone_06,21,University_District,STABLE,8747,86,86.0,42.24,0.491,20.33,61.71,1,Normal,Good,0,0,0,45.59,23.01,62.48,2.0,0.0,0.0,0.53,43.04,25.6,58.74,4.75,0.0,0.0,0.546,-3.35,-2.68,-0.77,-1.0,-0.039,0.0,-7.35,-11.65,-1.23,4.829,2.411,3.297,0.198,0.0
Zone_06,22,University_District,STABLE,8747,86,86.0,39.47,0.459,25.63,56.92,5,Normal,Good,0,0,0,42.24,20.33,61.71,1.0,0.0,0.0,0.491,44.16,26.14,59.0,4.5,0.0,0.0,0.559,-2.77,5.3,-4.79,4.0,-0.032,0.0,-6.56,26.07,-7.76,4.512,-2.872,0.415,2.059,0.0
Zone_06,23,University_District,STABLE,8747,86,86.0,34.82,0.405,19.07,60.6,4,Normal,Good,0,0,0,39.47,25.63,56.92,5.0,0.0,0.0,0.459,44.11,26.1,58.82,3.0,0.0,0.0,0.538,-4.65,-6.56,3.68,-1.0,-0.054,0.0,-11.78,-25.59,6.47,3.981,-3.211,-3.239,0.742,0.0
Zone_06,24,University_District,STABLE,8747,86,86.0,38.42,0.447,20.49,60.09,4,Normal,Good,0,0,0,34.82,19.07,60.6,4.0,0.0,0.0,0.405,40.53,22.01,60.43,3.0,0.0,0.0,0.471,3.6,1.42,-0.51,0.0,0.042,0.0,10.34,7.45,-0.84,4.392,-0.652,-3.508,-1.043,0.0
Zone_06,25,University_District,STABLE,8747,86,86.0,29.86,0.347,14.35,58.76,2,Normal,Good,0,0,0,38.42,20.49,60.09,4.0,0.0,0.0,0.447,38.74,21.38,59.83,3.5,0.0,0.0,0.45,-8.56,-6.14,-1.33,-2.0,-0.1,0.0,-22.28,-29.97,-2.21,3.414,-0.608,-1.611,-0.118,0.0
Zone_06,26,University_District,STABLE,8747,86,86.0,30.41,0.354,15.13,63.93,1,Normal,Good,0,0,0,29.86,14.35,58.76,2.0,0.0,0.0,0.347,35.64,19.88,59.09,3.75,0.0,0.0,0.414,0.55,0.78,5.17,-1.0,0.007,0.0,1.84,5.44,8.8,3.477,-3.242,-2.523,0.501,0.0
Zone_06,27,University_District,STABLE,8747,86,86.0,33.01,0.384,13.86,63.74,0,Normal,Good,0,0,0,30.41,15.13,63.93,1.0,0.0,0.0,0.354,33.38,17.26,60.84,2.75,0.0,0.0,0.388,2.6,-1.27,-0.19,-1.0,0.03,0.0,8.55,-8.39,-0.3,3.774,-1.796,-2.179,0.866,0.0
Zone_06,28,University_District,STABLE,8747,86,86.0,33.39,0.388,14.85,61.18,4,Normal,Good,0,0,0,33.01,13.86,63.74,0.0,0.0,0.0,0.384,32.92,15.96,61.63,1.75,0.0,0.0,0.383,0.38,0.99,-2.56,4.0,0.004,0.0,1.15,7.14,-4.02,3.817,-1.911,-1.568,1.612,0.0
Zone_06,29,University_District,STABLE,8747,86,86.0,30.27,0.352,16.13,62.62,5,Normal,Good,0,1,1,33.39,14.85,61.18,4.0,0.0,0.0,0.388,31.67,14.55,61.9,1.75,0.0,0.0,0.368,-3.12,1.28,1.44,1.0,-0.036,0.0,-9.34,8.62,2.35,3.461,0.023,1.319,0.707,0.0
Zone_06,30,University_District,STABLE,8747,86,86.0,35.67,0.415,21.03,61.98,4,Normal,Good,0,0,0,30.27,16.13,62.62,5.0,1.0,1.0,0.352,31.77,14.99,62.87,2.5,1.0,0.25,0.369,5.4,4.9,-0.64,-1.0,0.063,1.0,17.84,30.38,-1.02,4.078,0.399,-0.004,-0.649,0.3
Zone_06,31,University_District,STABLE,8747,86,50.31,30.61,0.608,36.62,36.12,7,Heavy Rain,Poor,0,0,0,35.67,21.03,61.98,4.0,0.0,0.0,0.415,33.08,16.47,62.38,3.25,1.0,0.25,0.385,-5.06,15.59,-25.86,3.0,0.193,-1.0,-14.19,74.13,-41.72,3.499,2.279,0.486,-0.384,0.1
Zone_06,32,University_District,STABLE,8747,86,71.21,33.74,0.474,21.08,53.72,3,Light Rain,Moderate,0,0,0,30.61,36.62,36.12,7.0,0.0,0.0,0.608,32.48,22.16,55.47,5.0,1.0,0.25,0.441,3.13,-15.54,17.6,-4.0,-0.134,0.0,10.23,-42.44,48.73,3.857,7.021,-0.294,-7.582,-0.1
Zone_06,33,University_District,STABLE,8747,86,86.0,33.91,0.394,21.23,61.66,5,Normal,Good,0,0,0,33.74,21.08,53.72,3.0,0.0,0.0,0.474,32.57,23.72,53.61,4.75,1.0,0.25,0.462,0.17,0.15,7.94,2.0,-0.08,0.0,0.5,0.71,14.78,3.877,3.044,0.535,-5.256,-0.3
Zone_06,34,University_District,STABLE,8747,86,50.31,27.79,0.552,32.4,34.98,4,Heavy Rain,Poor,0,0,0,33.91,21.23,61.66,5.0,0.0,0.0,0.394,33.48,24.99,53.37,4.75,0.0,0.0,0.473,-6.12,11.17,-26.68,-1.0,0.158,0.0,-18.05,52.61,-43.27,3.177,-1.494,-0.215,1.664,0.0
Zone_06,35,University_District,STABLE,8747,86,86.0,30.5,0.355,15.03,65.6,0,Normal,Good,0,0,0,27.79,32.4,34.98,4.0,0.0,0.0,0.552,31.51,27.83,46.62,4.75,0.0,0.0,0.507,2.71,-17.37,30.62,-4.0,-0.197,0.0,9.75,-53.61,87.54,3.487,-1.251,-0.829,0.452,0.0
Zone_06,36,University_District,STABLE,8747,86,71.21,37.57,0.528,29.33,49.09,4,Light Rain,Moderate,0,0,0,30.5,15.03,65.6,0.0,0.0,0.0,0.355,31.48,22.44,53.99,3.0,0.0,0.0,0.444,7.07,14.3,-16.51,4.0,0.173,0.0,23.18,95.14,-25.17,4.295,-0.698,-1.584,0.896,0.0
Zone_06,37,University_District,STABLE,8747,86,71.21,36.69,0.515,25.93,51.31,2,Light Rain,Moderate,0,0,0,37.57,29.33,49.09,4.0,0.0,0.0,0.528,32.44,24.5,52.83,3.25,0.0,0.0,0.457,-0.88,-3.4,2.22,-2.0,-0.013,0.0,-2.34,-11.59,4.52,4.195,0.693,1.369,-0.709,0.0
Zone_06,38,University_District,STABLE,8747,86,86.0,32.45,0.377,20.03,63.56,2,Normal,Good,0,0,0,36.69,25.93,51.31,2.0,0.0,0.0,0.515,33.14,25.67,50.24,2.5,0.0,0.0,0.488,-4.24,-5.9,12.25,0.0,-0.138,0.0,-11.56,-22.75,23.87,3.71,-0.511,3.377,3.248,0.0
Zone_06,39,University_District,STABLE,8747,86,86.0,44.69,0.52,24.71,56.92,2,Normal,Good,0,0,0,32.45,20.03,63.56,2.0,0.0,0.0,0.377,34.3,22.58,57.39,2.0,0.0,0.0,0.444,12.24,4.68,-6.64,0.0,0.143,0.0,37.72,23.36,-10.45,5.109,1.16,0.497,-0.39,0.0
Zone_06,40,University_District,STABLE,8747,86,86.0,41.18,0.479,23.95,59.05,3,Normal,Good,0,0,0,44.69,24.71,56.92,2.0,0.0,0.0,0.52,37.85,25.0,55.22,2.5,0.0,0.0,0.485,-3.51,-0.76,2.13,1.0,-0.041,0.0,-7.85,-3.08,3.74,4.708,-1.976,1.712,3.574,0.0
Zone_06,41,University_District,STABLE,8747,86,86.0,46.04,0.535,23.92,57.7,5,Normal,Good,0,0,0,41.18,23.95,59.05,3.0,0.0,0.0,0.479,38.75,23.66,57.71,2.25,0.0,0.0,0.473,4.86,-0.03,-1.35,2.0,0.056,0.0,11.8,-0.13,-2.29,5.264,-0.126,2.571,1.658,0.0
Zone_06,42,University_District,STABLE,8747,86,71.21,41.38,0.581,32.22,49.08,6,Light Rain,Moderate,0,0,0,46.04,23.92,57.7,5.0,0.0,0.0,0.535,41.09,23.15,59.31,3.0,0.0,0.0,0.478,-4.66,8.3,-8.62,1.0,0.046,0.0,-10.12,34.7,-14.94,4.731,1.091,3.726,-1.545,0.0
Zone_06,43,University_District,STABLE,8747,86,86.0,38.45,0.447,20.01,62.05,3,Normal,Good,0,1,1,41.38,32.22,49.08,6.0,0.0,0.0,0.581,43.32,26.2,55.69,4.0,0.0,0.0,0.529,-2.93,-12.21,12.97,-3.0,-0.134,0.0,-7.08,-37.9,26.43,4.396,2.25,-0.507,-2.487,0.0
Zone_06,44,University_District,STABLE,8747,86,71.21,34.49,0.484,27.63,49.66,2,Light Rain,Moderate,0,0,0,38.45,20.01,62.05,3.0,1.0,1.0,0.447,41.76,25.02,56.97,4.25,1.0,0.25,0.51,-3.96,7.62,-12.39,-1.0,0.037,1.0,-10.3,38.08,-19.97,3.943,-0.352,-1.285,0.038,0.3
Zone_06,45,University_District,STABLE,8747,86,86.0,39.54,0.46,15.98,62.22,3,Normal,Good,0,0,0,34.49,27.63,49.66,2.0,0.0,0.0,0.484,40.09,25.94,54.62,4.0,1.0,0.25,0.512,5.05,-11.65,12.56,1.0,-0.024,-1.0,14.64,-42.16,25.29,4.52,-0.108,-3.758,-1.115,0.1
Zone_06,46,University_District,STABLE,8747,86,86.0,42.49,0.494,26.25,56.85,4,Normal,Good,0,0,0,39.54,15.98,62.22,3.0,0.0,0.0,0.46,38.47,23.96,55.75,3.5,1.0,0.25,0.493,2.95,10.27,-5.37,1.0,0.034,0.0,7.46,64.27,-8.63,4.858,-4.11,-0.948,2.703,-0.1
Zone_06,47,University_District,STABLE,8747,86,86.0,41.36,0.481,15.73,60.31,1,Normal,Good,0,0,0,42.49,26.25,56.85,4.0,0.0,0.0,0.494,38.74,22.47,57.7,3.0,1.0,0.25,0.471,-1.13,-10.52,3.46,-3.0,-0.013,0.0,-2.66,-40.08,6.09,4.728,0.707,1.717,-0.304,-0.3
Zone_06,48,University_District,STABLE,8747,86,71.21,47.38,0.665,37.51,45.84,9,Light Rain,Moderate,0,0,0,41.36,15.73,60.31,1.0,0.0,0.0,0.481,39.47,21.4,57.26,2.5,0.0,0.0,0.48,6.02,21.78,-14.47,8.0,0.184,0.0,14.56,138.46,-23.99,5.417,-2.543,2.356,2.658,0.0
Zone_06,49,University_District,STABLE,8747,86,71.21,41.07,0.577,35.63,48.33,4,Light Rain,Moderate,0,0,0,47.38,37.51,45.84,9.0,0.0,0.0,0.665,42.69,23.87,56.3,4.25,0.0,0.0,0.525,-6.31,-1.88,2.49,-5.0,-0.088,0.0,-13.32,-5.01,5.43,4.695,5.407,2.239,-4.568,0.0
Zone_06,50,University_District,STABLE,8747,86,86.0,39.62,0.461,24.19,58.09,6,Normal,Good,0,0,0,41.07,35.63,48.33,4.0,0.0,0.0,0.577,43.08,28.78,52.83,4.5,0.0,0.0,0.554,-1.45,-11.44,9.76,2.0,-0.116,0.0,-3.53,-32.11,20.19,4.53,4.992,0.176,-4.003,0.0
Zone_06,51,University_District,STABLE,8747,86,86.0,38.54,0.448,22.71,62.47,1,Normal,Good,0,0,0,39.62,24.19,58.09,6.0,0.0,0.0,0.461,42.36,28.26,53.14,5.0,0.0,0.0,0.546,-1.08,-1.48,4.38,-5.0,-0.013,0.0,-2.73,-6.12,7.54,4.406,2.35,-1.153,-0.417,0.0
Zone_06,52,University_District,STABLE,8747,86,71.21,34.76,0.488,28.17,49.6,5,Light Rain,Moderate,0,0,0,38.54,22.71,62.47,1.0,0.0,0.0,0.448,41.65,30.01,53.68,5.0,0.0,0.0,0.538,-3.78,5.46,-12.87,4.0,0.04,0.0,-9.81,24.04,-20.6,3.974,-5.584,-2.797,5.965,0.0
Zone_07,1,University_District,GRADUAL_DETERIORATION,7267,42,34.78,29.64,0.852,55.89,36.87,7,Light Rain,Moderate,0,2,1,,,,,,,,,,,,,,,,,,,,,,,,4.079,,,,
Zone_07,2,University_District,GRADUAL_DETERIORATION,7267,42,42.0,31.49,0.75,39.77,55.3,6,Normal,Good,0,0,0,29.64,55.89,36.87,7.0,2.0,1.0,0.852,,,,,,,,1.85,-16.12,18.43,-1.0,-0.102,,6.24,-28.84,49.99,4.333,,,,
Zone_07,3,University_District,GRADUAL_DETERIORATION,7267,42,34.78,32.43,0.932,64.75,33.68,8,Light Rain,Moderate,0,2,1,31.49,39.77,55.3,6.0,0.0,0.0,0.75,,,,,,,,0.94,24.98,-21.62,2.0,0.182,-2.0,2.99,62.81,-39.1,4.463,,,,
Zone_07,4,University_District,GRADUAL_DETERIORATION,7267,42,42.0,26.41,0.629,35.28,60.27,1,Normal,Good,0,0,0,32.43,64.75,33.68,8.0,2.0,1.0,0.932,,,,,,,,-6.02,-29.47,26.59,-7.0,-0.303,2.0,-18.56,-45.51,78.95,3.634,,,,
Zone_07,5,University_District,GRADUAL_DETERIORATION,7267,42,42.0,30.16,0.718,39.35,53.1,4,Normal,Good,0,0,0,26.41,35.28,60.27,1.0,0.0,0.0,0.629,29.99,48.92,46.53,5.5,4.0,0.5,0.791,3.75,4.07,-7.17,3.0,0.089,-2.0,14.2,11.54,-11.9,4.15,-3.685,-0.875,4.858,-0.2
Zone_07,6,University_District,GRADUAL_DETERIORATION,7267,42,42.0,32.9,0.783,44.29,53.54,4,Normal,Good,0,0,0,30.16,39.35,53.1,4.0,0.0,0.0,0.718,30.12,44.79,50.59,4.75,2.0,0.25,0.757,2.74,4.94,0.44,0.0,0.065,0.0,9.08,12.55,0.83,4.527,-3.073,-1.001,1.999,-0.1
Zone_07,7,University_District,GRADUAL_DETERIORATION,7267,42,42.0,35.54,0.846,49.02,53.52,3,Normal,Good,0,0,0,32.9,44.29,53.54,4.0,0.0,0.0,0.783,30.48,45.92,50.15,4.25,2.0,0.25,0.766,2.64,4.73,-0.02,-1.0,0.063,0.0,8.02,10.68,-0.04,4.891,-5.731,0.516,5.241,-0.3
Zone_07,8,University_District,GRADUAL_DETERIORATION,7267,42,34.78,33.57,0.965,69.04,34.23,4,Light Rain,Moderate,0,1,1,35.54,49.02,53.52,3.0,0.0,0.0,0.846,31.25,41.98,55.11,3.0,0.0,0.0,0.744,-1.97,20.02,-19.29,1.0,0.119,0.0,-5.54,40.84,-36.04,4.62,4.616,3.013,-1.981,0.0
Zone_07,9,University_District,GRADUAL_DETERIORATION,7267,42,42.0,30.87,0.735,43.07,54.9,7,Normal,Good,0,0,0,33.57,69.04,34.23,4.0,1.0,1.0,0.965,33.04,50.42,48.6,3.75,1.0,0.25,0.828,-2.7,-25.97,20.67,3.0,-0.23,1.0,-8.04,-37.62,60.39,4.248,9.38,1.287,-5.663,0.3
Zone_07,10,University_District,GRADUAL_DETERIORATION,7267,42,34.78,33.87,0.974,67.97,32.68,8,Light Rain,Moderate,0,1,1,30.87,43.07,54.9,7.0,0.0,0.0,0.735,33.22,51.36,49.05,4.5,1.0,0.25,0.832,3.0,24.9,-22.22,1.0,0.239,-1.0,9.72,57.81,-40.47,4.661,1.636,-0.806,-1.521,0.1
Zone_07,11,University_District,GRADUAL_DETERIORATION,7267,42,42.0,35.41,0.843,49.52,47.99,6,Normal,Good,0,2,1,33.87,67.97,32.68,8.0,1.0,1.0,0.974,33.46,57.28,43.83,5.5,2.0,0.5,0.88,1.54,-18.45,15.31,-2.0,-0.131,1.0,4.55,-27.14,46.85,4.873,3.088,-0.771,-4.185,0.2
Zone_07,12,University_District,GRADUAL_DETERIORATION,7267,42,34.78,30.62,0.88,58.68,39.07,3,Light Rain,Moderate,0,0,0,35.41,49.52,47.99,6.0,2.0,1.0,0.843,33.43,57.4,42.45,6.25,4.0,0.75,0.879,-4.79,9.16,-8.92,-3.0,0.037,1.0,-13.53,18.5,-18.59,4.214,-3.366,0.852,1.906,0.1
Zone_07,13,University_District,GRADUAL_DETERIORATION,7267,42,42.0,29.07,0.692,31.67,59.32,7,Normal,Good,0,1,1,30.62,58.68,39.07,3.0,0.0,0.0,0.88,32.69,54.81,43.66,6.0,3.0,0.5,0.858,-1.55,-27.01,20.25,4.0,-0.188,-2.0,-5.06,-46.03,51.83,4.0,2.838,0.079,-3.218,0.0
Zone_07,14,University_District,GRADUAL_DETERIORATION,7267,42,42.0,36.85,0.877,54.89,47.62,7,Normal,Good,0,2,1,29.07,31.67,59.32,7.0,1.0,1.0,0.692,32.24,51.96,44.76,6.0,4.0,0.75,0.847,7.78,23.22,-11.7,0.0,0.185,1.0,26.76,73.32,-19.72,5.071,-9.974,-1.919,7.1,-0.1
Zone_07,15,University_District,GRADUAL_DETERIORATION,7267,42,42.0,36.19,0.862,54.78,45.33,9,Normal,Good,0,0,0,36.85,54.89,47.62,7.0,2.0,1.0,0.877,32.99,48.69,48.5,5.75,5.0,0.75,0.823,-0.66,-0.11,-2.29,2.0,-0.015,1.0,-1.79,-0.2,-4.81,4.98,-1.09,0.277,1.914,0.1
Zone_07,16,University_District,GRADUAL_DETERIORATION,7267,42,42.0,35.96,0.856,46.07,51.3,10,Normal,Good,0,0,0,36.19,54.78,45.33,9.0,0.0,0.0,0.862,33.18,50.0,47.83,6.5,3.0,0.5,0.828,-0.23,-8.71,5.97,1.0,-0.006,-2.0,-0.64,-15.9,13.17,4.948,1.152,2.449,0.708,0.0
Zone_07,17,University_District,GRADUAL_DETERIORATION,7267,42,42.0,32.51,0.774,43.65,51.86,9,Normal,Good,0,1,1,35.96,46.07,51.3,10.0,0.0,0.0,0.856,34.52,46.85,50.89,8.25,3.0,0.5,0.822,-3.45,-2.42,0.56,-1.0,-0.082,0.0,-9.59,-5.25,1.09,4.474,4.309,2.001,-2.635,-0.4
Zone_07,18,University_District,GRADUAL_DETERIORATION,7267,42,35.7,48.09,1.347,79.4,34.76,12,Normal,Good,1,1,1,32.51,43.65,51.86,9.0,1.0,1.0,0.774,35.38,49.85,49.03,8.75,3.0,0.5,0.842,15.58,35.75,-17.1,3.0,0.573,1.0,47.92,81.9,-32.97,6.618,-4.243,-1.325,1.869,0.0
Zone_07,19,University_District,GRADUAL_DETERIORATION,7267,42,35.7,46.67,1.307,81.63,38.28,10,Normal,Good,1,3,1,48.09,79.4,34.76,12.0,1.0,1.0,1.347,38.19,55.98,45.81,10.0,2.0,0.5,0.96,-1.42,2.23,3.52,-2.0,-0.04,0.0,-2.95,2.81,10.13,6.422,7.144,3.225,-3.115,0.4
Zone_07,20,University_District,GRADUAL_DETERIORATION,7267,42,42.0,47.84,1.139,75.52,40.36,8,Normal,Good,0,0,0,46.67,81.63,38.28,10.0,3.0,1.0,1.307,40.81,62.69,44.05,10.25,5.0,0.75,1.071,1.17,-6.11,2.08,-2.0,-0.168,2.0,2.51,-7.48,5.43,6.583,14.243,4.771,-5.616,0.3
Zone_07,21,University_District,GRADUAL_DETERIORATION,7267,42,42.0,40.34,0.96,58.02,50.0,7,Normal,Good,0,2,1,47.84,75.52,40.36,8.0,0.0,0.0,1.139,43.78,70.05,41.32,9.75,5.0,0.75,1.142,-7.5,-17.5,9.64,-1.0,-0.179,-3.0,-15.68,-23.17,23.88,5.551,9.784,4.457,-3.098,-0.3
Zone_07,22,University_District,GRADUAL_DETERIORATION,7267,42,42.0,34.92,0.831,49.13,49.94,5,Normal,Good,0,0,0,40.34,58.02,50.0,7.0,2.0,1.0,0.96,45.74,73.64,40.85,9.25,6.0,0.75,1.188,-5.42,-8.89,-0.06,-2.0,-0.129,2.0,-13.44,-15.32,-0.12,4.805,-7.025,-2.208,4.78,-0.1
Zone_07,23,University_District,GRADUAL_DETERIORATION,7267,42,42.0,37.81,0.9,50.21,51.21,1,Normal,Good,0,0,0,34.92,49.13,49.94,5.0,0.0,0.0,0.831,42.44,66.07,44.64,7.5,5.0,0.5,1.059,2.89,1.08,1.27,-4.0,0.069,-2.0,8.28,2.2,2.54,5.203,-11.5,-4.275,4.462,-0.2
Zone_07,24,University_District,GRADUAL_DETERIORATION,7267,42,42.0,33.48,0.797,47.43,49.94,6,Normal,Good,0,0,0,37.81,50.21,51.21,1.0,0.0,0.0,0.9,40.23,58.22,47.88,5.25,2.0,0.25,0.958,-4.33,-2.78,-1.27,5.0,-0.103,0.0,-11.45,-5.54,-2.48,4.607,-8.482,-3.551,3.249,-0.1
Zone_07,25,University_District,GRADUAL_DETERIORATION,7267,42,42.0,33.2,0.79,50.26,50.41,6,Normal,Good,0,0,0,33.48,47.43,49.94,6.0,0.0,0.0,0.797,36.64,51.2,50.27,4.75,2.0,0.25,0.872,-0.28,2.83,0.47,0.0,-0.007,0.0,-0.84,5.97,0.94,4.569,-3.069,-1.769,0.109,-0.3
Zone_07,26,University_District,GRADUAL_DETERIORATION,7267,42,42.0,29.31,0.698,38.89,55.68,3,Normal,Good,0,0,0,33.2,50.26,50.41,6.0,0.0,0.0,0.79,34.85,49.26,50.38,4.5,0.0,0.0,0.829,-3.89,-11.37,5.27,-3.0,-0.092,0.0,-11.72,-22.62,10.45,4.033,0.061,-0.949,0.014,0.0
Zone_07,27,University_District,GRADUAL_DETERIORATION,7267,42,42.0,33.75,0.804,43.77,54.59,10,Normal,Good,0,1,1,29.31,38.89,55.68,3.0,0.0,0.0,0.698,33.45,46.7,51.81,4.0,0.0,0.0,0.796,4.44,4.88,-1.09,7.0,0.106,0.0,15.15,12.55,-1.96,4.644,-3.113,-2.578,1.388,0.0
Zone_07,28,University_District,GRADUAL_DETERIORATION,7267,42,42.0,35.9,0.855,48.12,49.38,0,Normal,Good,0,0,0,33.75,43.77,54.59,10.0,1.0,1.0,0.804,32.44,45.09,52.66,6.25,1.0,0.25,0.772,2.15,4.35,-5.21,-10.0,0.051,1.0,6.37,9.94,-9.54,4.94,-2.235,-0.308,1.922,0.3
Zone_07,29,University_District,GRADUAL_DETERIORATION,7267,42,42.0,36.29,0.864,53.18,52.6,7,Normal,Good,0,0,0,35.9,48.12,49.38,0.0,0.0,0.0,0.855,33.04,45.26,52.52,4.75,1.0,0.25,0.787,0.39,5.06,3.22,7.0,0.009,-1.0,1.09,10.52,6.52,4.994,-0.154,1.254,-0.418,0.1
Zone_07,30,University_District,GRADUAL_DETERIORATION,7267,42,42.0,37.03,0.882,53.79,49.69,3,Normal,Good,0,0,0,36.29,53.18,52.6,7.0,0.0,0.0,0.864,33.81,45.99,53.06,5.0,1.0,0.25,0.805,0.74,0.61,-2.91,-4.0,0.018,0.0,2.04,1.15,-5.53,5.096,4.722,2.309,-1.445,-0.1
Zone_07,31,University_District,GRADUAL_DETERIORATION,7267,42,34.78,37.09,1.066,74.38,33.68,6,Light Rain,Moderate,0,0,0,37.03,53.79,49.69,3.0,0.0,0.0,0.882,35.74,49.72,51.56,5.0,1.0,0.25,0.851,0.06,20.59,-16.01,3.0,0.184,0.0,0.16,38.28,-32.22,5.104,3.512,1.023,-1.148,-0.3
Zone_07,32,University_District,GRADUAL_DETERIORATION,7267,42,34.78,45.23,1.3,93.9,23.68,7,Light Rain,Moderate,0,2,1,37.09,74.38,33.68,6.0,0.0,0.0,1.066,36.58,57.37,46.34,4.0,0.0,0.0,0.917,8.14,19.52,-10.0,1.0,0.234,0.0,21.95,26.24,-29.69,6.224,7.939,0.431,-5.001,0.0
Zone_07,33,University_District,GRADUAL_DETERIORATION,7267,42,24.57,50.43,2.053,100.0,10.0,11,Heavy Rain,Poor,0,2,1,45.23,93.9,23.68,7.0,2.0,1.0,1.3,38.91,68.81,39.91,5.75,2.0,0.25,1.028,5.2,6.1,-13.68,4.0,0.753,2.0,11.5,6.5,-57.77,6.94,14.275,2.688,-10.277,0.3
Zone_07,34,University_District,GRADUAL_DETERIORATION,7267,42,34.78,48.02,1.381,96.57,20.82,7,Light Rain,Moderate,0,3,1,50.43,100.0,10.0,11.0,2.0,1.0,2.053,42.44,80.52,29.26,6.75,4.0,0.5,1.325,-2.41,-3.43,10.82,-4.0,-0.672,0.0,-4.78,-3.43,108.2,6.608,15.815,4.834,-12.907,0.4
Zone_07,35,University_District,GRADUAL_DETERIORATION,7267,42,34.78,45.38,1.305,93.82,23.16,9,Light Rain,Moderate,0,3,1,48.02,96.57,20.82,7.0,3.0,1.0,1.381,45.19,91.21,22.04,7.75,7.0,0.75,1.45,-2.64,-2.75,2.34,2.0,-0.076,1.0,-5.5,-2.85,11.24,6.245,7.267,3.799,-5.226,0.3
Zone_07,36,University_District,GRADUAL_DETERIORATION,7267,42,42.0,55.77,1.328,86.23,37.28,12,Normal,Good,0,0,0,45.38,93.82,23.16,9.0,3.0,1.0,1.305,47.26,96.07,19.42,8.5,10.0,1.0,1.51,10.39,-7.59,14.12,3.0,0.023,0.0,22.9,-8.09,60.97,7.674,-0.367,-0.196,0.926,0.0
Zone_07,37,University_District,GRADUAL_DETERIORATION,7267,42,34.78,50.25,1.445,99.89,18.29,9,Light Rain,Moderate,0,3,1,55.77,86.23,37.28,12.0,0.0,0.0,1.328,49.9,94.16,22.82,9.75,8.0,0.75,1.517,-5.52,13.66,-18.99,-3.0,0.117,-3.0,-9.9,15.84,-50.94,6.915,-4.406,1.338,8.418,-0.3
Zone_07,38,University_District,GRADUAL_DETERIORATION,7267,42,42.0,50.73,1.208,73.89,36.79,5,Normal,Good,0,2,1,50.25,99.89,18.29,9.0,3.0,1.0,1.445,49.86,94.13,24.89,9.25,9.0,0.75,1.365,0.48,-26.0,18.5,-4.0,-0.237,3.0,0.96,-26.03,101.15,6.981,0.237,1.708,0.653,-0.1
Zone_07,39,University_District,GRADUAL_DETERIORATION,7267,42,42.0,50.57,1.204,75.78,36.69,16,Normal,Good,0,1,1,50.73,73.89,36.79,5.0,2.0,1.0,1.208,50.53,88.46,28.88,8.75,8.0,0.75,1.322,-0.16,1.89,-0.1,11.0,-0.004,-1.0,-0.32,2.56,-0.27,6.959,-4.613,1.053,2.19,0.1
Zone_07,40,University_District,GRADUAL_DETERIORATION,7267,42,42.0,54.11,1.288,81.56,35.38,6,Normal,Good,0,0,0,50.57,75.78,36.69,16.0,1.0,1.0,1.204,51.83,83.95,32.26,10.5,6.0,0.75,1.296,3.54,5.78,-1.31,-10.0,0.084,-1.0,7.0,7.63,-3.57,7.446,-5.735,-1.512,1.673,0.3
Zone_07,41,University_District,GRADUAL_DETERIORATION,7267,42,42.0,44.59,1.062,70.03,43.26,6,Normal,Good,0,4,1,54.11,81.56,35.38,6.0,0.0,0.0,1.288,51.42,82.78,31.79,9.0,6.0,0.75,1.286,-9.52,-11.53,7.88,0.0,-0.226,-1.0,-17.59,-14.14,22.27,6.136,-5.31,1.142,5.117,-0.3
Zone_07,42,University_District,GRADUAL_DETERIORATION,7267,42,42.0,44.98,1.071,66.11,42.35,12,Normal,Good,0,1,1,44.59,70.03,43.26,6.0,4.0,1.0,1.062,50.0,75.32,38.03,8.25,7.0,0.75,1.19,0.39,-3.92,-0.91,6.0,0.009,4.0,0.87,-5.6,-2.1,6.19,-0.58,-1.488,1.81,-0.1
Zone_07,43,University_District,GRADUAL_DETERIORATION,7267,42,42.0,46.49,1.107,67.71,44.12,7,Normal,Good,0,1,1,44.98,66.11,42.35,12.0,1.0,1.0,1.071,48.56,73.37,39.42,10.0,6.0,0.75,1.156,1.51,1.6,1.77,-5.0,0.036,-3.0,3.36,2.42,4.18,6.397,-4.054,-2.629,2.486,0.1
Zone_07,44,University_District,GRADUAL_DETERIORATION,7267,42,42.0,44.07,1.049,67.38,41.14,14,Normal,Good,0,0,0,46.49,67.71,44.12,7.0,1.0,1.0,1.107,47.54,71.35,41.28,7.75,6.0,0.75,1.132,-2.42,-0.33,-2.98,7.0,-0.058,0.0,-5.21,-0.49,-6.75,6.064,-4.547,-2.247,2.531,0.3
Zone_07,45,University_District,GRADUAL_DETERIORATION,7267,42,42.0,46.0,1.095,68.11,43.79,9,Normal,Good,0,0,0,44.07,67.38,41.14,14.0,0.0,0.0,1.049,45.03,67.81,42.72,9.75,6.0,0.75,1.072,1.93,0.73,2.65,-5.0,0.046,-1.0,4.38,1.08,6.44,6.33,-0.635,-0.005,-0.459,-0.3
Zone_07,46,University_District,GRADUAL_DETERIORATION,7267,42,34.78,43.16,1.241,90.39,25.38,8,Light Rain,Moderate,0,4,1,46.0,68.11,43.79,9.0,0.0,0.0,1.095,45.38,67.33,42.85,10.5,2.0,0.5,1.08,-2.84,22.28,-18.41,-1.0,0.146,0.0,-6.17,32.71,-42.04,5.939,0.567,0.064,0.134,-0.4
Zone_07,47,University_District,GRADUAL_DETERIORATION,7267,42,42.0,48.12,1.146,68.74,40.13,5,Normal,Good,0,0,0,43.16,90.39,25.38,8.0,4.0,1.0,1.241,44.93,73.4,38.61,9.5,5.0,0.5,1.123,4.96,-21.65,14.75,-3.0,-0.095,4.0,11.49,-23.95,58.12,6.622,6.877,-0.806,-5.357,0.0
Zone_07,48,University_District,GRADUAL_DETERIORATION,7267,42,42.0,47.53,1.132,73.91,38.49,6,Normal,Good,0,0,0,48.12,68.74,40.13,5.0,0.0,0.0,1.146,45.34,73.66,37.61,9.0,4.0,0.25,1.133,-0.59,5.17,-1.64,1.0,-0.014,-4.0,-1.23,7.52,-4.09,6.541,2.636,0.931,-2.144,0.1
Zone_07,49,University_District,GRADUAL_DETERIORATION,7267,42,34.78,49.34,1.419,91.49,22.89,6,Light Rain,Moderate,0,2,1,47.53,73.91,38.49,6.0,0.0,0.0,1.132,46.2,75.29,36.95,7.0,4.0,0.25,1.154,1.81,17.58,-15.6,0.0,0.287,0.0,3.81,23.79,-40.53,6.79,-0.425,0.955,-0.115,-0.1
Zone_07,50,University_District,GRADUAL_DETERIORATION,7267,42,42.0,50.91,1.212,75.9,34.63,7,Normal,Good,0,2,1,49.34,91.49,22.89,6.0,2.0,1.0,1.419,47.04,81.13,31.72,6.25,6.0,0.5,1.235,1.57,-15.59,11.74,1.0,-0.207,2.0,3.18,-17.04,51.29,7.006,0.847,1.795,-0.911,0.0
Zone_07,51,University_District,GRADUAL_DETERIORATION,7267,42,42.0,49.15,1.17,75.49,39.94,8,Normal,Good,0,2,1,50.91,75.9,34.63,7.0,2.0,1.0,1.212,48.98,77.51,34.03,6.0,4.0,0.5,1.227,-1.76,-0.41,5.31,1.0,-0.042,0.0,-3.46,-0.54,15.33,6.763,3.906,1.018,-3.21,0.4
Zone_07,52,University_District,GRADUAL_DETERIORATION,7267,42,34.78,45.16,1.298,87.84,23.9,11,Light Rain,Moderate,0,1,1,49.15,75.49,39.94,8.0,2.0,1.0,1.17,49.23,79.2,33.99,6.75,6.0,0.75,1.233,-3.99,12.35,-16.04,3.0,0.128,0.0,-8.12,16.36,-40.16,6.214,-1.085,0.643,1.609,0.3
Zone_08,1,Highway_Junction,PERIODIC_SPIKE,2040,43,43.0,10.12,0.235,10.63,62.48,2,Normal,Good,0,0,0,,,,,,,,,,,,,,,,,,,,,,,,4.961,,,,
Zone_08,2,Highway_Junction,PERIODIC_SPIKE,2040,43,43.0,13.17,0.306,11.93,64.56,4,Normal,Good,0,0,0,10.12,10.63,62.48,2.0,0.0,0.0,0.235,,,,,,,,3.05,1.3,2.08,2.0,0.071,,30.14,12.23,3.33,6.456,,,,
Zone_08,3,Highway_Junction,PERIODIC_SPIKE,2040,43,43.0,10.77,0.25,14.81,61.14,5,Normal,Good,0,0,0,13.17,11.93,64.56,4.0,0.0,0.0,0.306,,,,,,,,-2.4,2.88,-3.42,1.0,-0.056,0.0,-18.22,24.14,-5.3,5.279,,,,
Zone_08,4,Highway_Junction,PERIODIC_SPIKE,2040,43,43.0,12.86,0.299,11.75,63.5,4,Normal,Good,0,0,0,10.77,14.81,61.14,5.0,0.0,0.0,0.25,,,,,,,,2.09,-3.06,2.36,-1.0,0.049,0.0,19.41,-20.66,3.86,6.304,,,,
Zone_08,5,Highway_Junction,PERIODIC_SPIKE,2040,43,38.7,20.22,0.522,29.67,56.42,15,Normal,Good,1,2,1,12.86,11.75,63.5,4.0,0.0,0.0,0.299,11.73,12.28,62.92,3.75,0.0,0.0,0.272,7.36,17.92,-7.08,11.0,0.223,0.0,57.23,152.51,-11.15,9.912,0.624,0.582,-0.036,0.0
Zone_08,6,Highway_Junction,PERIODIC_SPIKE,2040,43,43.0,16.77,0.39,20.09,61.32,6,Normal,Good,0,0,0,20.22,29.67,56.42,15.0,2.0,1.0,0.522,14.26,17.04,61.4,7.0,2.0,0.25,0.344,-3.45,-9.58,4.9,-9.0,-0.132,2.0,-17.06,-32.29,8.68,8.221,5.016,2.324,-2.206,0.3
Zone_08,7,Highway_Junction,PERIODIC_SPIKE,2040,43,43.0,17.06,0.397,16.19,59.42,2,Normal,Good,0,0,0,16.77,20.09,61.32,6.0,0.0,0.0,0.39,15.16,19.08,60.6,7.5,2.0,0.25,0.365,0.29,-3.9,-1.9,-4.0,0.007,-2.0,1.73,-19.41,-3.1,8.363,3.376,2.536,-0.654,0.1
Zone_08,8,Highway_Junction,PERIODIC_SPIKE,2040,43,35.6,8.56,0.24,14.41,55.93,6,Light Rain,Moderate,0,0,0,17.06,16.19,59.42,2.0,0.0,0.0,0.397,16.73,19.42,60.17,6.75,2.0,0.25,0.402,-8.5,-1.78,-3.49,4.0,-0.157,0.0,-49.82,-10.99,-5.87,4.196,0.374,0.915,-0.734,-0.1
Zone_08,9,Highway_Junction,PERIODIC_SPIKE,2040,43,43.0,3.61,0.084,6.44,63.5,1,Normal,Good,0,0,0,8.56,14.41,55.93,6.0,0.0,0.0,0.24,15.65,20.09,58.27,7.25,2.0,0.25,0.387,-4.95,-7.97,7.57,-5.0,-0.156,0.0,-57.83,-55.31,13.53,1.77,-4.968,-3.469,-0.337,-0.3
Zone_08,10,Highway_Junction,PERIODIC_SPIKE,2040,43,38.7,11.36,0.294,11.31,65.71,2,Normal,Good,1,0,0,3.61,6.44,63.5,1.0,0.0,0.0,0.084,11.5,14.28,60.04,3.75,0.0,0.0,0.278,7.75,4.87,2.21,1.0,0.21,0.0,214.68,75.62,3.48,5.569,-4.273,-4.798,0.305,0.0
Zone_08,11,Highway_Junction,PERIODIC_SPIKE,2040,43,43.0,9.97,0.232,7.27,65.24,6,Normal,Good,0,0,0,11.36,11.31,65.71,2.0,0.0,0.0,0.294,10.15,12.09,61.14,2.75,0.0,0.0,0.254,-1.39,-4.04,-0.47,4.0,-0.062,0.0,-12.24,-35.72,-0.72,4.887,-2.261,-2.205,2.644,0.0
Zone_08,12,Highway_Junction,PERIODIC_SPIKE,2040,43,43.0,11.01,0.256,14.66,66.73,4,Normal,Good,0,0,0,9.97,7.27,65.24,6.0,0.0,0.0,0.232,8.38,9.86,62.6,3.75,0.0,0.0,0.212,1.04,7.39,1.49,-2.0,0.024,0.0,10.43,101.65,2.28,5.397,-1.655,1.198,3.014,0.0
Zone_08,13,Highway_Junction,PERIODIC_SPIKE,2040,43,43.0,14.89,0.346,15.64,62.68,5,Normal,Good,0,0,0,11.01,14.66,66.73,4.0,0.0,0.0,0.256,8.99,9.92,65.29,3.25,0.0,0.0,0.216,3.88,0.98,-4.05,1.0,0.09,0.0,35.24,6.68,-6.07,7.299,2.062,2.081,0.922,0.0
Zone_08,14,Highway_Junction,PERIODIC_SPIKE,2040,43,43.0,12.22,0.284,13.19,64.41,3,Normal,Good,0,0,0,14.89,15.64,62.68,5.0,0.0,0.0,0.346,11.81,12.22,65.09,4.25,0.0,0.0,0.282,-2.67,-2.45,1.73,-2.0,-0.062,0.0,-17.93,-15.66,2.76,5.99,2.038,1.163,-0.76,0.0
Zone_08,15,Highway_Junction,PERIODIC_SPIKE,2040,43,38.7,20.45,0.528,20.06,62.15,10,Normal,Good,1,1,1,12.22,13.19,64.41,3.0,0.0,0.0,0.284,12.02,12.69,64.76,4.5,0.0,0.0,0.279,8.23,6.87,-2.26,7.0,0.244,0.0,67.35,52.08,-3.51,10.025,1.874,1.063,-0.654,0.0
Zone_08,16,Highway_Junction,PERIODIC_SPIKE,2040,43,43.0,20.2,0.47,22.61,58.83,3,Normal,Good,0,0,0,20.45,20.06,62.15,10.0,1.0,1.0,0.528,14.64,15.89,63.99,5.5,1.0,0.25,0.354,-0.25,2.55,-3.32,-7.0,-0.058,1.0,-1.22,12.71,-5.34,9.902,1.375,2.565,-1.201,0.3
Zone_08,17,Highway_Junction,PERIODIC_SPIKE,2040,43,43.0,22.33,0.519,24.83,58.93,6,Normal,Good,0,1,1,20.2,22.61,58.83,3.0,0.0,0.0,0.47,16.94,17.88,62.02,5.25,1.0,0.25,0.407,2.13,2.22,0.1,3.0,0.049,-1.0,10.54,9.82,0.17,10.946,2.778,2.416,-1.381,0.1
Zone_08,18,Highway_Junction,PERIODIC_SPIKE,2040,43,43.0,13.43,0.312,12.48,64.26,4,Normal,Good,0,0,0,22.33,24.83,58.93,6.0,1.0,1.0,0.519,18.8,20.17,61.08,5.5,2.0,0.5,0.45,-8.9,-12.35,5.33,-2.0,-0.207,1.0,-39.86,-49.74,9.04,6.583,3.747,3.008,-1.976,0.2
Zone_08,19,Highway_Junction,PERIODIC_SPIKE,2040,43,43.0,12.49,0.29,9.11,62.38,4,Normal,Good,0,0,0,13.43,12.48,64.26,4.0,0.0,0.0,0.312,19.1,20.0,61.04,5.75,2.0,0.5,0.457,-0.94,-3.37,-1.88,0.0,-0.022,-1.0,-7.0,-27.0,-2.93,6.123,-2.052,-1.893,0.643,-0.2
Zone_08,20,Highway_Junction,PERIODIC_SPIKE,2040,43,38.7,18.45,0.477,25.04,56.05,5,Normal,Good,1,0,0,12.49,9.11,62.38,4.0,0.0,0.0,0.29,17.11,17.26,61.1,4.25,1.0,0.25,0.398,5.96,15.93,-6.33,1.0,0.187,0.0,47.72,174.86,-10.15,9.044,-5.285,-3.203,1.598,-0.1
Zone_08,21,Highway_Junction,PERIODIC_SPIKE,2040,43,43.0,20.0,0.465,16.1,62.98,9,Normal,Good,0,0,0,18.45,25.04,56.05,5.0,0.0,0.0,0.477,16.67,17.86,60.4,4.75,1.0,0.25,0.399,1.55,-8.94,6.93,4.0,-0.012,0.0,8.4,-35.7,12.36,9.804,-0.274,-1.258,-1.052,-0.3
Zone_08,22,Highway_Junction,PERIODIC_SPIKE,2040,43,43.0,12.76,0.297,10.12,65.34,3,Normal,Good,0,0,0,20.0,16.1,62.98,9.0,0.0,0.0,0.465,16.09,15.68,61.42,5.5,0.0,0.0,0.386,-7.24,-5.98,2.36,-6.0,-0.168,0.0,-36.2,-37.14,3.75,6.255,2.679,2.567,-1.017,0.0
Zone_08,23,Highway_Junction,PERIODIC_SPIKE,2040,43,43.0,6.13,0.143,4.42,62.8,4,Normal,Good,0,0,0,12.76,10.12,65.34,3.0,0.0,0.0,0.297,15.92,15.09,61.69,5.25,0.0,0.0,0.382,-6.63,-5.7,-2.54,1.0,-0.154,0.0,-51.96,-56.32,-3.89,3.005,-0.591,0.236,1.581,0.0
Zone_08,24,Highway_Junction,PERIODIC_SPIKE,2040,43,43.0,10.84,0.252,10.55,63.35,5,Normal,Good,0,0,0,6.13,4.42,62.8,4.0,0.0,0.0,0.143,14.34,13.92,61.79,5.25,0.0,0.0,0.346,4.71,6.13,0.55,1.0,0.109,0.0,76.83,138.68,0.88,5.314,-6.784,-4.42,2.261,0.0
Zone_08,25,Highway_Junction,PERIODIC_SPIKE,2040,43,38.7,18.57,0.48,26.69,60.24,10,Normal,Good,1,0,0,10.84,10.55,63.35,5.0,0.0,0.0,0.252,12.43,10.3,63.62,5.25,0.0,0.0,0.289,7.73,16.14,-3.11,5.0,0.228,0.0,71.31,152.98,-4.91,9.103,-2.235,-3.411,-0.143,0.0
Zone_08,26,Highway_Junction,PERIODIC_SPIKE,2040,43,43.0,15.01,0.349,13.35,64.2,6,Normal,Good,0,0,0,18.57,26.69,60.24,10.0,0.0,0.0,0.48,12.08,12.94,62.93,5.5,0.0,0.0,0.293,-3.56,-13.34,3.96,-4.0,-0.131,0.0,-19.17,-49.98,6.57,7.358,5.584,2.214,-1.475,0.0
Zone_08,27,Highway_Junction,PERIODIC_SPIKE,2040,43,43.0,9.76,0.227,7.11,64.95,2,Normal,Good,0,0,0,15.01,13.35,64.2,6.0,0.0,0.0,0.349,12.64,13.75,62.65,6.25,0.0,0.0,0.306,-5.25,-6.24,0.75,-4.0,-0.122,0.0,-34.98,-46.74,1.17,4.784,4.293,3.437,0.109,0.0
Zone_08,28,Highway_Junction,PERIODIC_SPIKE,2040,43,43.0,5.01,0.117,5.44,62.96,3,Normal,Good,0,0,0,9.76,7.11,64.95,2.0,0.0,0.0,0.227,13.54,14.42,63.18,5.75,0.0,0.0,0.327,-4.75,-1.67,-1.99,1.0,-0.11,0.0,-48.67,-23.49,-3.06,2.456,-2.366,-0.68,0.876,0.0
Zone_08,29,Highway_Junction,PERIODIC_SPIKE,2040,43,43.0,0.0,0.0,4.46,61.79,3,Normal,Good,0,0,0,5.01,5.44,62.96,3.0,0.0,0.0,0.117,12.09,13.15,63.09,5.25,0.0,0.0,0.293,-5.01,-0.98,-1.17,0.0,-0.117,0.0,-100.0,-18.01,-1.86,0.0,-6.999,-4.593,0.891,0.0
Zone_08,30,Highway_Junction,PERIODIC_SPIKE,2040,43,38.7,5.81,0.15,9.88,64.4,6,Normal,Good,1,0,0,0.0,4.46,61.79,3.0,0.0,0.0,0.0,7.44,7.59,63.48,3.5,0.0,0.0,0.173,5.81,5.42,2.61,3.0,0.15,0.0,5810000.0,121.52,4.22,2.848,-2.834,-4.978,-0.922,0.0
Zone_08,31,Highway_Junction,PERIODIC_SPIKE,2040,43,43.0,9.28,0.216,11.58,63.91,3,Normal,Good,0,0,0,5.81,9.88,64.4,6.0,0.0,0.0,0.15,5.14,6.72,63.52,3.5,0.0,0.0,0.124,3.47,1.7,-0.49,-3.0,0.066,0.0,59.72,17.21,-0.76,4.549,0.733,-1.686,-0.282,0.0
Zone_08,32,Highway_Junction,PERIODIC_SPIKE,2040,43,43.0,8.73,0.203,8.82,60.73,3,Normal,Good,0,0,0,9.28,11.58,63.91,3.0,0.0,0.0,0.216,5.03,7.84,63.26,3.75,0.0,0.0,0.121,-0.55,-2.76,-3.18,0.0,-0.013,0.0,-5.93,-23.83,-4.98,4.279,2.384,1.862,0.546,0.0
Zone_08,33,Highway_Junction,PERIODIC_SPIKE,2040,43,43.0,3.49,0.081,6.5,61.64,1,Normal,Good,0,0,0,8.73,8.82,60.73,3.0,0.0,0.0,0.203,5.96,8.68,62.71,3.75,0.0,0.0,0.142,-5.24,-2.32,0.91,-2.0,-0.122,0.0,-60.02,-26.3,1.5,1.711,1.478,2.966,-0.367,0.0
Zone_08,34,Highway_Junction,PERIODIC_SPIKE,2040,43,25.16,2.34,0.093,5.45,40.76,3,Heavy Rain,Poor,0,0,0,3.49,6.5,61.64,1.0,0.0,0.0,0.081,6.83,9.2,62.67,3.25,0.0,0.0,0.162,-1.15,-1.05,-20.88,2.0,0.012,0.0,-32.95,-16.15,-33.87,1.147,-1.29,-0.751,-1.146,0.0
Zone_08,35,Highway_Junction,PERIODIC_SPIKE,2040,43,32.04,6.72,0.21,9.97,56.79,6,Light Rain,Moderate,1,0,0,2.34,5.45,40.76,3.0,0.0,0.0,0.093,5.96,8.09,56.76,2.5,0.0,0.0,0.148,4.38,4.52,16.03,3.0,0.117,0.0,187.17,82.93,39.33,3.294,-2.071,-2.606,-6.854,0.0
Zone_08,36,Highway_Junction,PERIODIC_SPIKE,2040,43,43.0,6.5,0.151,11.19,59.86,3,Normal,Good,0,0,0,6.72,9.97,56.79,6.0,0.0,0.0,0.21,5.32,7.68,54.98,3.25,0.0,0.0,0.147,-0.22,1.22,3.07,-3.0,-0.059,0.0,-3.27,12.24,5.41,3.186,0.24,-0.718,-3.27,0.0
Zone_08,37,Highway_Junction,PERIODIC_SPIKE,2040,43,43.0,11.92,0.277,13.83,63.06,4,Normal,Good,0,0,0,6.5,11.19,59.86,3.0,0.0,0.0,0.151,4.76,8.28,54.76,3.25,0.0,0.0,0.134,5.42,2.64,3.2,1.0,0.126,0.0,83.38,23.59,5.35,5.843,1.859,1.341,1.069,0.0
Zone_08,38,Highway_Junction,PERIODIC_SPIKE,2040,43,34.4,19.37,0.563,28.69,59.79,8,Normal,Good,1,0,0,11.92,13.83,63.06,4.0,0.0,0.0,0.277,6.87,10.11,55.12,4.0,0.0,0.0,0.183,7.45,14.86,-3.27,4.0,0.286,0.0,62.5,107.45,-5.19,9.495,2.636,2.852,6.997,0.0
Zone_08,39,Highway_Junction,PERIODIC_SPIKE,2040,43,34.4,19.25,0.56,29.57,59.52,10,Normal,Good,1,0,0,19.37,28.69,59.79,8.0,0.0,0.0,0.563,11.13,15.92,59.88,5.25,0.0,0.0,0.3,-0.12,0.88,-0.27,2.0,-0.003,0.0,-0.62,3.07,-0.45,9.436,5.88,4.337,1.22,0.0
Zone_08,40,Highway_Junction,PERIODIC_SPIKE,2040,43,32.04,27.67,0.864,59.44,39.84,7,Light Rain,Moderate,1,3,1,19.25,29.57,59.52,10.0,0.0,0.0,0.56,14.26,20.82,60.56,6.25,0.0,0.0,0.388,8.42,29.87,-19.68,-3.0,0.304,0.0,43.74,101.01,-33.06,13.564,7.0,4.57,-0.429,0.0
Zone_08,41,Highway_Junction,PERIODIC_SPIKE,2040,43,43.0,29.38,0.683,36.46,56.69,5,Normal,Good,0,0,0,27.67,59.44,39.84,7.0,3.0,1.0,0.864,19.55,32.88,55.55,7.25,3.0,0.25,0.566,1.71,-22.98,16.85,-2.0,-0.181,3.0,6.18,-38.66,42.29,14.402,13.771,4.713,-6.993,0.3
Zone_08,42,Highway_Junction,PERIODIC_SPIKE,2040,43,35.6,14.98,0.421,20.08,55.21,6,Light Rain,Moderate,0,0,0,29.38,36.46,56.69,5.0,0.0,0.0,0.683,23.92,38.54,53.96,7.5,3.0,0.25,0.668,-14.4,-16.38,-1.48,1.0,-0.262,-3.0,-49.01,-44.93,-2.61,7.343,5.318,3.845,-2.898,0.1
Zone_08,43,Highway_Junction,PERIODIC_SPIKE,2040,43,43.0,12.04,0.28,14.51,62.52,4,Normal,Good,0,0,0,14.98,20.08,55.21,6.0,0.0,0.0,0.421,22.82,36.39,52.82,7.0,3.0,0.25,0.632,-2.94,-5.57,7.31,-2.0,-0.141,0.0,-19.63,-27.74,13.24,5.902,-5.145,-1.11,0.392,-0.1
Zone_08,44,Highway_Junction,PERIODIC_SPIKE,2040,43,43.0,8.2,0.191,12.73,61.56,4,Normal,Good,0,0,0,12.04,14.51,62.52,4.0,0.0,0.0,0.28,21.02,32.62,53.56,5.5,3.0,0.25,0.562,-3.84,-1.78,-0.96,0.0,-0.089,0.0,-31.89,-12.27,-1.54,4.02,-15.117,-6.129,6.656,-0.3
Zone_08,45,Highway_Junction,PERIODIC_SPIKE,2040,43,38.7,9.89,0.256,9.22,65.98,6,Normal,Good,1,0,0,8.2,12.73,61.56,4.0,0.0,0.0,0.191,16.15,20.94,59.0,4.75,0.0,0.0,0.394,1.69,-3.51,4.42,2.0,0.065,0.0,20.61,-27.57,7.18,4.848,-7.676,-6.648,2.192,0.0
Zone_08,46,Highway_Junction,PERIODIC_SPIKE,2040,43,43.0,6.68,0.155,10.15,65.61,2,Normal,Good,0,0,0,9.89,9.22,65.98,6.0,0.0,0.0,0.256,11.28,14.14,61.32,5.0,0.0,0.0,0.287,-3.21,0.93,-0.37,-4.0,-0.101,0.0,-32.46,10.09,-0.56,3.275,-3.436,-1.911,3.135,0.0
Zone_08,47,Highway_Junction,PERIODIC_SPIKE,2040,43,43.0,2.24,0.052,2.95,64.9,2,Normal,Good,0,0,0,6.68,10.15,65.61,2.0,0.0,0.0,0.155,9.2,11.65,63.92,4.0,0.0,0.0,0.221,-4.44,-7.2,-0.71,0.0,-0.103,0.0,-66.47,-70.94,-1.08,1.098,-1.659,-1.439,1.369,0.0
Zone_08,48,Highway_Junction,PERIODIC_SPIKE,2040,43,35.6,10.04,0.282,10.71,58.97,4,Light Rain,Moderate,0,0,0,2.24,2.95,64.9,2.0,0.0,0.0,0.052,6.75,8.76,64.51,3.5,0.0,0.0,0.164,7.8,7.76,-5.93,2.0,0.23,0.0,348.2,263.04,-9.14,4.922,-2.841,-2.109,0.965,0.0
Zone_08,49,Highway_Junction,PERIODIC_SPIKE,2040,43,43.0,9.15,0.213,6.85,65.23,2,Normal,Good,0,0,0,10.04,10.71,58.97,4.0,0.0,0.0,0.282,7.21,8.26,63.87,3.5,0.0,0.0,0.186,-0.89,-3.86,6.26,-2.0,-0.069,0.0,-8.86,-36.04,10.62,4.485,-0.273,-0.399,-2.174,0.0
Zone_08,50,Highway_Junction,PERIODIC_SPIKE,2040,43,38.7,8.84,0.228,9.77,64.78,10,Normal,Good,1,1,1,9.15,6.85,65.23,2.0,0.0,0.0,0.213,7.03,7.67,63.68,2.5,0.0,0.0,0.176,-0.31,2.92,-0.45,8.0,0.015,0.0,-3.39,42.63,-0.69,4.333,-0.214,1.521,-0.707,0.0
Zone_08,51,Highway_Junction,PERIODIC_SPIKE,2040,43,35.6,5.51,0.155,6.34,58.11,4,Light Rain,Moderate,0,0,0,8.84,9.77,64.78,10.0,1.0,1.0,0.228,7.57,7.57,63.47,4.5,1.0,0.25,0.194,-3.33,-3.43,-6.67,-6.0,-0.073,1.0,-37.67,-35.11,-10.3,2.701,1.66,1.891,0.59,0.3
Zone_08,52,Highway_Junction,PERIODIC_SPIKE,2040,43,35.6,4.09,0.115,5.31,57.52,5,Light Rain,Moderate,0,0,0,5.51,6.34,58.11,4.0,0.0,0.0,0.155,8.38,8.42,61.77,5.0,1.0,0.25,0.22,-1.42,-1.03,-0.59,1.0,-0.04,-1.0,-25.77,-16.25,-1.02,2.005,-1.019,-1.39,-0.303,0.1
Zone_09,1,Suburban_LowDensity,PERIODIC_SPIKE,3241,92,92.0,4.59,0.05,4.96,67.21,1,Normal,Good,0,0,0,,,,,,,,,,,,,,,,,,,,,,,,1.416,,,,
Zone_09,2,Suburban_LowDensity,PERIODIC_SPIKE,3241,92,92.0,4.48,0.049,2.8,67.76,1,Normal,Good,0,0,0,4.59,4.96,67.21,1.0,0.0,0.0,0.05,,,,,,,,-0.11,-2.16,0.55,0.0,-0.001,,-2.4,-43.55,0.82,1.382,,,,
Zone_09,3,Suburban_LowDensity,PERIODIC_SPIKE,3241,92,92.0,0.66,0.007,5.56,68.81,2,Normal,Good,0,0,0,4.48,2.8,67.76,1.0,0.0,0.0,0.049,,,,,,,,-3.82,2.76,1.05,1.0,-0.042,0.0,-85.27,98.57,1.55,0.204,,,,
Zone_09,4,Suburban_LowDensity,PERIODIC_SPIKE,3241,92,92.0,3.75,0.041,4.07,63.59,2,Normal,Good,0,0,0,0.66,5.56,68.81,2.0,0.0,0.0,0.007,,,,,,,,3.09,-1.49,-5.22,0.0,0.034,0.0,468.11,-26.8,-7.59,1.157,,,,
Zone_09,5,Suburban_LowDensity,PERIODIC_SPIKE,3241,92,82.8,4.56,0.055,6.24,63.92,9,Normal,Good,1,0,0,3.75,4.07,63.59,2.0,0.0,0.0,0.041,3.37,4.35,66.84,1.5,0.0,0.0,0.037,0.81,2.17,0.33,7.0,0.014,0.0,21.6,53.32,0.52,1.407,0.009,-0.634,-0.981,0.0
Zone_09,6,Suburban_LowDensity,PERIODIC_SPIKE,3241,92,92.0,14.52,0.158,5.74,62.26,4,Normal,Good,0,0,0,4.56,6.24,63.92,9.0,0.0,0.0,0.055,3.36,4.67,66.02,3.5,0.0,0.0,0.038,9.96,-0.5,-1.66,-5.0,0.103,0.0,218.42,-8.01,-2.6,4.48,0.883,0.333,-1.674,0.0
Zone_09,7,Suburban_LowDensity,PERIODIC_SPIKE,3241,92,92.0,9.44,0.103,8.19,61.99,0,Normal,Good,0,0,0,14.52,5.74,62.26,4.0,0.0,0.0,0.158,5.87,5.4,64.64,4.25,0.0,0.0,0.065,-5.08,2.45,-0.27,-4.0,-0.055,0.0,-34.99,42.68,-0.43,2.913,0.271,4.239,-1.932,0.0
Zone_09,8,Suburban_LowDensity,PERIODIC_SPIKE,3241,92,92.0,10.05,0.109,9.9,61.12,2,Normal,Good,0,0,0,9.44,8.19,61.99,0.0,0.0,0.0,0.103,8.07,6.06,62.94,3.75,0.0,0.0,0.089,0.61,1.71,-0.87,2.0,0.006,0.0,6.46,20.88,-1.4,3.101,1.186,2.703,-0.646,0.0
Zone_09,9,Suburban_LowDensity,PERIODIC_SPIKE,3241,92,92.0,8.57,0.093,0.71,65.75,1,Normal,Good,0,0,0,10.05,9.9,61.12,2.0,0.0,0.0,0.109,9.64,7.52,62.32,3.75,0.0,0.0,0.106,-1.48,-9.19,4.63,-1.0,-0.016,0.0,-14.73,-92.83,7.58,2.644,1.343,1.139,-0.867,0.0
Zone_09,10,Suburban_LowDensity,PERIODIC_SPIKE,3241,92,68.56,15.01,0.219,13.05,49.35,4,Light Rain,Moderate,1,0,0,8.57,0.71,65.75,1.0,0.0,0.0,0.093,10.64,6.14,62.78,1.75,0.0,0.0,0.116,6.44,12.34,-16.4,3.0,0.126,0.0,75.14,1737.78,-24.94,4.631,-1.338,-1.724,0.96,0.0
Zone_09,11,Suburban_LowDensity,PERIODIC_SPIKE,3241,92,92.0,9.83,0.107,6.67,62.04,3,Normal,Good,0,0,0,15.01,13.05,49.35,4.0,0.0,0.0,0.219,10.77,7.96,59.55,1.75,0.0,0.0,0.131,-5.18,-6.38,12.69,-1.0,-0.112,0.0,-34.51,-48.89,25.71,3.033,0.539,1.523,-3.329,0.0
Zone_09,12,Suburban_LowDensity,PERIODIC_SPIKE,3241,92,92.0,3.3,0.036,7.72,65.3,2,Normal,Good,0,0,0,9.83,6.67,62.04,3.0,0.0,0.0,0.107,10.86,7.58,59.56,2.5,0.0,0.0,0.132,-6.53,1.05,3.26,-1.0,-0.071,0.0,-66.43,15.74,5.25,1.018,0.265,0.578,-1.364,0.0
Zone_09,13,Suburban_LowDensity,PERIODIC_SPIKE,3241,92,92.0,2.31,0.025,9.66,63.71,2,Normal,Good,0,0,0,3.3,7.72,65.3,2.0,0.0,0.0,0.036,9.18,7.04,60.61,2.5,0.0,0.0,0.114,-0.99,1.94,-1.59,0.0,-0.011,0.0,-30.0,25.13,-2.43,0.713,1.465,-2.099,1.134,0.0
Zone_09,14,Suburban_LowDensity,PERIODIC_SPIKE,3241,92,92.0,1.92,0.021,7.41,64.79,1,Normal,Good,0,0,0,2.31,9.66,63.71,2.0,0.0,0.0,0.025,7.61,9.28,60.1,2.75,0.0,0.0,0.097,-0.39,-2.25,1.08,-1.0,-0.004,0.0,-16.88,-23.29,1.7,0.592,-0.912,-4.463,4.634,0.0
Zone_09,15,Suburban_LowDensity,PERIODIC_SPIKE,3241,92,82.8,3.28,0.04,7.87,65.61,2,Normal,Good,1,0,0,1.92,7.41,64.79,1.0,0.0,0.0,0.021,4.34,7.86,63.96,2.0,0.0,0.0,0.047,1.36,0.46,0.82,1.0,0.019,0.0,70.83,6.21,1.27,1.012,0.416,-2.472,0.666,0.0
Zone_09,16,Suburban_LowDensity,PERIODIC_SPIKE,3241,92,92.0,8.26,0.09,14.75,62.08,6,Normal,Good,0,0,0,3.28,7.87,65.61,2.0,0.0,0.0,0.04,2.7,8.16,64.85,1.75,0.0,0.0,0.03,4.98,6.88,-3.53,4.0,0.05,0.0,151.82,87.42,-5.38,2.549,-0.18,-0.045,0.201,0.0
Zone_09,17,Suburban_LowDensity,PERIODIC_SPIKE,3241,92,92.0,13.63,0.148,7.7,62.35,2,Normal,Good,0,0,0,8.26,14.75,62.08,6.0,0.0,0.0,0.09,3.94,9.92,64.05,2.75,0.0,0.0,0.044,5.37,-7.05,0.27,-4.0,0.058,0.0,65.01,-47.8,0.43,4.205,1.573,1.921,-0.407,0.0
Zone_09,18,Suburban_LowDensity,PERIODIC_SPIKE,3241,92,92.0,12.45,0.135,13.13,62.5,1,Normal,Good,0,0,0,13.63,7.7,62.35,2.0,0.0,0.0,0.148,6.77,9.43,63.71,2.75,0.0,0.0,0.075,-1.18,5.43,0.15,-1.0,-0.013,0.0,-8.66,70.52,0.24,3.841,0.775,4.011,-1.085,0.0
Zone_09,19,Suburban_LowDensity,PERIODIC_SPIKE,3241,92,92.0,2.37,0.026,4.83,63.51,0,Normal,Good,0,0,0,12.45,13.13,62.5,1.0,0.0,0.0,0.135,9.41,10.86,63.14,2.75,0.0,0.0,0.103,-10.08,-8.3,1.01,-1.0,-0.109,0.0,-80.96,-63.21,1.62,0.731,0.873,3.288,-0.906,0.0
Zone_09,20,Suburban_LowDensity,PERIODIC_SPIKE,3241,92,82.8,15.48,0.187,9.65,65.5,7,Normal,Good,1,0,0,2.37,4.83,63.51,0.0,0.0,0.0,0.026,9.18,10.1,62.61,2.25,0.0,0.0,0.1,13.11,4.82,1.99,7.0,0.161,0.0,553.14,99.79,3.13,4.776,-2.433,-1.885,0.444,0.0
Zone_09,21,Suburban_LowDensity,PERIODIC_SPIKE,3241,92,92.0,17.49,0.19,9.5,61.96,1,Normal,Good,0,0,0,15.48,9.65,65.5,7.0,0.0,0.0,0.187,10.98,8.83,63.46,2.5,0.0,0.0,0.124,2.01,-0.15,-3.54,-6.0,0.003,0.0,12.98,-1.55,-5.4,5.396,-0.245,-0.453,1.046,0.0
Zone_09,22,Suburban_LowDensity,PERIODIC_SPIKE,3241,92,92.0,10.63,0.116,8.03,64.43,1,Normal,Good,0,0,0,17.49,9.5,61.96,1.0,0.0,0.0,0.19,11.95,9.28,63.37,2.25,0.0,0.0,0.134,-6.86,-1.47,2.47,0.0,-0.074,0.0,-39.22,-15.47,3.99,3.28,-0.607,2.823,0.037,0.0
Zone_09,23,Suburban_LowDensity,PERIODIC_SPIKE,3241,92,92.0,1.1,0.012,6.81,63.91,3,Normal,Good,0,0,0,10.63,8.03,64.43,1.0,0.0,0.0,0.116,11.49,8.0,63.85,2.25,0.0,0.0,0.13,-9.53,-1.22,-0.52,2.0,-0.104,0.0,-89.65,-15.19,-0.81,0.339,0.945,2.679,-0.078,0.0
Zone_09,24,Suburban_LowDensity,PERIODIC_SPIKE,3241,92,92.0,3.4,0.037,5.81,61.99,1,Normal,Good,0,0,0,1.1,6.81,63.91,3.0,0.0,0.0,0.012,11.18,8.5,63.95,3.0,0.0,0.0,0.126,2.3,-1.0,-1.92,-2.0,0.025,0.0,209.07,-14.68,-3.0,1.049,-0.999,-5.0,-0.23,0.0
Zone_09,25,Suburban_LowDensity,PERIODIC_SPIKE,3241,92,82.8,12.39,0.15,9.0,64.7,4,Normal,Good,1,0,0,3.4,5.81,61.99,1.0,0.0,0.0,0.037,8.15,7.54,63.07,1.5,0.0,0.0,0.089,8.99,3.19,2.71,3.0,0.113,0.0,264.4,54.9,4.37,3.823,-1.229,-5.18,-0.043,0.0
Zone_09,26,Suburban_LowDensity,PERIODIC_SPIKE,3241,92,76.18,7.31,0.096,10.64,55.72,2,Light Rain,Moderate,0,0,0,12.39,9.0,64.7,4.0,0.0,0.0,0.15,6.88,7.41,63.76,2.25,0.0,0.0,0.079,-5.08,1.64,-8.98,-2.0,-0.054,0.0,-41.0,18.22,-13.88,2.255,0.191,0.758,-0.111,0.0
Zone_09,27,Suburban_LowDensity,PERIODIC_SPIKE,3241,92,92.0,13.0,0.141,3.77,63.14,0,Normal,Good,0,0,0,7.31,10.64,55.72,2.0,0.0,0.0,0.096,6.05,8.06,61.58,2.5,0.0,0.0,0.074,5.69,-6.87,7.42,-2.0,0.045,0.0,77.84,-64.57,13.32,4.011,1.468,2.762,-2.186,0.0
Zone_09,28,Suburban_LowDensity,PERIODIC_SPIKE,3241,92,92.0,9.36,0.102,9.36,64.11,1,Normal,Good,0,1,1,13.0,3.77,63.14,0.0,0.0,0.0,0.141,9.02,7.3,61.39,1.75,0.0,0.0,0.106,-3.64,5.59,0.97,1.0,-0.039,0.0,-28.0,148.27,1.54,2.888,-0.448,2.372,-0.553,0.0
Zone_09,29,Suburban_LowDensity,PERIODIC_SPIKE,3241,92,92.0,14.15,0.154,12.01,63.38,1,Normal,Good,0,0,0,9.36,9.36,64.11,1.0,1.0,1.0,0.102,10.52,8.19,61.92,1.75,1.0,0.25,0.122,4.79,2.65,-0.73,0.0,0.052,1.0,51.17,28.31,-1.14,4.366,-0.579,-0.34,0.565,0.3
Zone_09,30,Suburban_LowDensity,PERIODIC_SPIKE,3241,92,82.8,16.63,0.201,10.28,63.4,7,Normal,Good,1,0,0,14.15,12.01,63.38,1.0,0.0,0.0,0.154,10.96,8.94,61.59,1.0,1.0,0.25,0.123,2.48,-1.73,0.02,6.0,0.047,-1.0,17.53,-14.4,0.03,5.131,0.97,1.688,2.395,0.1
Zone_09,31,Suburban_LowDensity,PERIODIC_SPIKE,3241,92,92.0,15.11,0.164,8.54,68.53,1,Normal,Good,0,0,0,16.63,10.28,63.4,7.0,0.0,0.0,0.201,13.28,8.86,63.51,2.25,1.0,0.25,0.149,-1.52,-1.74,5.13,-6.0,-0.037,0.0,-9.14,-16.93,8.09,4.662,2.218,1.568,0.005,-0.1
Zone_09,32,Suburban_LowDensity,PERIODIC_SPIKE,3241,92,76.18,11.57,0.152,9.42,56.0,3,Light Rain,Moderate,0,0,0,15.11,8.54,68.53,1.0,0.0,0.0,0.164,13.81,10.05,64.85,2.5,1.0,0.25,0.155,-3.54,0.88,-12.53,2.0,-0.012,0.0,-23.43,10.3,-18.28,3.57,-0.419,1.973,1.328,-0.3
Zone_09,33,Suburban_LowDensity,PERIODIC_SPIKE,3241,92,92.0,11.84,0.129,9.56,64.08,4,Normal,Good,0,2,1,11.57,9.42,56.0,3.0,0.0,0.0,0.152,14.36,10.06,62.83,3.0,0.0,0.0,0.168,0.27,0.14,8.08,1.0,-0.023,0.0,2.33,1.49,14.43,3.653,-0.951,-0.926,-1.701,0.0
Zone_09,34,Suburban_LowDensity,PERIODIC_SPIKE,3241,92,53.82,10.76,0.2,13.85,40.65,3,Heavy Rain,Poor,0,0,0,11.84,9.56,64.08,4.0,2.0,1.0,0.129,13.79,9.45,63.0,3.75,2.0,0.25,0.161,-1.08,4.29,-23.43,-1.0,0.071,2.0,-9.12,44.87,-36.56,3.32,-0.128,-1.791,-1.049,0.3
Zone_09,35,Suburban_LowDensity,PERIODIC_SPIKE,3241,92,68.56,13.38,0.195,13.48,55.65,6,Light Rain,Moderate,1,0,0,10.76,13.85,40.65,3.0,0.0,0.0,0.2,12.32,10.34,57.32,2.75,2.0,0.25,0.161,2.62,-0.37,15.0,3.0,-0.005,-2.0,24.35,-2.67,36.9,4.128,1.607,-1.278,-7.556,0.1
Zone_09,36,Suburban_LowDensity,PERIODIC_SPIKE,3241,92,92.0,10.26,0.112,10.51,60.49,3,Normal,Good,0,0,0,13.38,13.48,55.65,6.0,0.0,0.0,0.195,11.89,11.58,54.1,4.0,2.0,0.25,0.169,-3.12,-2.97,4.84,-3.0,-0.083,0.0,-23.32,-22.03,8.7,3.166,1.647,0.435,-2.448,-0.1
Zone_09,37,Suburban_LowDensity,PERIODIC_SPIKE,3241,92,92.0,6.97,0.076,5.58,64.3,3,Normal,Good,0,0,0,10.26,10.51,60.49,3.0,0.0,0.0,0.112,11.56,11.85,55.22,4.0,2.0,0.25,0.159,-3.29,-4.93,3.81,0.0,-0.036,0.0,-32.07,-46.91,6.3,2.151,0.248,-0.212,0.423,-0.3
Zone_09,38,Suburban_LowDensity,PERIODIC_SPIKE,3241,92,76.18,4.56,0.06,4.0,57.28,1,Light Rain,Moderate,0,0,0,6.97,5.58,64.3,3.0,0.0,0.0,0.076,10.34,10.86,55.27,3.75,0.0,0.0,0.146,-2.41,-1.58,-7.02,-2.0,-0.016,0.0,-34.58,-28.31,-10.92,1.407,-2.778,-1.449,7.579,0.0
Zone_09,39,Suburban_LowDensity,PERIODIC_SPIKE,3241,92,92.0,10.43,0.113,9.5,62.9,4,Normal,Good,0,0,0,4.56,4.0,57.28,1.0,0.0,0.0,0.06,8.79,8.39,59.43,3.25,0.0,0.0,0.111,5.87,5.5,5.62,3.0,0.053,0.0,128.73,137.5,9.81,3.218,-3.337,-2.975,0.87,0.0
Zone_09,40,Suburban_LowDensity,PERIODIC_SPIKE,3241,92,82.8,16.54,0.2,15.0,65.48,4,Normal,Good,1,0,0,10.43,9.5,62.9,4.0,0.0,0.0,0.113,8.06,7.4,61.24,2.75,0.0,0.0,0.09,6.11,5.5,2.58,0.0,0.087,0.0,58.58,57.89,4.1,5.103,-0.461,-0.19,0.021,0.0
Zone_09,41,Suburban_LowDensity,PERIODIC_SPIKE,3241,92,92.0,15.22,0.165,11.38,62.47,1,Normal,Good,0,0,0,16.54,15.0,65.48,4.0,0.0,0.0,0.2,9.62,8.52,62.49,3.0,0.0,0.0,0.112,-1.32,-3.62,-3.01,-3.0,-0.035,0.0,-7.98,-24.13,-4.6,4.696,3.376,3.458,0.916,0.0
Zone_09,42,Suburban_LowDensity,PERIODIC_SPIKE,3241,92,76.18,6.62,0.087,9.23,57.52,3,Light Rain,Moderate,0,0,0,15.22,11.38,62.47,1.0,0.0,0.0,0.165,11.69,9.97,62.03,2.5,0.0,0.0,0.134,-8.6,-2.15,-4.95,2.0,-0.078,0.0,-56.5,-18.89,-7.92,2.043,2.764,3.809,1.815,0.0
Zone_09,43,Suburban_LowDensity,PERIODIC_SPIKE,3241,92,92.0,11.94,0.13,9.78,65.08,1,Normal,Good,0,0,0,6.62,9.23,57.52,3.0,0.0,0.0,0.087,12.2,11.28,62.09,3.0,0.0,0.0,0.141,5.32,0.55,7.56,-2.0,0.043,0.0,80.36,5.96,13.14,3.684,-0.443,-1.275,-1.915,0.0
Zone_09,44,Suburban_LowDensity,PERIODIC_SPIKE,3241,92,92.0,5.78,0.063,4.56,64.71,2,Normal,Good,0,0,0,11.94,9.78,65.08,1.0,0.0,0.0,0.13,12.58,11.35,62.64,2.25,0.0,0.0,0.146,-6.16,-5.22,-0.37,1.0,-0.067,0.0,-51.59,-53.37,-0.57,1.783,-1.781,-2.24,-0.615,0.0
Zone_09,45,Suburban_LowDensity,PERIODIC_SPIKE,3241,92,68.56,14.06,0.205,9.81,54.63,7,Light Rain,Moderate,1,1,1,5.78,4.56,64.71,2.0,0.0,0.0,0.063,9.89,8.74,62.44,1.75,0.0,0.0,0.111,8.28,5.25,-10.08,5.0,0.142,0.0,143.25,115.13,-15.58,4.338,-1.991,-2.3,1.428,0.0
Zone_09,46,Suburban_LowDensity,PERIODIC_SPIKE,3241,92,92.0,11.71,0.127,5.44,65.33,1,Normal,Good,0,0,0,14.06,9.81,54.63,7.0,1.0,1.0,0.205,9.6,8.34,60.48,3.25,1.0,0.25,0.121,-2.35,-4.37,10.7,-6.0,-0.078,1.0,-16.71,-44.55,19.59,3.613,-0.348,1.616,-0.904,0.3
Zone_09,47,Suburban_LowDensity,PERIODIC_SPIKE,3241,92,92.0,9.91,0.108,9.32,65.95,1,Normal,Good,0,0,0,11.71,5.44,65.33,1.0,0.0,0.0,0.127,10.87,7.4,62.44,2.75,1.0,0.25,0.131,-1.8,3.88,0.62,0.0,-0.019,-1.0,-15.37,71.32,0.95,3.058,-0.777,0.759,-0.933,0.1
Zone_09,48,Suburban_LowDensity,PERIODIC_SPIKE,3241,92,92.0,7.25,0.079,6.41,62.21,0,Normal,Good,0,0,0,9.91,9.32,65.95,1.0,0.0,0.0,0.108,10.36,7.28,62.66,2.75,1.0,0.25,0.126,-2.66,-2.91,-3.74,-1.0,-0.029,0.0,-26.84,-31.22,-5.67,2.237,0.991,1.004,1.442,-0.1
Zone_09,49,Suburban_LowDensity,PERIODIC_SPIKE,3241,92,76.18,2.74,0.036,5.58,53.63,2,Light Rain,Moderate,0,1,1,7.25,6.41,62.21,0.0,0.0,0.0,0.079,10.73,7.74,62.03,2.25,1.0,0.25,0.13,-4.51,-0.83,-8.58,2.0,-0.043,0.0,-62.21,-12.95,-13.79,0.845,-0.632,-2.223,2.336,-0.3
Zone_09,50,Suburban_LowDensity,PERIODIC_SPIKE,3241,92,82.8,0.0,0.0,0.0,65.08,4,Normal,Good,1,2,1,2.74,5.58,53.63,2.0,1.0,1.0,0.036,7.9,6.69,61.78,1.0,1.0,0.25,0.088,-2.74,-5.58,11.45,2.0,-0.036,1.0,-100.0,-100.0,21.35,0.0,-0.249,-2.957,-3.884,0.3
Zone_09,51,Suburban_LowDensity,PERIODIC_SPIKE,3241,92,76.18,0.0,0.0,7.84,53.13,1,Light Rain,Moderate,0,0,0,0.0,0.0,65.08,4.0,2.0,1.0,0.0,4.97,5.33,61.72,1.75,3.0,0.5,0.056,0.0,7.84,-11.95,-3.0,0.0,1.0,0.0,7840000.0,-18.36,0.0,-2.879,-3.424,-1.119,0.4
Zone_09,52,Suburban_LowDensity,PERIODIC_SPIKE,3241,92,92.0,0.0,0.0,6.02,62.74,2,Normal,Good,0,0,0,0.0,7.84,53.13,1.0,0.0,0.0,0.0,2.5,4.96,58.51,1.75,3.0,0.5,0.029,0.0,-1.82,9.61,1.0,0.0,-2.0,0.0,-23.21,18.09,0.0,-0.129,-2.449,-1.579,0.0
Zone_10,1,Residential,GRADUAL_DETERIORATION,15099,47,47.0,42.9,0.913,55.71,47.54,5,Normal,Good,0,0,0,,,,,,,,,,,,,,,,,,,,,,,,2.841,,,,
Zone_10,2,Residential,GRADUAL_DETERIORATION,15099,47,47.0,39.39,0.838,48.43,51.26,6,Normal,Good,0,0,0,42.9,55.71,47.54,5.0,0.0,0.0,0.913,,,,,,,,-3.51,-7.28,3.72,1.0,-0.075,,-8.18,-13.07,7.82,2.609,,,,
Zone_10,3,Residential,GRADUAL_DETERIORATION,15099,47,47.0,42.7,0.909,58.73,44.93,8,Normal,Good,0,0,0,39.39,48.43,51.26,6.0,0.0,0.0,0.838,,,,,,,,3.31,10.3,-6.33,2.0,0.071,0.0,8.4,21.27,-12.35,2.828,,,,
Zone_10,4,Residential,GRADUAL_DETERIORATION,15099,47,47.0,44.87,0.955,57.73,44.51,6,Normal,Good,0,0,0,42.7,58.73,44.93,8.0,0.0,0.0,0.909,,,,,,,,2.17,-1.0,-0.42,-2.0,0.046,0.0,5.08,-1.7,-0.93,2.972,,,,
Zone_10,5,Residential,GRADUAL_DETERIORATION,15099,47,47.0,45.06,0.959,61.95,45.63,6,Normal,Good,0,0,0,44.87,57.73,44.51,6.0,0.0,0.0,0.955,42.46,55.15,47.06,6.25,0.0,0.0,0.904,0.19,4.22,1.12,0.0,0.004,0.0,0.42,7.31,2.52,2.984,1.636,0.922,-1.542,0.0
Zone_10,6,Residential,GRADUAL_DETERIORATION,15099,47,47.0,46.52,0.99,62.87,43.3,3,Normal,Good,0,0,0,45.06,61.95,45.63,6.0,0.0,0.0,0.959,43.0,56.71,46.58,6.5,0.0,0.0,0.915,1.46,0.92,-2.33,-3.0,0.031,0.0,3.24,1.49,-5.11,3.081,3.956,1.918,-1.731,0.0
Zone_10,7,Residential,GRADUAL_DETERIORATION,15099,47,47.0,47.64,1.014,56.18,49.79,10,Normal,Good,0,0,0,46.52,62.87,43.3,3.0,0.0,0.0,0.99,44.79,60.32,44.59,5.75,0.0,0.0,0.953,1.12,-6.69,6.49,7.0,0.024,0.0,2.41,-10.64,14.99,3.155,1.664,1.165,-0.377,0.0
Zone_10,8,Residential,GRADUAL_DETERIORATION,15099,47,47.0,44.47,0.946,52.11,50.05,4,Normal,Good,0,0,0,47.64,56.18,49.79,10.0,0.0,0.0,1.014,46.02,59.68,45.81,6.25,0.0,0.0,0.979,-3.17,-4.07,0.26,-6.0,-0.068,0.0,-6.65,-7.24,0.52,2.945,-0.373,0.977,1.351,0.0
Zone_10,9,Residential,GRADUAL_DETERIORATION,15099,47,47.0,50.19,1.068,66.61,43.01,4,Normal,Good,0,0,0,44.47,52.11,50.05,4.0,0.0,0.0,0.946,45.92,58.28,47.19,5.75,0.0,0.0,0.977,5.72,14.5,-7.04,0.0,0.122,0.0,12.86,27.83,-14.07,3.324,-3.621,-0.065,1.975,0.0
Zone_10,10,Residential,GRADUAL_DETERIORATION,15099,47,47.0,46.61,0.992,62.33,43.66,10,Normal,Good,0,1,1,50.19,66.61,43.01,4.0,0.0,0.0,1.068,47.2,59.44,46.54,5.25,0.0,0.0,1.004,-3.58,-4.28,0.65,6.0,-0.076,0.0,-7.13,-6.43,1.51,3.087,0.715,0.784,-0.061,0.0
Zone_10,11,Residential,GRADUAL_DETERIORATION,15099,47,47.0,47.54,1.011,64.53,44.4,9,Normal,Good,0,1,1,46.61,62.33,43.66,10.0,1.0,1.0,0.992,47.23,59.31,46.63,7.0,1.0,0.25,1.005,0.93,2.2,0.74,-1.0,0.019,1.0,2.0,3.53,1.69,3.149,3.295,0.263,-2.543,0.3
Zone_10,12,Residential,GRADUAL_DETERIORATION,15099,47,47.0,47.11,1.002,62.99,44.64,8,Normal,Good,0,0,0,47.54,64.53,44.4,9.0,1.0,1.0,1.011,47.2,61.4,45.28,6.75,2.0,0.5,1.004,-0.43,-1.54,0.24,-1.0,-0.009,0.0,-0.9,-2.39,0.54,3.12,3.298,0.563,-1.63,0.4
Zone_10,13,Residential,GRADUAL_DETERIORATION,15099,47,47.0,47.93,1.02,67.0,41.13,8,Normal,Good,0,2,1,47.11,62.99,44.64,8.0,0.0,0.0,1.002,47.86,64.11,43.93,7.75,2.0,0.5,1.018,0.82,4.01,-3.51,0.0,0.018,-1.0,1.74,6.37,-7.86,3.174,-0.866,-0.831,0.563,0.0
Zone_10,14,Residential,GRADUAL_DETERIORATION,15099,47,47.0,54.2,1.153,72.71,41.93,2,Normal,Good,0,0,0,47.93,67.0,41.13,8.0,2.0,1.0,1.02,47.3,64.21,43.46,8.75,4.0,0.75,1.006,6.27,5.71,0.8,-6.0,0.133,2.0,13.08,8.52,1.95,3.59,1.247,0.353,-0.735,-0.1
Zone_10,15,Residential,GRADUAL_DETERIORATION,15099,47,47.0,50.84,1.082,71.64,39.05,8,Normal,Good,0,1,1,54.2,72.71,41.93,2.0,0.0,0.0,1.153,49.2,66.81,43.03,6.75,3.0,0.5,1.046,-3.36,-1.07,-2.88,6.0,-0.071,-2.0,-6.2,-1.47,-6.87,3.367,2.855,2.08,-1.092,-0.2
Zone_10,16,Residential,GRADUAL_DETERIORATION,15099,47,47.0,55.58,1.183,71.4,43.77,9,Normal,Good,0,0,0,50.84,71.64,39.05,8.0,1.0,1.0,1.082,50.02,68.58,41.69,6.5,3.0,0.5,1.064,4.74,-0.24,4.72,1.0,0.101,1.0,9.32,-0.34,12.09,3.681,3.166,1.746,-1.597,0.2
Zone_10,17,Residential,GRADUAL_DETERIORATION,15099,47,47.0,46.58,0.991,64.22,45.04,7,Normal,Good,0,0,0,55.58,71.4,43.77,9.0,0.0,0.0,1.183,52.14,70.69,41.47,6.75,3.0,0.5,1.11,-9.0,-7.18,1.27,-2.0,-0.192,-1.0,-16.19,-10.06,2.9,3.085,1.213,1.959,0.504,-0.2
Zone_10,18,Residential,GRADUAL_DETERIORATION,15099,47,47.0,47.01,1.0,61.61,47.64,5,Normal,Good,0,0,0,46.58,64.22,45.04,7.0,0.0,0.0,0.991,51.8,69.99,42.45,6.5,1.0,0.25,1.102,0.43,-2.61,2.6,-2.0,0.009,0.0,0.92,-4.06,5.77,3.113,-2.571,-1.812,1.405,-0.1
Zone_10,19,Residential,GRADUAL_DETERIORATION,15099,47,47.0,51.92,1.105,71.62,43.64,7,Normal,Good,0,1,1,47.01,61.61,47.64,5.0,0.0,0.0,1.0,50.0,67.22,43.88,7.25,1.0,0.25,1.064,4.91,10.01,-4.0,2.0,0.105,0.0,10.44,16.25,-8.4,3.439,-3.727,-2.049,2.704,-0.3
Zone_10,20,Residential,GRADUAL_DETERIORATION,15099,47,47.0,55.32,1.177,75.15,39.17,14,Normal,Good,0,2,1,51.92,71.62,43.64,7.0,1.0,1.0,1.105,50.27,67.21,45.02,7.0,1.0,0.25,1.07,3.4,3.53,-4.47,7.0,0.072,1.0,6.55,4.93,-10.24,3.664,-0.195,-1.055,0.221,0.3
Zone_10,21,Residential,GRADUAL_DETERIORATION,15099,47,47.0,55.76,1.186,73.8,42.53,8,Normal,Good,0,0,0,55.32,75.15,39.17,14.0,2.0,1.0,1.177,50.21,68.15,43.87,8.25,3.0,0.5,1.068,0.44,-1.35,3.36,-6.0,0.009,1.0,0.8,-1.8,8.58,3.693,4.28,3.113,-2.161,0.4
Zone_10,22,Residential,GRADUAL_DETERIORATION,15099,47,38.92,55.3,1.421,97.46,18.26,8,Light Rain,Moderate,0,1,1,55.76,73.8,42.53,8.0,0.0,0.0,1.186,52.5,70.54,43.24,8.5,3.0,0.5,1.117,-0.46,23.66,-24.27,0.0,0.235,-2.0,-0.82,32.06,-57.07,3.662,4.01,2.965,-1.98,0.0
Zone_10,23,Residential,GRADUAL_DETERIORATION,15099,47,47.0,53.4,1.136,73.36,42.28,4,Normal,Good,0,0,0,55.3,97.46,18.26,8.0,1.0,1.0,1.421,54.58,79.51,35.9,9.25,4.0,0.75,1.222,-1.9,-24.1,24.02,-4.0,-0.285,1.0,-3.44,-24.73,131.54,3.537,7.617,1.058,-7.278,-0.1
Zone_10,24,Residential,GRADUAL_DETERIORATION,15099,47,47.0,53.99,1.149,70.98,39.37,7,Normal,Good,0,1,1,53.4,73.36,42.28,4.0,0.0,0.0,1.136,54.94,79.94,35.56,8.5,3.0,0.5,1.23,0.59,-2.38,-2.91,3.0,0.013,-1.0,1.1,-3.24,-6.88,3.576,1.829,-0.622,-1.494,-0.2
Zone_10,25,Residential,GRADUAL_DETERIORATION,15099,47,47.0,50.79,1.081,67.58,39.45,6,Normal,Good,0,0,0,53.99,70.98,39.37,7.0,1.0,1.0,1.149,54.61,78.9,35.61,6.75,2.0,0.5,1.223,-3.2,-3.4,0.08,-1.0,-0.068,1.0,-5.93,-4.79,0.2,3.364,-3.256,-0.721,1.454,0.2
Zone_10,26,Residential,GRADUAL_DETERIORATION,15099,47,47.0,53.87,1.146,76.0,38.37,5,Normal,Good,0,1,1,50.79,67.58,39.45,6.0,0.0,0.0,1.081,53.37,77.34,34.84,6.25,2.0,0.5,1.197,3.08,8.42,-1.08,-1.0,0.065,-1.0,6.06,12.46,-2.74,3.568,-9.202,-1.294,6.066,-0.2
Zone_10,27,Residential,GRADUAL_DETERIORATION,15099,47,47.0,49.74,1.058,69.06,40.65,6,Normal,Good,0,1,1,53.87,76.0,38.37,5.0,1.0,1.0,1.146,53.01,71.98,39.87,5.5,2.0,0.5,1.128,-4.13,-6.94,2.28,1.0,-0.088,1.0,-7.67,-9.13,5.94,3.294,0.452,-0.179,-1.165,0.2
Zone_10,28,Residential,GRADUAL_DETERIORATION,15099,47,38.92,53.58,1.377,100.0,16.01,6,Light Rain,Moderate,0,2,1,49.74,69.06,40.65,6.0,1.0,1.0,1.058,52.1,70.9,39.46,6.0,3.0,0.75,1.108,3.84,30.94,-24.64,0.0,0.319,0.0,7.72,44.8,-60.61,3.549,0.266,-0.967,0.276,0.1
Zone_10,29,Residential,GRADUAL_DETERIORATION,15099,47,47.0,55.45,1.18,71.5,40.82,11,Normal,Good,0,2,1,53.58,100.0,16.01,6.0,2.0,1.0,1.377,52.0,78.16,33.62,5.75,4.0,0.75,1.166,1.87,-28.5,24.81,5.0,-0.197,1.0,3.49,-28.5,154.96,3.672,9.032,0.424,-6.804,0.3
Zone_10,30,Residential,GRADUAL_DETERIORATION,15099,47,47.0,53.04,1.129,71.0,44.08,11,Normal,Good,0,0,0,55.45,71.5,40.82,11.0,2.0,1.0,1.18,53.16,79.14,33.96,7.0,6.0,1.0,1.19,-2.41,-0.5,3.26,0.0,-0.051,0.0,-4.35,-0.7,7.99,3.513,1.744,0.858,-1.729,0.0
Zone_10,31,Residential,GRADUAL_DETERIORATION,15099,47,38.92,55.12,1.416,99.04,19.48,12,Light Rain,Moderate,0,1,1,53.04,71.0,44.08,11.0,0.0,0.0,1.129,52.95,77.89,35.39,8.5,5.0,0.75,1.186,2.08,28.04,-24.6,1.0,0.287,-2.0,3.92,39.49,-55.81,3.651,-2.268,1.177,3.51,-0.3
Zone_10,32,Residential,GRADUAL_DETERIORATION,15099,47,27.5,56.14,2.041,100.0,10.0,11,Heavy Rain,Poor,0,3,1,55.12,99.04,19.48,12.0,1.0,1.0,1.416,54.3,85.38,30.1,10.0,5.0,0.75,1.276,1.02,0.96,-9.48,-1.0,0.625,1.0,1.85,0.97,-48.67,3.718,-0.338,0.221,1.367,-0.1
Zone_10,33,Residential,GRADUAL_DETERIORATION,15099,47,38.92,60.1,1.544,100.0,14.3,8,Light Rain,Moderate,0,2,1,56.14,100.0,10.0,11.0,3.0,1.0,2.041,54.94,85.38,28.6,11.25,6.0,0.75,1.442,3.96,0.0,4.3,-3.0,-0.497,2.0,7.05,0.0,43.0,3.98,11.354,0.415,-11.706,0.1
Zone_10,34,Residential,GRADUAL_DETERIORATION,15099,47,38.92,60.86,1.564,100.0,19.3,14,Light Rain,Moderate,0,2,1,60.1,100.0,14.3,8.0,2.0,1.0,1.544,56.1,92.51,21.96,10.5,6.0,0.75,1.532,0.76,0.0,5.0,6.0,0.02,-1.0,1.26,0.0,34.96,4.031,8.796,2.22,-9.882,0.3
Zone_10,35,Residential,GRADUAL_DETERIORATION,15099,47,27.5,59.37,2.159,100.0,10.0,10,Heavy Rain,Poor,0,2,1,60.86,100.0,19.3,14.0,2.0,1.0,1.564,58.06,99.76,15.77,11.25,8.0,1.0,1.641,-1.49,0.0,-9.3,-4.0,0.595,0.0,-2.45,0.0,-48.19,3.932,0.288,2.118,0.376,0.0
Zone_10,36,Residential,GRADUAL_DETERIORATION,15099,47,27.5,52.99,1.927,100.0,10.0,9,Heavy Rain,Poor,0,2,1,59.37,100.0,10.0,10.0,2.0,1.0,2.159,59.12,100.0,13.4,10.75,9.0,1.0,1.827,-6.38,0.0,0.0,-1.0,-0.232,0.0,-10.75,0.0,0.0,3.51,0.0,1.045,0.5,0.0
Zone_10,37,Residential,GRADUAL_DETERIORATION,15099,47,47.0,50.87,1.082,68.66,37.58,12,Normal,Good,0,2,1,52.99,100.0,10.0,9.0,2.0,1.0,1.927,58.33,100.0,13.4,10.25,8.0,1.0,1.798,-2.12,-31.34,27.58,3.0,-0.845,0.0,-4.0,-31.34,275.8,3.369,0.0,-2.282,-2.22,0.0
Zone_10,38,Residential,GRADUAL_DETERIORATION,15099,47,38.92,48.82,1.254,87.46,23.26,14,Light Rain,Moderate,0,1,1,50.87,68.66,37.58,12.0,2.0,1.0,1.082,56.02,92.16,19.22,11.25,8.0,1.0,1.683,-2.05,18.8,-14.32,2.0,0.172,0.0,-4.03,27.38,-38.11,3.233,-9.402,-3.635,5.484,0.0
Zone_10,39,Residential,GRADUAL_DETERIORATION,15099,47,47.0,51.46,1.095,73.44,40.93,9,Normal,Good,0,1,1,48.82,87.46,23.26,14.0,1.0,1.0,1.254,53.01,89.03,20.21,11.25,7.0,1.0,1.605,2.64,-14.02,17.67,-5.0,-0.159,-1.0,5.41,-16.03,75.97,3.408,-6.896,-3.377,6.736,0.0
Zone_10,40,Residential,GRADUAL_DETERIORATION,15099,47,38.92,53.18,1.366,94.59,23.0,8,Light Rain,Moderate,0,5,1,51.46,73.44,40.93,9.0,1.0,1.0,1.095,51.04,82.39,27.94,11.0,6.0,1.0,1.34,1.72,21.15,-17.93,-1.0,0.271,0.0,3.34,28.8,-43.81,3.522,-6.088,-0.664,7.847,0.0
Zone_10,41,Residential,GRADUAL_DETERIORATION,15099,47,47.0,59.27,1.261,80.23,36.48,10,Normal,Good,0,3,1,53.18,94.59,23.0,8.0,5.0,1.0,1.366,51.08,81.04,31.19,10.75,9.0,1.0,1.199,6.09,-14.36,13.48,2.0,-0.105,4.0,11.45,-15.18,58.61,3.925,6.377,0.957,-2.607,0.0
Zone_10,42,Residential,GRADUAL_DETERIORATION,15099,47,38.92,58.01,1.49,100.0,23.44,9,Light Rain,Moderate,0,1,1,59.27,80.23,36.48,10.0,3.0,1.0,1.261,53.18,83.93,30.92,10.25,10.0,1.0,1.244,-1.26,19.77,-13.04,-1.0,0.229,-2.0,-2.13,24.64,-35.75,3.842,-0.054,3.307,2.173,0.0
Zone_10,43,Residential,GRADUAL_DETERIORATION,15099,47,47.0,64.45,1.371,88.99,34.19,11,Normal,Good,0,3,1,58.01,100.0,23.44,9.0,1.0,1.0,1.49,55.48,87.06,30.96,9.0,10.0,1.0,1.303,6.44,-11.01,10.75,2.0,-0.119,-2.0,11.1,-11.01,45.86,4.268,6.532,2.574,-3.899,0.0
Zone_10,44,Residential,GRADUAL_DETERIORATION,15099,47,47.0,65.28,1.389,87.67,35.62,4,Normal,Good,0,1,1,64.45,88.99,34.19,11.0,3.0,1.0,1.371,58.73,90.95,29.28,9.5,12.0,1.0,1.372,0.83,-1.32,1.43,-7.0,0.018,2.0,1.29,-1.48,4.18,4.323,0.297,3.255,2.053,0.0
Zone_10,45,Residential,GRADUAL_DETERIORATION,15099,47,38.92,64.62,1.66,100.0,21.69,13,Light Rain,Moderate,0,1,1,65.28,87.67,35.62,4.0,1.0,1.0,1.389,61.75,89.22,32.43,8.5,8.0,1.0,1.378,-0.66,12.33,-13.93,9.0,0.271,-2.0,-1.01,14.06,-39.11,4.28,1.131,2.447,0.817,0.0
Zone_10,46,Residential,GRADUAL_DETERIORATION,15099,47,47.0,61.23,1.303,77.28,37.75,5,Normal,Good,0,0,0,64.62,100.0,21.69,13.0,1.0,1.0,1.66,63.09,94.16,28.74,9.25,6.0,1.0,1.478,-3.39,-22.72,16.06,-8.0,-0.357,0.0,-5.25,-22.72,74.04,4.055,-0.132,2.066,-0.382,0.0
Zone_10,47,Residential,GRADUAL_DETERIORATION,15099,47,38.92,66.68,1.713,100.0,19.47,10,Light Rain,Moderate,0,3,1,61.23,77.28,37.75,5.0,0.0,0.0,1.303,63.9,88.48,32.31,8.25,5.0,0.75,1.431,5.45,22.72,-18.28,5.0,0.41,-1.0,8.9,29.4,-48.42,4.416,-2.28,-1.032,-0.325,-0.3
Zone_10,48,Residential,GRADUAL_DETERIORATION,15099,47,47.0,67.33,1.433,88.09,33.02,7,Normal,Good,0,2,1,66.68,100.0,19.47,10.0,3.0,1.0,1.713,64.45,91.24,28.63,8.0,5.0,0.75,1.516,0.65,-11.91,13.55,-3.0,-0.28,3.0,0.97,-11.91,69.59,4.459,1.427,0.081,-3.239,-0.1
Zone_10,49,Residential,GRADUAL_DETERIORATION,15099,47,47.0,65.37,1.391,85.39,35.36,7,Normal,Good,0,2,1,67.33,88.09,33.02,7.0,2.0,1.0,1.433,64.96,91.34,27.98,8.75,6.0,0.75,1.527,-1.96,-2.7,2.34,0.0,-0.042,-1.0,-2.91,-3.07,7.09,4.329,-1.301,1.358,1.571,0.1
Zone_10,50,Residential,GRADUAL_DETERIORATION,15099,47,47.0,62.17,1.323,86.82,31.27,5,Normal,Good,0,2,1,65.37,85.39,35.36,7.0,2.0,1.0,1.391,65.15,87.69,31.4,7.25,7.0,0.75,1.46,-3.2,1.43,-4.09,-2.0,-0.068,0.0,-4.9,1.67,-11.57,4.117,1.242,1.307,0.638,0.3
Zone_10,51,Residential,GRADUAL_DETERIORATION,15099,47,47.0,67.72,1.441,87.87,32.73,9,Normal,Good,0,1,1,62.17,86.82,31.27,5.0,2.0,1.0,1.323,65.39,90.08,29.78,7.25,9.0,1.0,1.465,5.55,1.05,1.46,4.0,0.118,0.0,8.93,1.21,4.67,4.485,-4.224,-1.549,3.774,0.0
Zone_10,52,Residential,GRADUAL_DETERIORATION,15099,47,47.0,66.42,1.413,85.64,33.92,8,Normal,Good,0,2,1,67.72,87.87,32.73,9.0,1.0,1.0,1.441,65.65,87.04,33.1,7.0,7.0,1.0,1.397,-1.3,-2.23,1.19,-1.0,-0.028,-1.0,-1.92,-2.54,3.64,4.399,0.077,-0.203,-0.496,0.0
Zone_11,1,Residential,RECOVERY_AFTER_DISRUPTION,9955,43,43.0,23.33,0.543,26.59,58.03,1,Normal,Good,0,0,0,,,,,,,,,,,,,,,,,,,,,,,,2.344,,,,
Zone_11,2,Residential,RECOVERY_AFTER_DISRUPTION,9955,43,43.0,21.39,0.497,20.9,58.78,5,Normal,Good,0,0,0,23.33,26.59,58.03,1.0,0.0,0.0,0.543,,,,,,,,-1.94,-5.69,0.75,4.0,-0.046,,-8.32,-21.4,1.29,2.149,,,,
Zone_11,3,Residential,RECOVERY_AFTER_DISRUPTION,9955,43,43.0,18.48,0.43,19.69,58.85,2,Normal,Good,0,0,0,21.39,20.9,58.78,5.0,0.0,0.0,0.497,,,,,,,,-2.91,-1.21,0.07,-3.0,-0.067,0.0,-13.6,-5.79,0.12,1.856,,,,
Zone_11,4,Residential,RECOVERY_AFTER_DISRUPTION,9955,43,43.0,22.83,0.531,26.31,59.54,5,Normal,Good,0,1,1,18.48,19.69,58.85,2.0,0.0,0.0,0.43,,,,,,,,4.35,6.62,0.69,3.0,0.101,0.0,23.54,33.62,1.17,2.293,,,,
Zone_11,5,Residential,RECOVERY_AFTER_DISRUPTION,9955,43,43.0,24.79,0.577,29.85,57.18,3,Normal,Good,0,1,1,22.83,26.31,59.54,5.0,1.0,1.0,0.531,21.51,23.37,58.8,3.25,1.0,0.25,0.5,1.96,3.54,-2.36,-2.0,0.046,1.0,8.59,13.45,-3.96,2.49,-0.205,-0.441,0.46,0.3
Zone_11,6,Residential,RECOVERY_AFTER_DISRUPTION,9955,43,43.0,26.71,0.621,29.97,59.12,4,Normal,Good,0,0,0,24.79,29.85,57.18,3.0,1.0,1.0,0.577,21.87,24.19,58.59,3.75,2.0,0.5,0.509,1.92,0.12,1.94,1.0,0.044,0.0,7.75,0.4,3.39,2.683,3.347,1.455,-0.411,0.4
Zone_11,7,Residential,RECOVERY_AFTER_DISRUPTION,9955,43,43.0,29.41,0.684,42.32,52.75,7,Normal,Good,0,0,0,26.71,29.97,59.12,4.0,0.0,0.0,0.621,23.2,26.46,58.67,3.5,2.0,0.5,0.54,2.7,12.35,-6.37,3.0,0.063,-1.0,10.11,41.21,-10.77,2.954,3.438,2.665,-0.155,0.0
Zone_11,8,Residential,RECOVERY_AFTER_DISRUPTION,9955,43,35.6,32.58,0.915,61.24,38.77,8,Light Rain,Moderate,0,2,1,29.41,42.32,52.75,7.0,0.0,0.0,0.684,25.94,32.11,57.15,4.75,2.0,0.5,0.603,3.17,18.92,-13.98,1.0,0.231,0.0,10.78,44.71,-26.5,3.273,4.815,2.166,-1.843,-0.4
Zone_11,9,Residential,RECOVERY_AFTER_DISRUPTION,9955,43,43.0,36.12,0.84,50.78,50.99,5,Normal,Good,0,0,0,32.58,61.24,38.77,8.0,2.0,1.0,0.915,28.37,40.84,51.96,5.5,3.0,0.5,0.699,3.54,-10.46,12.22,-3.0,-0.075,2.0,10.87,-17.08,31.52,3.628,10.652,2.607,-6.16,0.0
Zone_11,10,Residential,RECOVERY_AFTER_DISRUPTION,9955,43,43.0,32.01,0.744,40.92,52.94,7,Normal,Good,0,0,0,36.12,50.78,50.99,5.0,0.0,0.0,0.84,31.2,46.08,50.41,6.0,2.0,0.25,0.765,-4.11,-9.86,1.95,2.0,-0.096,-2.0,-11.38,-19.42,3.82,3.215,8.135,3.14,-3.837,0.1
Zone_11,11,Residential,RECOVERY_AFTER_DISRUPTION,9955,43,43.0,32.2,0.749,43.87,49.83,5,Normal,Good,0,0,0,32.01,40.92,52.94,7.0,0.0,0.0,0.744,32.53,48.82,48.86,6.75,2.0,0.25,0.796,0.19,2.95,-3.11,-2.0,0.005,0.0,0.59,7.21,-5.87,3.235,-1.466,1.134,1.279,-0.1
Zone_11,12,Residential,RECOVERY_AFTER_DISRUPTION,9955,43,43.0,29.65,0.69,41.84,50.33,5,Normal,Good,0,1,1,32.2,43.87,49.83,5.0,0.0,0.0,0.749,33.23,49.2,48.13,6.25,2.0,0.25,0.812,-2.55,-2.03,0.5,0.0,-0.059,0.0,-7.92,-4.63,1.0,2.978,-6.197,-0.525,3.513,-0.3
Zone_11,13,Residential,RECOVERY_AFTER_DISRUPTION,9955,43,43.0,26.99,0.628,28.13,60.34,4,Normal,Good,0,0,0,29.65,41.84,50.33,5.0,1.0,1.0,0.69,32.49,44.35,51.02,5.5,1.0,0.25,0.756,-2.66,-13.71,10.01,-1.0,-0.062,1.0,-8.97,-32.77,19.89,2.711,-2.387,-1.922,-0.509,0.3
Zone_11,14,Residential,RECOVERY_AFTER_DISRUPTION,9955,43,35.6,29.8,0.837,50.41,39.59,5,Light Rain,Moderate,0,0,0,26.99,28.13,60.34,4.0,0.0,0.0,0.628,30.21,38.69,53.36,5.25,1.0,0.25,0.703,2.81,22.28,-20.75,1.0,0.209,-1.0,10.41,79.2,-34.39,2.993,-4.04,-1.761,2.27,0.1
Zone_11,15,Residential,RECOVERY_AFTER_DISRUPTION,9955,43,43.0,31.82,0.74,46.02,46.78,7,Normal,Good,0,0,0,29.8,50.41,39.59,5.0,0.0,0.0,0.837,29.66,41.06,50.02,4.75,1.0,0.25,0.726,2.02,-4.39,7.19,2.0,-0.097,0.0,6.78,-8.71,18.16,3.196,0.591,-0.986,-2.071,-0.1
Zone_11,16,Residential,RECOVERY_AFTER_DISRUPTION,9955,43,43.0,32.84,0.764,43.19,52.69,2,Normal,Good,0,0,0,31.82,46.02,46.78,7.0,0.0,0.0,0.74,29.56,41.6,49.26,5.25,1.0,0.25,0.724,1.02,-2.83,5.91,-5.0,0.024,0.0,3.21,-6.15,12.63,3.299,3.482,0.932,-3.14,-0.3
Zone_11,17,Residential,RECOVERY_AFTER_DISRUPTION,9955,43,35.6,31.44,0.883,63.7,37.27,6,Light Rain,Moderate,0,2,1,32.84,43.19,52.69,2.0,0.0,0.0,0.764,30.36,41.94,49.85,4.5,0.0,0.0,0.742,-1.4,20.51,-15.42,4.0,0.119,0.0,-4.26,47.49,-29.27,3.158,4.079,1.957,-1.576,0.0
Zone_11,18,Residential,RECOVERY_AFTER_DISRUPTION,9955,43,43.0,35.26,0.82,46.75,49.75,4,Normal,Good,0,0,0,31.44,63.7,37.27,6.0,2.0,1.0,0.883,31.48,50.83,44.08,5.0,2.0,0.25,0.806,3.82,-16.95,12.48,-2.0,-0.063,2.0,12.15,-26.61,33.49,3.542,3.704,0.594,-0.105,0.3
Zone_11,19,Residential,RECOVERY_AFTER_DISRUPTION,9955,43,35.6,42.55,1.195,81.24,28.48,9,Light Rain,Moderate,0,2,1,35.26,46.75,49.75,4.0,0.0,0.0,0.82,32.84,49.92,46.62,4.75,2.0,0.25,0.802,7.29,34.49,-21.27,5.0,0.375,-2.0,20.67,73.78,-42.75,4.274,2.27,0.892,-0.651,0.1
Zone_11,20,Residential,RECOVERY_AFTER_DISRUPTION,9955,43,43.0,43.27,1.006,59.8,45.5,6,Normal,Good,0,1,1,42.55,81.24,28.48,9.0,2.0,1.0,1.195,35.52,58.72,42.05,5.25,4.0,0.5,0.916,0.72,-21.44,17.02,-3.0,-0.189,2.0,1.69,-26.39,59.76,4.347,9.72,3.295,-6.015,0.2
Zone_11,21,Residential,RECOVERY_AFTER_DISRUPTION,9955,43,35.26,40.62,1.152,71.01,43.07,6,Normal,Good,0,2,1,43.27,59.8,45.5,6.0,1.0,1.0,1.006,38.13,62.87,40.25,6.25,5.0,0.75,0.976,-2.65,11.21,-2.43,0.0,0.146,-1.0,-6.12,18.75,-5.34,4.08,2.279,4.278,0.342,0.1
Zone_11,22,Residential,RECOVERY_AFTER_DISRUPTION,9955,43,35.26,37.96,1.077,69.13,40.22,9,Normal,Good,0,4,1,40.62,71.01,43.07,6.0,2.0,1.0,1.152,40.42,64.7,41.7,6.25,5.0,0.75,1.043,-2.66,-1.88,-2.85,3.0,-0.075,1.0,-6.55,-2.65,-6.62,3.813,5.134,1.68,-0.302,0.3
Zone_11,23,Residential,RECOVERY_AFTER_DISRUPTION,9955,43,35.26,41.26,1.17,72.87,39.73,6,Normal,Good,0,1,1,37.96,69.13,40.22,9.0,4.0,1.0,1.077,41.1,70.3,39.32,7.5,9.0,1.0,1.108,3.3,3.74,-0.49,-3.0,0.093,2.0,8.69,5.41,-1.22,4.145,-2.512,-1.642,3.279,0.0
Zone_11,24,Residential,RECOVERY_AFTER_DISRUPTION,9955,43,35.26,43.21,1.225,78.64,38.08,9,Normal,Good,0,1,1,41.26,72.87,39.73,6.0,1.0,1.0,1.17,40.78,68.2,42.13,6.75,8.0,1.0,1.101,1.95,5.77,-1.65,3.0,0.055,-3.0,4.73,7.92,-4.15,4.341,3.733,-0.869,-2.016,0.0
Zone_11,25,Residential,RECOVERY_AFTER_DISRUPTION,9955,43,35.26,43.49,1.233,74.88,38.79,5,Normal,Good,0,1,1,43.21,78.64,38.08,9.0,1.0,1.0,1.225,40.76,72.91,40.28,7.5,8.0,1.0,1.156,0.28,-3.76,0.71,-4.0,0.008,0.0,0.65,-4.78,1.86,4.369,2.663,1.107,-1.546,0.0
Zone_11,26,Residential,RECOVERY_AFTER_DISRUPTION,9955,43,35.26,44.62,1.265,78.63,38.15,6,Normal,Good,0,2,1,43.49,74.88,38.79,5.0,1.0,1.0,1.233,41.48,73.88,39.2,7.25,7.0,1.0,1.176,1.13,3.75,-0.64,1.0,0.032,0.0,2.6,5.01,-1.65,4.482,2.302,1.854,-0.594,0.0
Zone_11,27,Residential,RECOVERY_AFTER_DISRUPTION,9955,43,35.26,51.3,1.455,87.67,33.73,10,Normal,Good,0,0,0,44.62,78.63,38.15,6.0,2.0,1.0,1.265,43.14,76.26,38.69,6.5,5.0,1.0,1.223,6.68,9.04,-4.42,4.0,0.19,1.0,14.97,11.5,-11.59,5.153,1.352,1.036,-0.403,0.0
Zone_11,28,Residential,RECOVERY_AFTER_DISRUPTION,9955,43,35.26,54.25,1.539,91.17,30.95,8,Normal,Good,0,0,0,51.3,87.67,33.73,10.0,0.0,0.0,1.455,45.66,79.96,37.19,7.5,4.0,0.75,1.294,2.95,3.5,-2.78,-2.0,0.084,-2.0,5.75,3.99,-8.24,5.45,3.084,2.54,-1.369,-0.3
Zone_11,29,Residential,RECOVERY_AFTER_DISRUPTION,9955,43,35.6,49.75,1.397,96.84,21.39,10,Light Rain,Moderate,0,3,1,54.25,91.17,30.95,8.0,0.0,0.0,1.539,48.42,83.09,35.4,7.25,3.0,0.5,1.373,-4.5,5.67,-9.56,2.0,-0.142,0.0,-8.29,6.22,-30.89,4.997,5.791,3.896,-2.794,-0.4
Zone_11,30,Residential,RECOVERY_AFTER_DISRUPTION,9955,43,43.0,42.78,0.995,64.19,44.34,7,Normal,Good,0,0,0,49.75,96.84,21.39,10.0,3.0,1.0,1.397,49.98,88.58,31.06,8.5,5.0,0.5,1.414,-6.97,-32.65,22.95,-3.0,-0.402,3.0,-14.01,-33.72,107.29,4.297,5.813,1.834,-5.306,0.0
Zone_11,31,Residential,RECOVERY_AFTER_DISRUPTION,9955,43,35.6,39.49,1.109,76.67,29.78,11,Light Rain,Moderate,0,3,1,42.78,64.19,44.34,7.0,0.0,0.0,0.995,49.52,84.97,32.6,8.75,3.0,0.25,1.346,-3.29,12.48,-14.56,4.0,0.114,-3.0,-7.69,19.44,-32.84,3.967,-6.477,-3.006,2.227,0.1
Zone_11,32,Residential,RECOVERY_AFTER_DISRUPTION,9955,43,25.16,32.58,1.295,100.0,10.0,13,Heavy Rain,Poor,0,1,1,39.49,76.67,29.78,11.0,3.0,1.0,1.109,46.57,82.22,31.62,9.0,6.0,0.5,1.26,-6.91,23.33,-19.78,2.0,0.186,3.0,-17.5,30.43,-66.42,3.273,-7.615,-5.125,1.944,0.2
Zone_11,33,Residential,RECOVERY_AFTER_DISRUPTION,9955,43,35.6,34.44,0.967,67.79,36.73,6,Light Rain,Moderate,0,2,1,32.58,100.0,10.0,13.0,1.0,1.0,1.295,41.15,84.42,26.38,10.25,7.0,0.75,1.199,1.86,-32.21,26.73,-7.0,-0.328,-2.0,5.71,-32.21,267.3,3.46,2.196,-5.48,-4.873,0.1
Zone_11,34,Residential,RECOVERY_AFTER_DISRUPTION,9955,43,43.0,36.1,0.84,50.37,51.08,4,Normal,Good,0,0,0,34.44,67.79,36.73,6.0,2.0,1.0,0.967,37.32,77.16,30.21,9.25,6.0,0.75,1.092,1.66,-17.42,14.35,-2.0,-0.127,1.0,4.82,-25.7,39.07,3.626,3.413,-3.193,-4.261,0.3
Zone_11,35,Residential,RECOVERY_AFTER_DISRUPTION,9955,43,35.6,34.99,0.983,71.51,29.99,8,Light Rain,Moderate,0,2,1,36.1,50.37,51.08,4.0,0.0,0.0,0.84,35.65,73.71,31.9,8.5,6.0,0.75,1.053,-1.11,21.14,-21.09,4.0,0.143,-2.0,-3.07,41.97,-41.29,3.515,-11.111,-0.831,9.063,-0.3
Zone_11,36,Residential,RECOVERY_AFTER_DISRUPTION,9955,43,25.16,36.79,1.462,100.0,10.0,9,Heavy Rain,Poor,0,1,1,34.99,71.51,29.99,8.0,2.0,1.0,0.983,34.53,72.42,31.95,7.75,5.0,0.75,1.021,1.8,28.49,-19.99,1.0,0.479,2.0,5.14,39.84,-66.66,3.696,-10.289,0.889,7.432,-0.1
Zone_11,37,Residential,RECOVERY_AFTER_DISRUPTION,9955,43,43.0,31.31,0.728,38.51,58.2,5,Normal,Good,0,2,1,36.79,100.0,10.0,9.0,1.0,1.0,1.462,35.58,72.42,31.95,6.75,5.0,0.75,1.063,-5.48,-61.49,48.2,-4.0,-0.734,-1.0,-14.9,-61.49,482.0,3.145,11.777,0.594,-10.128,0.1
Zone_11,38,Residential,RECOVERY_AFTER_DISRUPTION,9955,43,43.0,26.27,0.611,32.09,56.81,3,Normal,Good,0,1,1,31.31,38.51,58.2,5.0,2.0,1.0,0.728,34.8,65.1,37.32,6.5,5.0,0.75,1.003,-5.04,-6.42,-1.39,-2.0,-0.117,1.0,-16.1,-16.67,-2.39,2.639,-0.709,-1.257,0.137,0.3
Zone_11,39,Residential,RECOVERY_AFTER_DISRUPTION,9955,43,43.0,26.24,0.61,28.82,58.61,5,Normal,Good,0,0,0,26.27,32.09,56.81,3.0,1.0,1.0,0.611,32.34,60.53,38.75,6.25,6.0,1.0,0.946,-0.03,-3.27,1.8,2.0,-0.001,-1.0,-0.11,-10.19,3.17,2.636,-17.975,-3.164,12.866,0.0
Zone_11,40,Residential,RECOVERY_AFTER_DISRUPTION,9955,43,43.0,21.73,0.505,23.69,56.39,4,Normal,Good,0,0,0,26.24,28.82,58.61,5.0,0.0,0.0,0.61,30.15,49.86,45.9,5.5,4.0,0.75,0.853,-4.51,-5.13,-2.22,-1.0,-0.105,-1.0,-17.19,-17.8,-3.79,2.183,-21.996,-3.669,14.444,-0.3
Zone_11,41,Residential,RECOVERY_AFTER_DISRUPTION,9955,43,43.0,27.63,0.643,33.55,57.21,8,Normal,Good,0,0,0,21.73,23.69,56.39,4.0,0.0,0.0,0.505,26.39,30.78,57.5,4.25,3.0,0.5,0.613,5.9,9.86,0.82,4.0,0.138,0.0,27.15,41.62,1.45,2.775,-4.773,-2.877,-0.363,-0.4
Zone_11,42,Residential,RECOVERY_AFTER_DISRUPTION,9955,43,43.0,31.58,0.734,37.84,58.51,3,Normal,Good,0,0,0,27.63,33.55,57.21,8.0,0.0,0.0,0.643,25.47,29.54,57.26,5.0,1.0,0.25,0.592,3.95,4.29,1.3,-5.0,0.091,0.0,14.3,12.79,2.27,3.172,-0.075,-0.043,-0.102,-0.3
Zone_11,43,Residential,RECOVERY_AFTER_DISRUPTION,9955,43,35.6,26.42,0.742,42.75,42.58,6,Light Rain,Moderate,0,1,1,31.58,37.84,58.51,3.0,0.0,0.0,0.734,26.8,30.98,57.68,5.0,0.0,0.0,0.623,-5.16,4.91,-15.93,3.0,0.008,0.0,-16.34,12.98,-27.23,2.654,3.692,2.192,0.052,0.0
Zone_11,44,Residential,RECOVERY_AFTER_DISRUPTION,9955,43,35.6,17.41,0.489,22.01,54.28,5,Light Rain,Moderate,0,0,0,26.42,42.75,42.58,6.0,1.0,1.0,0.742,26.84,34.46,53.67,5.25,1.0,0.25,0.656,-9.01,-20.74,11.7,-1.0,-0.253,1.0,-34.1,-48.51,27.48,1.749,6.147,1.802,-4.013,0.3
Zone_11,45,Residential,RECOVERY_AFTER_DISRUPTION,9955,43,35.6,21.12,0.593,34.37,48.2,4,Light Rain,Moderate,0,0,0,17.41,22.01,54.28,5.0,0.0,0.0,0.489,25.76,34.04,53.14,5.5,1.0,0.25,0.652,3.71,12.36,-6.08,-1.0,0.104,-1.0,21.31,56.16,-11.2,2.122,-2.971,-3.582,-2.472,0.1
Zone_11,46,Residential,RECOVERY_AFTER_DISRUPTION,9955,43,43.0,23.3,0.542,27.27,59.79,6,Normal,Good,0,1,1,21.12,34.37,48.2,4.0,0.0,0.0,0.593,24.13,34.24,50.89,4.5,1.0,0.25,0.64,2.18,-7.1,11.59,2.0,-0.051,0.0,10.32,-20.66,24.05,2.341,-3.115,-4.039,-1.923,-0.1
Zone_11,47,Residential,RECOVERY_AFTER_DISRUPTION,9955,43,43.0,28.73,0.668,34.61,56.91,5,Normal,Good,0,0,0,23.3,27.27,59.79,6.0,1.0,1.0,0.542,22.06,31.6,51.21,5.25,2.0,0.5,0.592,5.43,7.34,-2.88,-1.0,0.126,1.0,23.3,26.92,-4.82,2.886,-3.408,-0.565,4.555,0.0
Zone_11,48,Residential,RECOVERY_AFTER_DISRUPTION,9955,43,43.0,26.72,0.621,31.24,54.98,3,Normal,Good,0,0,0,28.73,34.61,56.91,5.0,0.0,0.0,0.668,22.64,29.56,54.8,5.0,1.0,0.25,0.573,-2.01,-3.37,-1.93,-2.0,-0.047,-1.0,-7.0,-9.74,-3.39,2.684,3.07,3.614,1.948,0.1
Zone_11,49,Residential,RECOVERY_AFTER_DISRUPTION,9955,43,43.0,25.41,0.591,28.58,61.85,4,Normal,Good,0,0,0,26.72,31.24,54.98,3.0,0.0,0.0,0.621,24.97,31.87,54.97,4.5,1.0,0.25,0.606,-1.31,-2.66,6.87,1.0,-0.03,0.0,-4.9,-8.51,12.5,2.552,-0.205,2.223,1.746,-0.1
Zone_11,50,Residential,RECOVERY_AFTER_DISRUPTION,9955,43,43.0,21.51,0.5,26.87,59.92,3,Normal,Good,0,0,0,25.41,28.58,61.85,4.0,0.0,0.0,0.591,26.04,30.42,58.38,4.5,1.0,0.25,0.606,-3.9,-1.71,-1.93,-1.0,-0.091,0.0,-15.35,-5.98,-3.12,2.161,0.056,0.432,0.425,-0.3
Zone_11,51,Residential,RECOVERY_AFTER_DISRUPTION,9955,43,35.6,27.93,0.785,46.41,42.96,5,Light Rain,Moderate,0,0,0,21.51,26.87,59.92,3.0,0.0,0.0,0.5,25.59,30.32,58.42,3.75,0.0,0.0,0.595,6.42,19.54,-16.96,2.0,0.285,0.0,29.85,72.72,-28.3,2.806,-2.588,-2.297,1.59,0.0
Zone_11,52,Residential,RECOVERY_AFTER_DISRUPTION,9955,43,43.0,35.9,0.835,50.15,49.5,7,Normal,Good,0,0,0,27.93,46.41,42.96,5.0,0.0,0.0,0.785,25.39,33.28,54.93,3.75,0.0,0.0,0.624,7.97,3.74,6.54,2.0,0.05,0.0,28.54,8.06,15.22,3.606,4.38,-0.027,-3.799,0.0
Zone_12,1,Commercial_Downtown,GRADUAL_IMPROVEMENT,8725,68,68.0,48.76,0.717,40.39,52.96,5,Normal,Good,0,0,0,,,,,,,,,,,,,,,,,,,,,,,,5.589,,,,
Zone_12,2,Commercial_Downtown,GRADUAL_IMPROVEMENT,8725,68,68.0,48.26,0.71,37.74,56.29,8,Normal,Good,0,2,1,48.76,40.39,52.96,5.0,0.0,0.0,0.717,,,,,,,,-0.5,-2.65,3.33,3.0,-0.007,,-1.03,-6.56,6.29,5.531,,,,
Zone_12,3,Commercial_Downtown,GRADUAL_IMPROVEMENT,8725,68,56.3,45.5,0.808,50.3,44.98,6,Light Rain,Moderate,0,3,1,48.26,37.74,56.29,8.0,2.0,1.0,0.71,,,,,,,,-2.76,12.56,-11.31,-2.0,0.098,2.0,-5.72,33.28,-20.09,5.215,,,,
Zone_12,4,Commercial_Downtown,GRADUAL_IMPROVEMENT,8725,68,56.3,41.65,0.74,46.89,44.89,7,Light Rain,Moderate,0,0,0,45.5,50.3,44.98,6.0,3.0,1.0,0.808,,,,,,,,-3.85,-3.41,-0.09,1.0,-0.068,1.0,-8.46,-6.78,-0.2,4.774,,,,
Zone_12,5,Commercial_Downtown,GRADUAL_IMPROVEMENT,8725,68,68.0,48.17,0.708,35.7,56.49,13,Normal,Good,0,0,0,41.65,46.89,44.89,7.0,0.0,0.0,0.74,46.04,43.83,49.78,6.5,5.0,0.5,0.744,6.52,-11.19,11.6,6.0,-0.032,-3.0,15.65,-23.86,25.84,5.521,3.206,-2.409,-3.552,0.0
Zone_12,6,Commercial_Downtown,GRADUAL_IMPROVEMENT,8725,68,68.0,44.81,0.659,39.86,53.48,11,Normal,Good,0,0,0,48.17,35.7,56.49,13.0,0.0,0.0,0.708,45.9,42.66,50.66,8.5,5.0,0.5,0.741,-3.36,4.16,-3.01,-2.0,-0.049,0.0,-6.98,11.65,-5.33,5.136,-0.953,-0.412,0.051,-0.4
Zone_12,7,Commercial_Downtown,GRADUAL_IMPROVEMENT,8725,68,56.3,40.54,0.72,42.97,44.8,7,Light Rain,Moderate,0,0,0,44.81,39.86,53.48,11.0,0.0,0.0,0.659,45.03,43.19,49.96,9.25,3.0,0.25,0.729,-4.27,3.11,-8.68,-4.0,0.061,0.0,-9.53,7.8,-16.23,4.646,-4.251,0.445,3.71,-0.3
Zone_12,8,Commercial_Downtown,GRADUAL_IMPROVEMENT,8725,68,68.0,39.64,0.583,28.64,57.58,5,Normal,Good,0,0,0,40.54,42.97,44.8,7.0,0.0,0.0,0.72,43.79,41.36,49.92,9.5,0.0,0.0,0.707,-0.9,-14.33,12.78,-2.0,-0.137,0.0,-2.22,-33.35,28.53,4.543,-0.76,-0.669,-0.328,0.0
Zone_12,9,Commercial_Downtown,GRADUAL_IMPROVEMENT,8725,68,68.0,41.25,0.607,26.25,58.87,4,Normal,Good,0,0,0,39.64,28.64,57.58,5.0,0.0,0.0,0.583,43.29,36.79,53.09,9.0,0.0,0.0,0.668,1.61,-2.39,1.29,-1.0,0.024,0.0,4.06,-8.34,2.24,4.728,-1.807,-2.986,-0.541,0.0
Zone_12,10,Commercial_Downtown,GRADUAL_IMPROVEMENT,8725,68,56.3,38.43,0.683,40.0,45.16,7,Light Rain,Moderate,0,2,1,41.25,26.25,58.87,4.0,0.0,0.0,0.607,41.56,34.43,53.68,6.75,0.0,0.0,0.642,-2.82,13.75,-13.71,3.0,0.076,0.0,-6.84,52.38,-23.29,4.405,-5.516,-1.158,2.895,0.0
Zone_12,11,Commercial_Downtown,GRADUAL_IMPROVEMENT,8725,68,68.0,34.96,0.514,23.74,59.92,5,Normal,Good,0,0,0,38.43,40.0,45.16,7.0,2.0,1.0,0.683,39.96,34.47,51.6,5.75,2.0,0.25,0.648,-3.47,-16.26,14.76,-2.0,-0.169,2.0,-9.03,-40.65,32.68,4.007,-1.13,-0.472,0.237,0.3
Zone_12,12,Commercial_Downtown,GRADUAL_IMPROVEMENT,8725,68,68.0,40.81,0.6,31.94,57.13,7,Normal,Good,0,0,0,34.96,23.74,59.92,5.0,0.0,0.0,0.514,38.57,29.66,55.38,5.25,2.0,0.25,0.597,5.85,8.2,-2.79,2.0,0.086,-2.0,16.73,34.54,-4.66,4.677,-0.095,-1.686,-0.669,0.1
Zone_12,13,Commercial_Downtown,GRADUAL_IMPROVEMENT,8725,68,68.0,47.31,0.696,40.22,54.23,10,Normal,Good,0,0,0,40.81,31.94,57.13,7.0,0.0,0.0,0.6,38.86,30.48,55.27,5.75,2.0,0.25,0.601,6.5,8.28,-2.9,3.0,0.096,0.0,15.93,25.92,-5.08,5.422,0.081,-0.479,0.954,-0.1
Zone_12,14,Commercial_Downtown,GRADUAL_IMPROVEMENT,8725,68,68.0,39.26,0.577,29.77,56.14,11,Normal,Good,0,0,0,47.31,40.22,54.23,10.0,0.0,0.0,0.696,40.38,33.98,54.11,7.25,2.0,0.25,0.623,-8.05,-10.45,1.91,1.0,-0.119,0.0,-17.02,-25.98,3.52,4.5,0.886,3.249,2.442,-0.3
Zone_12,15,Commercial_Downtown,GRADUAL_IMPROVEMENT,8725,68,68.0,42.77,0.629,27.84,59.81,6,Normal,Good,0,0,0,39.26,29.77,56.14,11.0,0.0,0.0,0.577,40.58,31.42,56.86,8.25,0.0,0.0,0.597,3.51,-1.93,3.67,-5.0,0.052,0.0,8.94,-6.48,6.54,4.902,2.637,1.94,-1.424,0.0
Zone_12,16,Commercial_Downtown,GRADUAL_IMPROVEMENT,8725,68,56.3,37.16,0.66,41.34,44.19,5,Light Rain,Moderate,0,0,0,42.77,27.84,59.81,6.0,0.0,0.0,0.629,42.54,32.44,56.83,8.5,0.0,0.0,0.626,-5.61,13.5,-15.62,-1.0,0.031,0.0,-13.12,48.49,-26.12,4.259,-2.275,-0.217,0.995,0.0
Zone_12,17,Commercial_Downtown,GRADUAL_IMPROVEMENT,8725,68,68.0,40.38,0.594,24.94,60.64,2,Normal,Good,0,0,0,37.16,41.34,44.19,5.0,0.0,0.0,0.66,41.62,34.79,53.59,8.0,0.0,0.0,0.64,3.22,-16.4,16.45,-3.0,-0.066,0.0,8.67,-39.67,37.23,4.628,0.143,-2.694,-2.645,0.0
Zone_12,18,Commercial_Downtown,GRADUAL_IMPROVEMENT,8725,68,57.8,48.56,0.84,48.98,50.73,14,Normal,Good,1,1,1,40.38,24.94,60.64,2.0,0.0,0.0,0.594,39.89,30.97,55.19,6.0,0.0,0.0,0.615,8.18,24.04,-9.91,12.0,0.246,0.0,20.26,96.39,-16.34,5.566,-0.099,-0.225,-0.212,0.0
Zone_12,19,Commercial_Downtown,GRADUAL_IMPROVEMENT,8725,68,57.8,52.3,0.905,58.93,45.02,16,Normal,Good,1,0,0,48.56,48.98,50.73,14.0,1.0,1.0,0.84,42.22,35.78,53.84,6.75,1.0,0.25,0.681,3.74,9.95,-5.71,2.0,0.065,1.0,7.7,20.31,-11.26,5.994,4.702,2.059,-1.079,0.3
Zone_12,20,Commercial_Downtown,GRADUAL_IMPROVEMENT,8725,68,56.3,48.4,0.86,55.91,40.69,5,Light Rain,Moderate,0,0,0,52.3,58.93,45.02,16.0,0.0,0.0,0.905,44.6,43.55,50.14,9.25,1.0,0.25,0.75,-3.9,-3.02,-4.33,-11.0,-0.045,-1.0,-7.46,-5.12,-9.62,5.547,7.681,5.36,-0.742,0.1
Zone_12,21,Commercial_Downtown,GRADUAL_IMPROVEMENT,8725,68,68.0,34.57,0.508,22.66,61.73,5,Normal,Good,0,0,0,48.4,55.91,40.69,5.0,0.0,0.0,0.86,47.41,47.19,49.27,9.25,1.0,0.25,0.8,-13.83,-33.25,21.04,0.0,-0.352,0.0,-28.57,-59.47,51.71,3.962,10.286,2.78,-6.556,-0.1
Zone_12,22,Commercial_Downtown,GRADUAL_IMPROVEMENT,8725,68,68.0,34.23,0.503,23.55,60.95,6,Normal,Good,0,1,1,34.57,22.66,61.73,5.0,0.0,0.0,0.508,45.96,46.62,49.54,10.0,1.0,0.25,0.778,-0.34,0.89,-0.78,1.0,-0.005,0.0,-0.98,3.93,-1.26,3.923,-8.198,-4.587,2.867,-0.3
Zone_12,23,Commercial_Downtown,GRADUAL_IMPROVEMENT,8725,68,68.0,28.66,0.421,19.34,62.34,2,Normal,Good,0,0,0,34.23,23.55,60.95,6.0,1.0,1.0,0.503,42.38,40.26,52.1,8.0,1.0,0.25,0.694,-5.57,-4.21,1.39,-4.0,-0.082,1.0,-16.27,-17.88,2.28,3.285,-13.939,-6.804,6.883,0.3
Zone_12,24,Commercial_Downtown,GRADUAL_IMPROVEMENT,8725,68,68.0,33.43,0.492,22.66,65.22,9,Normal,Good,0,0,0,28.66,19.34,62.34,2.0,0.0,0.0,0.421,36.46,30.36,56.43,4.5,1.0,0.25,0.573,4.77,3.32,2.88,7.0,0.071,-1.0,16.64,17.17,4.62,3.832,-10.882,-5.956,6.417,0.1
Zone_12,25,Commercial_Downtown,GRADUAL_IMPROVEMENT,8725,68,56.3,31.24,0.555,29.37,51.81,4,Light Rain,Moderate,0,1,1,33.43,22.66,65.22,9.0,0.0,0.0,0.492,32.72,22.05,62.56,5.5,1.0,0.25,0.481,-2.19,6.71,-13.41,-5.0,0.063,0.0,-6.55,29.61,-20.56,3.581,-0.421,-0.899,1.186,-0.1
Zone_12,26,Commercial_Downtown,GRADUAL_IMPROVEMENT,8725,68,68.0,29.42,0.433,21.62,59.13,3,Normal,Good,0,0,0,31.24,29.37,51.81,4.0,1.0,1.0,0.555,31.89,23.73,60.08,5.25,2.0,0.5,0.493,-1.82,-7.75,7.32,-1.0,-0.122,1.0,-5.83,-26.39,14.13,3.372,2.078,-0.42,-2.454,0.0
Zone_12,27,Commercial_Downtown,GRADUAL_IMPROVEMENT,8725,68,68.0,32.63,0.48,29.14,60.68,4,Normal,Good,0,0,0,29.42,21.62,59.13,3.0,0.0,0.0,0.433,30.69,23.25,59.62,4.5,1.0,0.25,0.475,3.21,7.52,1.55,1.0,0.047,-1.0,10.91,34.78,2.62,3.74,1.355,0.009,-2.304,0.1
Zone_12,28,Commercial_Downtown,GRADUAL_IMPROVEMENT,8725,68,68.0,39.6,0.582,31.87,57.83,4,Normal,Good,0,0,0,32.63,29.14,60.68,4.0,0.0,0.0,0.48,31.68,25.7,59.21,5.0,1.0,0.25,0.49,6.97,2.73,-2.85,0.0,0.102,0.0,21.36,9.37,-4.7,4.539,1.169,-0.422,-0.63,-0.1
Zone_12,29,Commercial_Downtown,GRADUAL_IMPROVEMENT,8725,68,68.0,45.28,0.666,31.6,57.34,8,Normal,Good,0,2,1,39.6,31.87,57.83,4.0,0.0,0.0,0.582,33.22,28.0,57.36,3.75,1.0,0.25,0.512,5.68,-0.27,-0.49,4.0,0.084,0.0,14.34,-0.85,-0.85,5.19,1.502,2.829,1.961,-0.3
Zone_12,30,Commercial_Downtown,GRADUAL_IMPROVEMENT,8725,68,68.0,43.46,0.639,32.67,57.44,8,Normal,Good,0,0,0,45.28,31.6,57.34,8.0,2.0,1.0,0.666,36.73,28.56,58.74,4.75,2.0,0.25,0.54,-1.82,1.07,0.1,0.0,-0.027,2.0,-4.02,3.39,0.17,4.981,3.267,5.455,-0.822,0.3
Zone_12,31,Commercial_Downtown,GRADUAL_IMPROVEMENT,8725,68,56.3,46.79,0.831,55.72,38.85,12,Light Rain,Moderate,0,0,0,43.46,32.67,57.44,8.0,0.0,0.0,0.639,40.24,31.32,58.32,6.0,2.0,0.25,0.592,3.33,23.05,-18.59,4.0,0.192,-2.0,7.66,70.55,-32.36,5.363,1.032,3.817,-1.021,0.1
Zone_12,32,Commercial_Downtown,GRADUAL_IMPROVEMENT,8725,68,39.78,40.47,1.017,79.55,19.41,11,Heavy Rain,Poor,0,4,1,46.79,55.72,38.85,12.0,0.0,0.0,0.831,43.78,37.97,52.86,8.0,2.0,0.25,0.68,-6.32,23.83,-19.44,-1.0,0.186,0.0,-13.51,42.77,-50.04,4.638,7.262,1.975,-5.684,-0.1
Zone_12,33,Commercial_Downtown,GRADUAL_IMPROVEMENT,8725,68,39.78,34.66,0.871,60.71,27.22,4,Heavy Rain,Poor,0,2,1,40.47,79.55,19.41,11.0,4.0,1.0,1.017,44.0,49.89,43.26,9.75,6.0,0.5,0.788,-5.81,-18.84,7.81,-7.0,-0.146,4.0,-14.36,-23.68,40.24,3.972,16.69,-1.11,-13.238,0.0
Zone_12,34,Commercial_Downtown,GRADUAL_IMPROVEMENT,8725,68,39.78,33.14,0.833,59.75,22.74,6,Heavy Rain,Poor,0,2,1,34.66,60.71,27.22,4.0,2.0,1.0,0.871,41.34,57.16,35.73,8.75,6.0,0.5,0.84,-1.52,-0.96,-4.48,2.0,-0.038,-2.0,-4.39,-1.58,-16.46,3.798,10.795,-3.272,-11.01,0.4
Zone_12,35,Commercial_Downtown,GRADUAL_IMPROVEMENT,8725,68,56.3,38.73,0.688,41.37,46.58,4,Light Rain,Moderate,0,0,0,33.14,59.75,22.74,6.0,2.0,1.0,0.833,38.76,63.93,27.06,8.25,8.0,0.75,0.888,5.59,-18.38,23.84,-2.0,-0.145,0.0,16.87,-30.76,104.84,4.439,-0.675,-4.676,-4.052,0.3
Zone_12,36,Commercial_Downtown,GRADUAL_IMPROVEMENT,8725,68,68.0,34.71,0.51,22.24,56.44,4,Normal,Good,0,1,1,38.73,41.37,46.58,4.0,0.0,0.0,0.688,36.75,60.34,28.99,6.25,8.0,0.75,0.852,-4.02,-19.13,9.86,0.0,-0.178,-2.0,-10.38,-46.24,21.17,3.978,-11.55,-0.674,7.703,-0.3
Zone_12,37,Commercial_Downtown,GRADUAL_IMPROVEMENT,8725,68,68.0,38.89,0.572,23.95,60.78,9,Normal,Good,0,0,0,34.71,22.24,56.44,4.0,1.0,1.0,0.51,35.31,46.02,38.24,4.5,5.0,0.75,0.726,4.18,1.71,4.34,5.0,0.062,1.0,12.04,7.69,7.69,4.457,-13.379,0.574,11.15,-0.1
Zone_12,38,Commercial_Downtown,GRADUAL_IMPROVEMENT,8725,68,45.04,61.67,1.369,93.58,22.0,14,Light Rain,Moderate,1,3,1,38.89,23.95,60.78,9.0,0.0,0.0,0.572,36.37,36.83,46.64,5.75,3.0,0.5,0.651,22.78,69.63,-38.78,5.0,0.797,-1.0,58.58,290.73,-63.8,7.068,-12.653,1.323,12.398,-0.2
Zone_12,39,Commercial_Downtown,GRADUAL_IMPROVEMENT,8725,68,54.4,59.13,1.087,67.58,41.72,15,Normal,Good,1,0,0,61.67,93.58,22.0,14.0,3.0,1.0,1.369,43.5,45.28,46.45,7.75,4.0,0.5,0.785,-2.54,-26.0,19.72,1.0,-0.282,3.0,-4.12,-27.78,89.64,6.777,15.834,7.3,-6.94,0.2
Zone_12,40,Commercial_Downtown,GRADUAL_IMPROVEMENT,8725,68,54.4,59.94,1.102,71.84,38.96,18,Normal,Good,1,2,1,59.13,67.58,41.72,15.0,0.0,0.0,1.087,48.6,51.84,45.24,10.5,4.0,0.5,0.885,0.81,4.26,-2.76,3.0,0.015,-3.0,1.37,6.3,-6.62,6.87,20.565,9.604,-8.294,-0.2
Zone_12,41,Commercial_Downtown,GRADUAL_IMPROVEMENT,8725,68,68.0,49.46,0.727,40.42,48.44,8,Normal,Good,0,0,0,59.94,71.84,38.96,18.0,2.0,1.0,1.102,54.91,64.24,40.86,14.0,5.0,0.5,1.032,-10.48,-31.42,9.48,-10.0,-0.375,2.0,-17.48,-43.74,24.33,5.669,11.767,6.061,-4.574,0.2
Zone_12,42,Commercial_Downtown,GRADUAL_IMPROVEMENT,8725,68,68.0,40.71,0.599,32.76,54.74,4,Normal,Good,0,0,0,49.46,40.42,48.44,8.0,0.0,0.0,0.727,57.55,68.36,37.78,13.75,5.0,0.5,1.071,-8.75,-7.66,6.3,-4.0,-0.128,-2.0,-17.69,-18.95,13.01,4.666,-15.522,-3.582,7.656,-0.2
Zone_12,43,Commercial_Downtown,GRADUAL_IMPROVEMENT,8725,68,68.0,37.23,0.547,24.78,59.49,3,Normal,Good,0,0,0,40.71,32.76,54.74,4.0,0.0,0.0,0.599,52.31,53.15,45.96,11.25,2.0,0.25,0.879,-3.48,-7.98,4.75,-1.0,-0.052,0.0,-8.55,-24.36,8.68,4.267,-13.588,-6.574,4.854,-0.1
Zone_12,44,Commercial_Downtown,GRADUAL_IMPROVEMENT,8725,68,68.0,32.29,0.475,22.85,60.1,8,Normal,Good,0,0,0,37.23,24.78,59.49,3.0,0.0,0.0,0.547,46.84,42.45,50.41,8.25,2.0,0.25,0.744,-4.94,-1.93,0.61,5.0,-0.072,0.0,-13.27,-7.79,1.03,3.701,-14.884,-7.688,6.789,-0.3
Zone_12,45,Commercial_Downtown,GRADUAL_IMPROVEMENT,8725,68,68.0,29.34,0.431,20.08,62.07,6,Normal,Good,0,0,0,32.29,22.85,60.1,8.0,0.0,0.0,0.475,39.92,30.2,55.69,5.75,0.0,0.0,0.587,-2.95,-2.77,1.97,-2.0,-0.044,0.0,-9.14,-12.12,3.28,3.363,-6.069,-5.499,3.973,0.0
Zone_12,46,Commercial_Downtown,GRADUAL_IMPROVEMENT,8725,68,68.0,22.03,0.324,14.18,60.48,7,Normal,Good,0,0,0,29.34,20.08,62.07,6.0,0.0,0.0,0.431,34.89,25.12,59.1,5.25,0.0,0.0,0.513,-7.31,-5.9,-1.59,1.0,-0.107,0.0,-24.91,-29.38,-2.56,2.525,-3.997,-3.905,2.26,0.0
Zone_12,47,Commercial_Downtown,GRADUAL_IMPROVEMENT,8725,68,68.0,20.56,0.302,12.21,64.88,5,Normal,Good,0,0,0,22.03,14.18,60.48,7.0,0.0,0.0,0.324,30.22,20.47,60.54,6.0,0.0,0.0,0.444,-1.47,-1.97,4.4,-2.0,-0.022,0.0,-6.67,-13.89,7.28,2.356,-3.457,-4.855,0.494,0.0
Zone_12,48,Commercial_Downtown,GRADUAL_IMPROVEMENT,8725,68,56.3,22.74,0.404,20.37,48.69,3,Light Rain,Moderate,0,0,0,20.56,12.21,64.88,5.0,0.0,0.0,0.302,26.06,17.33,61.88,6.5,0.0,0.0,0.383,2.18,8.16,-16.19,-2.0,0.102,0.0,10.6,66.83,-24.95,2.606,-3.782,-4.25,1.275,0.0
Zone_12,49,Commercial_Downtown,GRADUAL_IMPROVEMENT,8725,68,56.3,22.44,0.399,21.45,50.65,7,Light Rain,Moderate,0,0,0,22.74,20.37,48.69,3.0,0.0,0.0,0.404,23.67,16.71,59.03,5.25,0.0,0.0,0.365,-0.3,1.08,1.96,4.0,-0.005,0.0,-1.32,5.3,4.03,2.572,-0.11,-2.127,-3.574,0.0
Zone_12,50,Commercial_Downtown,GRADUAL_IMPROVEMENT,8725,68,68.0,25.42,0.374,19.02,59.83,6,Normal,Good,0,0,0,22.44,21.45,50.65,7.0,0.0,0.0,0.399,21.94,17.05,56.18,5.5,0.0,0.0,0.357,2.98,-2.43,9.18,-1.0,-0.025,0.0,13.28,-11.33,18.12,2.913,2.997,0.341,-4.568,0.0
Zone_12,51,Commercial_Downtown,GRADUAL_IMPROVEMENT,8725,68,68.0,26.56,0.391,19.24,58.01,0,Normal,Good,0,0,0,25.42,19.02,59.83,6.0,0.0,0.0,0.374,22.79,18.26,56.01,5.25,0.0,0.0,0.37,1.14,0.22,-1.82,-6.0,0.017,0.0,4.48,1.16,-3.04,3.044,2.151,1.428,-1.319,0.0
Zone_12,52,Commercial_Downtown,GRADUAL_IMPROVEMENT,8725,68,68.0,31.32,0.461,20.1,58.75,6,Normal,Good,0,0,0,26.56,19.24,58.01,0.0,0.0,0.0,0.391,24.29,20.02,54.3,4.0,0.0,0.0,0.392,4.76,0.86,0.74,6.0,0.07,0.0,17.92,4.47,1.28,3.59,-0.582,1.444,3.714,0.0
Zone_13,1,Suburban_LowDensity,EVENT_SENSITIVE,1361,75,75.0,8.14,0.109,8.47,64.67,5,Normal,Good,0,0,0,,,,,,,,,,,,,,,,,,,,,,,,5.981,,,,
Zone_13,2,Suburban_LowDensity,EVENT_SENSITIVE,1361,75,75.0,6.93,0.092,4.45,60.62,1,Normal,Good,0,0,0,8.14,8.47,64.67,5.0,0.0,0.0,0.109,,,,,,,,-1.21,-4.02,-4.05,-4.0,-0.017,,-14.86,-47.46,-6.26,5.092,,,,
Zone_13,3,Suburban_LowDensity,EVENT_SENSITIVE,1361,75,75.0,0.0,0.0,9.22,60.89,3,Normal,Good,0,0,0,6.93,4.45,60.62,1.0,0.0,0.0,0.092,,,,,,,,-6.93,4.77,0.27,2.0,-0.092,0.0,-100.0,107.19,0.45,0.0,,,,
Zone_13,4,Suburban_LowDensity,EVENT_SENSITIVE,1361,75,62.1,1.27,0.02,8.16,55.03,1,Light Rain,Moderate,0,0,0,0.0,9.22,60.89,3.0,0.0,0.0,0.0,,,,,,,,1.27,-1.06,-5.86,-2.0,0.02,0.0,1270000.0,-11.5,-9.62,0.933,,,,
Zone_13,5,Suburban_LowDensity,EVENT_SENSITIVE,1361,75,75.0,0.0,0.0,6.44,66.56,1,Normal,Good,0,0,0,1.27,8.16,55.03,1.0,0.0,0.0,0.02,4.08,7.58,60.3,2.5,0.0,0.0,0.055,-1.27,-1.72,11.53,0.0,-0.02,0.0,-99.99,-21.08,20.95,0.0,0.384,-2.754,-2.865,0.0
Zone_13,6,Suburban_LowDensity,EVENT_SENSITIVE,1361,75,75.0,0.52,0.007,3.51,65.94,1,Normal,Good,0,1,1,0.0,6.44,66.56,1.0,0.0,0.0,0.0,2.05,7.07,60.78,1.5,0.0,0.0,0.028,0.52,-2.93,-0.62,0.0,0.007,0.0,520000.0,-45.5,-0.93,0.382,0.491,-1.952,1.196,0.0
Zone_13,7,Suburban_LowDensity,EVENT_SENSITIVE,1361,75,62.1,0.0,0.0,10.13,57.42,5,Light Rain,Moderate,0,0,0,0.52,3.51,65.94,1.0,1.0,1.0,0.007,0.45,6.83,62.1,1.5,1.0,0.25,0.007,-0.52,6.62,-8.52,4.0,-0.007,1.0,-99.98,188.6,-12.92,0.0,-1.885,0.029,2.668,0.3
Zone_13,8,Suburban_LowDensity,EVENT_SENSITIVE,1361,75,66.0,7.82,0.118,9.87,62.58,4,Normal,Good,1,0,0,0.0,10.13,57.42,5.0,0.0,0.0,0.0,0.45,7.06,61.24,2.0,1.0,0.25,0.007,7.82,-0.26,5.16,-1.0,0.118,-1.0,7820000.0,-2.57,8.99,5.746,0.298,-0.329,0.655,0.1
Zone_13,9,Suburban_LowDensity,EVENT_SENSITIVE,1361,75,75.0,4.43,0.059,2.09,65.38,3,Normal,Good,0,0,0,7.82,9.87,62.58,4.0,0.0,0.0,0.118,2.08,7.49,63.12,2.75,1.0,0.25,0.031,-3.39,-7.78,2.8,-1.0,-0.059,0.0,-43.35,-78.82,4.47,3.255,1.691,2.294,-2.046,-0.1
Zone_13,10,Suburban_LowDensity,EVENT_SENSITIVE,1361,75,62.1,0.0,0.0,8.56,55.13,3,Light Rain,Moderate,0,0,0,4.43,2.09,65.38,3.0,0.0,0.0,0.059,3.19,6.4,62.83,3.25,1.0,0.25,0.046,-4.43,6.47,-10.25,0.0,-0.059,0.0,-100.0,309.55,-15.68,0.0,-0.452,1.955,0.348,-0.3
Zone_13,11,Suburban_LowDensity,EVENT_SENSITIVE,1361,75,75.0,0.0,0.0,5.48,66.52,1,Normal,Good,0,0,0,0.0,8.56,55.13,3.0,0.0,0.0,0.0,3.06,7.66,60.13,3.75,0.0,0.0,0.044,0.0,-3.08,11.39,-2.0,0.0,0.0,0.0,-35.98,20.66,0.0,-1.249,-0.339,-0.407,0.0
Zone_13,12,Suburban_LowDensity,EVENT_SENSITIVE,1361,75,75.0,0.0,0.0,4.18,63.66,3,Normal,Good,0,0,0,0.0,5.48,66.52,1.0,0.0,0.0,0.0,3.06,6.5,62.4,2.75,0.0,0.0,0.044,0.0,-1.3,-2.86,2.0,0.0,0.0,0.0,-23.72,-4.3,0.0,-0.67,-2.789,0.157,0.0
Zone_13,13,Suburban_LowDensity,EVENT_SENSITIVE,1361,75,62.1,8.46,0.136,9.99,55.11,1,Light Rain,Moderate,0,0,0,0.0,4.18,63.66,3.0,0.0,0.0,0.0,1.11,5.08,62.67,2.5,0.0,0.0,0.015,8.46,5.81,-8.55,-2.0,0.136,0.0,8460000.0,138.99,-13.43,6.216,0.319,-1.329,0.623,0.0
Zone_13,14,Suburban_LowDensity,EVENT_SENSITIVE,1361,75,75.0,9.28,0.124,3.9,66.22,2,Normal,Good,0,0,0,8.46,9.99,55.11,1.0,0.0,0.0,0.136,2.12,7.05,60.1,2.0,0.0,0.0,0.034,0.82,-6.09,11.11,1.0,-0.012,0.0,9.69,-60.96,20.16,6.819,0.299,2.538,-0.292,0.0
Zone_13,15,Suburban_LowDensity,EVENT_SENSITIVE,1361,75,62.1,10.1,0.163,11.04,55.41,0,Light Rain,Moderate,0,0,0,9.28,3.9,66.22,2.0,0.0,0.0,0.124,4.44,5.89,62.88,1.75,0.0,0.0,0.065,0.82,7.14,-10.81,-2.0,0.039,0.0,8.84,183.07,-16.32,7.421,0.107,3.63,-0.945,0.0
Zone_13,16,Suburban_LowDensity,EVENT_SENSITIVE,1361,75,75.0,6.73,0.09,9.22,63.48,0,Normal,Good,0,0,0,10.1,11.04,55.41,0.0,0.0,0.0,0.163,6.96,7.28,60.1,1.5,0.0,0.0,0.106,-3.37,-1.82,8.07,0.0,-0.073,0.0,-33.37,-16.49,14.56,4.945,1.449,3.112,-1.364,0.0
Zone_13,17,Suburban_LowDensity,EVENT_SENSITIVE,1361,75,75.0,1.62,0.022,1.69,67.12,2,Normal,Good,0,1,1,6.73,9.22,63.48,0.0,0.0,0.0,0.09,8.64,8.54,60.06,0.75,0.0,0.0,0.128,-5.11,-7.53,3.64,2.0,-0.068,0.0,-75.93,-81.67,5.73,1.19,0.483,-0.437,1.43,0.0
Zone_13,18,Suburban_LowDensity,EVENT_SENSITIVE,1361,75,75.0,4.07,0.054,5.61,64.81,0,Normal,Good,0,0,0,1.62,1.69,67.12,2.0,1.0,1.0,0.022,6.93,6.46,63.06,1.0,1.0,0.25,0.1,2.45,3.92,-2.31,-2.0,0.032,1.0,151.23,231.94,-3.44,2.99,-0.845,-2.635,1.077,0.3
Zone_13,19,Suburban_LowDensity,EVENT_SENSITIVE,1361,75,75.0,1.87,0.025,0.69,66.01,0,Normal,Good,0,0,0,4.07,5.61,64.81,0.0,0.0,0.0,0.054,5.63,6.89,62.7,0.5,1.0,0.25,0.082,-2.2,-4.92,1.2,0.0,-0.029,-1.0,-54.05,-87.7,1.85,1.374,-2.382,-2.32,3.184,0.1
Zone_13,20,Suburban_LowDensity,EVENT_SENSITIVE,1361,75,75.0,2.17,0.029,3.96,62.42,1,Normal,Good,0,0,0,1.87,0.69,66.01,0.0,0.0,0.0,0.025,3.57,4.3,65.36,0.5,1.0,0.25,0.048,0.3,3.27,-3.59,1.0,0.004,0.0,16.04,473.84,-5.44,1.594,-2.167,-1.213,0.528,-0.1
Zone_13,21,Suburban_LowDensity,EVENT_SENSITIVE,1361,75,75.0,2.07,0.028,6.19,67.31,1,Normal,Good,0,0,0,2.17,3.96,62.42,1.0,0.0,0.0,0.029,2.43,2.99,65.09,0.75,1.0,0.25,0.032,-0.1,2.23,4.89,0.0,-0.001,0.0,-4.61,56.31,7.83,1.521,0.189,-0.055,-1.29,-0.3
Zone_13,22,Suburban_LowDensity,EVENT_SENSITIVE,1361,75,75.0,6.36,0.085,9.49,63.12,2,Normal,Good,0,0,0,2.07,6.19,67.31,1.0,0.0,0.0,0.028,2.54,4.11,65.14,0.5,0.0,0.0,0.034,4.29,3.3,-4.19,1.0,0.057,0.0,207.24,53.31,-6.22,4.673,0.501,-0.57,0.391,0.0
Zone_13,23,Suburban_LowDensity,EVENT_SENSITIVE,1361,75,75.0,5.6,0.075,8.06,61.07,2,Normal,Good,0,0,0,6.36,9.49,63.12,2.0,0.0,0.0,0.085,3.12,5.08,64.72,1.0,0.0,0.0,0.042,-0.76,-1.43,-2.05,0.0,-0.01,0.0,-11.95,-15.07,-3.25,4.115,2.863,1.337,-0.378,0.0
Zone_13,24,Suburban_LowDensity,EVENT_SENSITIVE,1361,75,66.0,4.12,0.062,10.25,62.69,8,Normal,Good,1,0,0,5.6,8.06,61.07,2.0,0.0,0.0,0.075,4.05,6.92,63.48,1.5,0.0,0.0,0.054,-1.48,2.19,1.62,6.0,-0.013,0.0,-26.43,27.17,2.65,3.027,1.56,1.458,-0.824,0.0
Zone_13,25,Suburban_LowDensity,EVENT_SENSITIVE,1361,75,75.0,0.54,0.007,5.27,63.76,1,Normal,Good,0,0,0,4.12,10.25,62.69,8.0,0.0,0.0,0.062,4.54,8.5,63.55,3.25,0.0,0.0,0.062,-3.58,-4.98,1.07,-7.0,-0.055,0.0,-86.89,-48.58,1.71,0.397,1.075,0.539,-1.591,0.0
Zone_13,26,Suburban_LowDensity,EVENT_SENSITIVE,1361,75,75.0,4.89,0.065,5.3,66.2,3,Normal,Good,0,0,0,0.54,5.27,63.76,1.0,0.0,0.0,0.007,4.16,8.27,62.66,3.25,0.0,0.0,0.057,4.35,0.03,2.44,2.0,0.058,0.0,805.41,0.57,3.83,3.593,-1.047,-1.894,0.354,0.0
Zone_13,27,Suburban_LowDensity,EVENT_SENSITIVE,1361,75,75.0,8.88,0.118,9.34,67.67,2,Normal,Good,0,0,0,4.89,5.3,66.2,3.0,0.0,0.0,0.065,3.79,7.22,63.43,3.5,0.0,0.0,0.052,3.99,4.04,1.47,-1.0,0.053,0.0,81.59,76.22,2.22,6.525,-1.326,-0.571,1.646,0.0
Zone_13,28,Suburban_LowDensity,EVENT_SENSITIVE,1361,75,75.0,3.15,0.042,5.5,62.25,4,Normal,Good,0,0,0,8.88,9.34,67.67,2.0,0.0,0.0,0.118,4.61,7.54,65.08,3.5,0.0,0.0,0.063,-5.73,-3.84,-5.42,2.0,-0.076,0.0,-64.53,-41.11,-8.01,2.314,-0.27,1.863,1.738,0.0
Zone_13,29,Suburban_LowDensity,EVENT_SENSITIVE,1361,75,75.0,0.0,0.0,9.65,64.91,0,Normal,Good,0,0,0,3.15,5.5,62.25,4.0,0.0,0.0,0.042,4.36,6.35,64.97,2.5,0.0,0.0,0.058,-3.15,4.15,2.66,-4.0,-0.042,0.0,-100.0,75.45,4.27,0.0,0.473,1.182,-0.306,0.0
Zone_13,30,Suburban_LowDensity,EVENT_SENSITIVE,1361,75,75.0,0.0,0.0,8.23,65.71,4,Normal,Good,0,2,1,0.0,9.65,64.91,0.0,0.0,0.0,0.0,4.23,7.45,65.26,2.25,0.0,0.0,0.056,0.0,-1.42,0.8,4.0,0.0,0.0,0.0,-14.71,1.23,0.0,0.921,-2.04,-0.929,0.0
Zone_13,31,Suburban_LowDensity,EVENT_SENSITIVE,1361,75,75.0,0.0,0.0,5.36,67.41,0,Normal,Good,0,0,0,0.0,8.23,65.71,4.0,2.0,1.0,0.0,3.01,8.18,65.13,2.5,2.0,0.25,0.04,0.0,-2.87,1.7,-4.0,0.0,2.0,0.0,-34.87,2.59,0.0,0.082,-2.979,-0.322,0.3
Zone_13,32,Suburban_LowDensity,EVENT_SENSITIVE,1361,75,62.1,0.0,0.0,8.83,57.68,1,Light Rain,Moderate,0,0,0,0.0,5.36,67.41,0.0,0.0,0.0,0.0,0.79,7.18,65.07,2.0,2.0,0.25,0.01,0.0,3.47,-9.73,1.0,0.0,-2.0,0.0,64.74,-14.43,0.0,-0.184,-0.945,1.628,0.1
Zone_13,33,Suburban_LowDensity,EVENT_SENSITIVE,1361,75,43.88,3.81,0.087,11.74,44.98,2,Heavy Rain,Poor,0,0,0,0.0,8.83,57.68,1.0,0.0,0.0,0.0,0.0,8.02,63.93,1.25,2.0,0.25,0.0,3.81,2.91,-12.7,1.0,0.087,0.0,3810000.0,32.96,-22.02,2.799,-0.533,0.0,-1.999,-0.1
Zone_13,34,Suburban_LowDensity,EVENT_SENSITIVE,1361,75,43.88,11.74,0.268,12.0,38.9,1,Heavy Rain,Poor,0,0,0,3.81,11.74,44.98,2.0,0.0,0.0,0.087,0.95,8.54,58.94,1.75,2.0,0.25,0.022,7.93,0.26,-6.08,-1.0,0.181,0.0,208.13,2.21,-13.52,8.626,1.4,1.143,-7.192,-0.3
Zone_13,35,Suburban_LowDensity,EVENT_SENSITIVE,1361,75,75.0,11.08,0.148,8.29,61.62,2,Normal,Good,0,0,0,11.74,12.0,38.9,1.0,0.0,0.0,0.268,3.89,9.48,52.24,1.0,0.0,0.0,0.089,-0.66,-3.71,22.72,1.0,-0.12,0.0,-5.62,-30.92,58.41,8.141,2.283,3.903,-9.823,0.0
Zone_13,36,Suburban_LowDensity,EVENT_SENSITIVE,1361,75,43.88,13.43,0.306,18.17,41.37,3,Heavy Rain,Poor,0,0,0,11.08,8.29,61.62,2.0,0.0,0.0,0.148,6.66,10.22,50.8,1.5,0.0,0.0,0.126,2.35,9.88,-20.25,1.0,0.158,0.0,21.21,119.18,-32.86,9.868,-0.136,4.117,0.574,0.0
Zone_13,37,Suburban_LowDensity,EVENT_SENSITIVE,1361,75,75.0,9.38,0.125,5.6,64.18,1,Normal,Good,0,0,0,13.43,18.17,41.37,3.0,0.0,0.0,0.306,10.02,12.55,46.72,2.0,0.0,0.0,0.202,-4.05,-12.57,22.81,-2.0,-0.181,0.0,-30.16,-69.18,55.14,6.892,1.558,2.82,1.189,0.0
Zone_13,38,Suburban_LowDensity,EVENT_SENSITIVE,1361,75,62.1,10.31,0.166,9.11,55.75,2,Light Rain,Moderate,0,0,0,9.38,5.6,64.18,1.0,0.0,0.0,0.125,11.41,11.02,51.52,1.75,0.0,0.0,0.212,0.93,3.51,-8.43,1.0,0.041,0.0,9.91,62.68,-13.13,7.575,-0.932,-0.473,5.559,0.0
Zone_13,39,Suburban_LowDensity,EVENT_SENSITIVE,1361,75,75.0,6.14,0.082,9.12,65.1,2,Normal,Good,0,0,0,10.31,9.11,55.75,2.0,0.0,0.0,0.166,11.05,10.29,55.73,2.0,0.0,0.0,0.186,-4.17,0.01,9.35,0.0,-0.084,0.0,-40.45,0.11,16.77,4.511,-1.011,-0.636,0.52,0.0
Zone_13,40,Suburban_LowDensity,EVENT_SENSITIVE,1361,75,75.0,12.46,0.166,8.47,64.3,1,Normal,Good,0,0,0,6.14,9.12,65.1,2.0,0.0,0.0,0.082,9.82,10.5,56.6,2.0,0.0,0.0,0.17,6.32,-0.65,-0.8,-1.0,0.084,0.0,102.93,-7.13,-1.23,9.155,-2.364,-2.094,6.276,0.0
Zone_13,41,Suburban_LowDensity,EVENT_SENSITIVE,1361,75,75.0,16.98,0.226,14.83,62.88,0,Normal,Good,0,0,0,12.46,8.47,64.3,1.0,0.0,0.0,0.166,9.57,8.07,62.33,1.5,0.0,0.0,0.135,4.52,6.36,-1.42,-1.0,0.06,0.0,36.28,75.09,-2.21,12.476,0.862,0.507,0.971,0.0
Zone_13,42,Suburban_LowDensity,EVENT_SENSITIVE,1361,75,66.0,14.67,0.222,11.67,60.76,4,Normal,Good,1,0,0,16.98,14.83,62.88,0.0,0.0,0.0,0.226,11.47,10.38,62.01,1.25,0.0,0.0,0.16,-2.31,-3.16,-2.12,4.0,-0.004,0.0,-13.6,-21.31,-3.37,10.779,1.651,2.633,2.059,0.0
Zone_13,43,Suburban_LowDensity,EVENT_SENSITIVE,1361,75,62.1,7.33,0.118,11.75,56.97,2,Light Rain,Moderate,0,0,0,14.67,11.67,60.76,4.0,0.0,0.0,0.222,12.56,11.02,63.26,1.75,0.0,0.0,0.174,-7.34,0.08,-3.79,-2.0,-0.104,0.0,-50.03,0.69,-6.24,5.386,1.401,3.011,-1.444,0.0
Zone_13,44,Suburban_LowDensity,EVENT_SENSITIVE,1361,75,75.0,2.13,0.028,5.64,63.37,3,Normal,Good,0,0,0,7.33,11.75,56.97,2.0,0.0,0.0,0.118,12.86,11.68,61.23,1.75,0.0,0.0,0.183,-5.2,-6.11,6.4,1.0,-0.09,0.0,-70.94,-52.0,11.23,1.565,0.668,-1.77,-2.411,0.0
Zone_13,45,Suburban_LowDensity,EVENT_SENSITIVE,1361,75,62.1,1.47,0.024,4.95,57.87,2,Light Rain,Moderate,0,0,0,2.13,5.64,63.37,3.0,0.0,0.0,0.028,10.28,10.97,61.0,2.25,0.0,0.0,0.148,-0.66,-0.69,-5.5,-1.0,-0.004,0.0,-30.98,-12.23,-8.68,1.08,-2.749,-5.189,-0.232,0.0
Zone_13,46,Suburban_LowDensity,EVENT_SENSITIVE,1361,75,75.0,4.81,0.064,0.35,68.72,0,Normal,Good,0,0,0,1.47,4.95,57.87,2.0,0.0,0.0,0.024,6.4,8.5,59.74,2.75,0.0,0.0,0.098,3.34,-4.6,10.85,-2.0,0.04,0.0,227.2,-92.93,18.75,3.534,-2.627,-4.48,-0.227,0.0
Zone_13,47,Suburban_LowDensity,EVENT_SENSITIVE,1361,75,75.0,10.03,0.134,5.05,66.03,1,Normal,Good,0,0,0,4.81,0.35,68.72,0.0,0.0,0.0,0.064,3.93,5.67,61.73,1.75,0.0,0.0,0.058,5.22,4.7,-2.69,1.0,0.07,0.0,108.52,1342.47,-3.91,7.37,-3.489,-0.822,2.975,0.0
Zone_13,48,Suburban_LowDensity,EVENT_SENSITIVE,1361,75,75.0,7.47,0.1,4.33,63.9,1,Normal,Good,0,0,0,10.03,5.05,66.03,1.0,0.0,0.0,0.134,4.61,4.0,64.0,1.5,0.0,0.0,0.062,-2.56,-0.72,-2.13,0.0,-0.034,0.0,-25.52,-14.26,-3.23,5.489,-0.637,2.704,1.883,0.0
Zone_13,49,Suburban_LowDensity,EVENT_SENSITIVE,1361,75,75.0,3.73,0.05,6.49,62.52,2,Normal,Good,0,0,0,7.47,4.33,63.9,1.0,0.0,0.0,0.1,5.94,3.67,64.13,1.0,0.0,0.0,0.08,-3.74,2.16,-1.38,1.0,-0.05,0.0,-50.07,49.88,-2.16,2.741,0.284,2.322,1.54,0.0
Zone_13,50,Suburban_LowDensity,EVENT_SENSITIVE,1361,75,62.1,4.56,0.073,9.54,57.13,0,Light Rain,Moderate,0,0,0,3.73,6.49,62.52,2.0,0.0,0.0,0.05,6.51,4.06,65.29,1.0,0.0,0.0,0.087,0.83,3.05,-5.39,-2.0,0.023,0.0,22.25,46.99,-8.62,3.35,1.77,-0.58,-2.073,0.0
Zone_13,51,Suburban_LowDensity,EVENT_SENSITIVE,1361,75,75.0,0.0,0.0,8.21,60.32,3,Normal,Good,0,0,0,4.56,9.54,57.13,0.0,0.0,0.0,0.073,6.45,6.35,62.4,1.0,0.0,0.0,0.089,-4.56,-1.33,3.19,3.0,-0.073,0.0,-100.0,-13.94,5.58,0.0,1.563,-2.015,-2.808,0.0
Zone_13,52,Suburban_LowDensity,EVENT_SENSITIVE,1361,75,75.0,0.0,0.0,5.24,63.88,1,Normal,Good,0,0,0,0.0,8.21,60.32,3.0,0.0,0.0,0.0,3.94,7.14,60.97,1.5,0.0,0.0,0.056,0.0,-2.97,3.56,-2.0,0.0,0.0,0.0,-36.17,5.9,0.0,1.469,-2.158,-1.613,0.0
Zone_14,1,University_District,RECOVERY_AFTER_DISRUPTION,10551,99,99.0,49.84,0.503,26.38,59.61,2,Normal,Good,0,0,0,,,,,,,,,,,,,,,,,,,,,,,,4.724,,,,
Zone_14,2,University_District,RECOVERY_AFTER_DISRUPTION,10551,99,99.0,46.03,0.465,21.07,59.8,5,Normal,Good,0,0,0,49.84,26.38,59.61,2.0,0.0,0.0,0.503,,,,,,,,-3.81,-5.31,0.19,3.0,-0.038,,-7.64,-20.13,0.32,4.363,,,,
Zone_14,3,University_District,RECOVERY_AFTER_DISRUPTION,10551,99,99.0,49.26,0.498,19.29,58.91,2,Normal,Good,0,0,0,46.03,21.07,59.8,5.0,0.0,0.0,0.465,,,,,,,,3.23,-1.78,-0.89,-3.0,0.033,0.0,7.02,-8.45,-1.49,4.669,,,,
Zone_14,4,University_District,RECOVERY_AFTER_DISRUPTION,10551,99,99.0,54.07,0.546,25.31,58.37,1,Normal,Good,0,0,0,49.26,19.29,58.91,2.0,0.0,0.0,0.498,,,,,,,,4.81,6.02,-0.54,-1.0,0.048,0.0,9.76,31.21,-0.92,5.125,,,,
Zone_14,5,University_District,RECOVERY_AFTER_DISRUPTION,10551,99,99.0,51.93,0.525,26.39,53.49,2,Normal,Good,0,1,1,54.07,25.31,58.37,1.0,0.0,0.0,0.546,49.8,23.01,59.17,2.5,0.0,0.0,0.503,-2.14,1.08,-4.88,1.0,-0.021,0.0,-3.96,4.27,-8.36,4.922,-0.499,1.592,-0.461,0.0
Zone_14,6,University_District,RECOVERY_AFTER_DISRUPTION,10551,99,99.0,49.86,0.504,20.38,63.99,7,Normal,Good,0,0,0,51.93,26.39,53.49,2.0,1.0,1.0,0.525,50.32,23.02,57.64,2.5,1.0,0.25,0.508,-2.07,-6.01,10.5,5.0,-0.021,1.0,-3.99,-22.77,19.63,4.726,2.198,2.251,-1.947,0.3
Zone_14,7,University_District,RECOVERY_AFTER_DISRUPTION,10551,99,99.0,54.25,0.548,25.32,56.95,0,Normal,Good,0,0,0,49.86,20.38,63.99,7.0,0.0,0.0,0.504,51.28,22.84,58.69,3.0,1.0,0.25,0.518,4.39,4.94,-7.04,-7.0,0.044,-1.0,8.8,24.24,-11.0,5.142,0.435,-0.034,1.036,0.1
Zone_14,8,University_District,RECOVERY_AFTER_DISRUPTION,10551,99,99.0,48.89,0.494,29.57,58.92,6,Normal,Good,0,0,0,54.25,25.32,56.95,0.0,0.0,0.0,0.548,52.53,24.35,58.2,2.5,1.0,0.25,0.531,-5.36,4.25,1.97,6.0,-0.054,0.0,-9.88,16.79,3.46,4.634,-0.598,-0.153,0.624,-0.1
Zone_14,9,University_District,RECOVERY_AFTER_DISRUPTION,10551,99,99.0,45.3,0.458,24.18,62.69,2,Normal,Good,0,0,0,48.89,29.57,58.92,6.0,0.0,0.0,0.494,51.23,25.42,58.34,3.75,1.0,0.25,0.518,-3.59,-5.39,3.77,-4.0,-0.036,0.0,-7.34,-18.23,6.4,4.293,1.448,-0.473,0.925,-0.3
Zone_14,10,University_District,RECOVERY_AFTER_DISRUPTION,10551,99,99.0,47.27,0.477,24.01,59.32,1,Normal,Good,0,1,1,45.3,24.18,62.69,2.0,0.0,0.0,0.458,49.58,24.86,60.64,3.75,0.0,0.0,0.501,1.97,-0.17,-3.37,-1.0,0.019,0.0,4.35,-0.7,-5.38,4.48,1.565,-1.904,-0.193,0.0
Zone_14,11,University_District,RECOVERY_AFTER_DISRUPTION,10551,99,99.0,51.81,0.523,28.59,53.63,1,Normal,Good,0,0,0,47.27,24.01,59.32,1.0,1.0,1.0,0.477,48.93,25.77,59.47,2.25,1.0,0.25,0.494,4.54,4.58,-5.69,0.0,0.046,1.0,9.6,19.08,-9.59,4.91,-0.932,-2.453,1.088,0.3
Zone_14,12,University_District,RECOVERY_AFTER_DISRUPTION,10551,99,99.0,53.52,0.541,26.0,61.59,5,Normal,Good,0,0,0,51.81,28.59,53.63,1.0,0.0,0.0,0.523,48.32,26.59,58.64,2.5,1.0,0.25,0.488,1.71,-2.59,7.96,4.0,0.018,-1.0,3.3,-9.06,14.84,5.073,-0.311,1.073,-1.924,0.1
Zone_14,13,University_District,RECOVERY_AFTER_DISRUPTION,10551,99,99.0,57.08,0.577,29.48,58.57,2,Normal,Good,0,0,0,53.52,26.0,61.59,5.0,0.0,0.0,0.541,49.48,25.7,59.31,2.25,1.0,0.25,0.5,3.56,3.48,-3.02,-3.0,0.036,0.0,6.65,13.38,-4.9,5.41,1.004,2.92,-0.899,-0.1
Zone_14,14,University_District,RECOVERY_AFTER_DISRUPTION,10551,99,99.0,55.67,0.562,24.99,59.03,2,Normal,Good,0,0,0,57.08,29.48,58.57,2.0,0.0,0.0,0.577,52.42,27.02,58.28,2.25,1.0,0.25,0.53,-1.41,-4.49,0.46,0.0,-0.015,0.0,-2.47,-15.23,0.79,5.276,1.382,3.114,0.571,-0.3
Zone_14,15,University_District,RECOVERY_AFTER_DISRUPTION,10551,99,99.0,59.31,0.599,31.53,56.32,4,Normal,Good,0,0,0,55.67,24.99,59.03,2.0,0.0,0.0,0.562,54.52,27.26,58.21,2.5,0.0,0.0,0.551,3.64,6.54,-2.71,2.0,0.037,0.0,6.54,26.17,-4.59,5.621,-0.732,1.514,1.318,0.0
Zone_14,16,University_District,RECOVERY_AFTER_DISRUPTION,10551,99,99.0,54.71,0.553,26.06,58.15,2,Normal,Good,0,0,0,59.31,31.53,56.32,4.0,0.0,0.0,0.599,56.4,28.0,58.88,3.25,0.0,0.0,0.57,-4.6,-5.47,1.83,-2.0,-0.046,0.0,-7.76,-17.35,3.25,5.185,1.21,1.596,-1.535,0.0
Zone_14,17,University_District,RECOVERY_AFTER_DISRUPTION,10551,99,99.0,54.2,0.547,24.09,59.12,4,Normal,Good,0,0,0,54.71,26.06,58.15,2.0,0.0,0.0,0.553,56.69,28.02,58.02,2.5,0.0,0.0,0.573,-0.51,-1.97,0.97,2.0,-0.006,0.0,-0.93,-7.56,1.67,5.137,-0.372,-0.347,-0.397,0.0
Zone_14,18,University_District,RECOVERY_AFTER_DISRUPTION,10551,99,84.15,68.11,0.809,45.73,49.86,9,Normal,Good,1,0,0,54.2,24.09,59.12,4.0,0.0,0.0,0.547,55.97,26.67,58.16,3.0,0.0,0.0,0.565,13.91,21.64,-9.26,5.0,0.262,0.0,25.66,89.83,-15.66,6.455,-0.817,-0.901,0.21,0.0
Zone_14,19,University_District,RECOVERY_AFTER_DISRUPTION,10551,99,84.15,74.18,0.882,52.28,48.47,8,Normal,Good,1,0,0,68.11,45.73,49.86,9.0,0.0,0.0,0.809,59.08,31.85,55.86,4.75,0.0,0.0,0.627,6.07,6.55,-1.39,-1.0,0.073,0.0,8.91,14.32,-2.79,7.031,4.063,2.589,-1.841,0.0
Zone_14,20,University_District,RECOVERY_AFTER_DISRUPTION,10551,99,99.0,73.55,0.743,41.21,51.16,4,Normal,Good,0,0,0,74.18,52.28,48.47,8.0,0.0,0.0,0.882,62.8,37.04,53.9,5.75,0.0,0.0,0.698,-0.63,-11.07,2.69,-4.0,-0.139,0.0,-0.85,-21.17,5.55,6.971,10.03,7.232,-3.83,0.0
Zone_14,21,University_District,RECOVERY_AFTER_DISRUPTION,10551,99,81.18,68.55,0.844,51.51,48.77,9,Normal,Good,0,1,1,73.55,41.21,51.16,4.0,0.0,0.0,0.743,67.51,40.83,52.15,6.25,0.0,0.0,0.745,-5.0,10.3,-2.39,5.0,0.101,0.0,-6.8,24.99,-4.67,6.497,5.791,6.412,-2.527,0.0
Zone_14,22,University_District,RECOVERY_AFTER_DISRUPTION,10551,99,81.18,69.58,0.857,49.96,47.3,2,Normal,Good,0,2,1,68.55,51.51,48.77,9.0,1.0,1.0,0.844,71.1,47.68,49.56,7.5,1.0,0.25,0.82,1.03,-1.55,-1.47,-7.0,0.013,1.0,1.5,-3.01,-3.01,6.595,0.627,0.069,-0.058,0.3
Zone_14,23,University_District,RECOVERY_AFTER_DISRUPTION,10551,99,81.18,72.19,0.889,53.17,49.22,12,Normal,Good,0,1,1,69.58,49.96,47.3,2.0,2.0,1.0,0.857,71.46,48.74,48.92,5.75,3.0,0.5,0.832,2.61,3.21,1.92,10.0,0.032,1.0,3.75,6.43,4.06,6.842,0.334,-1.88,-0.59,0.4
Zone_14,24,University_District,RECOVERY_AFTER_DISRUPTION,10551,99,81.18,70.45,0.868,52.31,48.92,5,Normal,Good,0,0,0,72.19,53.17,49.22,12.0,1.0,1.0,0.889,70.97,48.96,49.11,6.75,4.0,0.75,0.833,-1.74,-0.86,-0.3,-7.0,-0.021,-1.0,-2.41,-1.62,-0.61,6.677,3.433,-0.305,-0.729,0.3
Zone_14,25,University_District,RECOVERY_AFTER_DISRUPTION,10551,99,81.18,77.22,0.951,57.8,49.97,5,Normal,Good,0,2,1,70.45,52.31,48.92,5.0,0.0,0.0,0.868,70.19,51.74,48.55,7.0,4.0,0.75,0.864,6.77,5.49,1.05,0.0,0.083,-1.0,9.61,10.5,2.15,7.319,0.561,0.831,0.237,-0.3
Zone_14,26,University_District,RECOVERY_AFTER_DISRUPTION,10551,99,81.18,67.68,0.834,51.13,51.25,6,Normal,Good,0,3,1,77.22,57.8,49.97,5.0,2.0,1.0,0.951,72.36,53.31,48.85,6.0,5.0,0.75,0.891,-9.54,-6.67,1.28,1.0,-0.117,2.0,-12.35,-11.54,2.56,6.415,2.266,2.118,0.771,-0.1
Zone_14,27,University_District,RECOVERY_AFTER_DISRUPTION,10551,99,81.18,71.71,0.883,54.56,50.69,8,Normal,Good,0,0,0,67.68,51.13,51.25,6.0,3.0,1.0,0.834,71.89,53.6,49.84,7.0,6.0,0.75,0.886,4.03,3.43,-0.56,2.0,0.049,1.0,5.95,6.71,-1.09,6.797,-0.063,-0.676,0.714,0.1
Zone_14,28,University_District,RECOVERY_AFTER_DISRUPTION,10551,99,81.18,58.46,0.72,36.6,54.91,5,Normal,Good,0,0,0,71.71,54.56,50.69,8.0,0.0,0.0,0.883,71.76,53.95,50.21,6.0,5.0,0.5,0.884,-13.25,-17.96,4.22,-3.0,-0.163,-3.0,-18.48,-32.92,8.33,5.541,0.008,-0.576,0.659,0.0
Zone_14,29,University_District,RECOVERY_AFTER_DISRUPTION,10551,99,99.0,58.09,0.587,31.16,54.98,2,Normal,Good,0,0,0,58.46,36.6,54.91,5.0,0.0,0.0,0.72,68.77,50.02,51.7,6.0,5.0,0.5,0.847,-0.37,-5.44,0.07,-3.0,-0.133,0.0,-0.63,-14.86,0.13,5.506,-6.017,-5.225,1.426,-0.4
Zone_14,30,University_District,RECOVERY_AFTER_DISRUPTION,10551,99,99.0,61.42,0.62,32.35,57.85,5,Normal,Good,0,1,1,58.09,31.16,54.98,2.0,0.0,0.0,0.587,63.98,43.36,52.96,5.25,3.0,0.25,0.756,3.33,1.19,2.87,3.0,0.033,0.0,5.73,3.82,5.22,5.821,-7.787,-4.202,1.541,-0.3
Zone_14,31,University_District,RECOVERY_AFTER_DISRUPTION,10551,99,81.97,62.02,0.757,50.58,39.62,4,Light Rain,Moderate,0,0,0,61.42,32.35,57.85,5.0,1.0,1.0,0.62,62.42,38.67,54.61,5.0,1.0,0.25,0.702,0.6,18.23,-18.23,-1.0,0.137,1.0,0.98,56.35,-31.51,5.878,-7.207,-3.124,2.155,0.3
Zone_14,32,University_District,RECOVERY_AFTER_DISRUPTION,10551,99,57.91,58.89,1.017,86.32,12.94,7,Heavy Rain,Poor,0,1,1,62.02,50.58,39.62,4.0,0.0,0.0,0.757,60.0,37.67,51.84,4.0,1.0,0.25,0.671,-3.13,35.74,-26.68,3.0,0.26,-1.0,-5.05,70.66,-67.34,5.581,4.313,1.401,-4.3,0.1
Zone_14,33,University_District,RECOVERY_AFTER_DISRUPTION,10551,99,81.97,54.77,0.668,42.74,45.46,5,Light Rain,Moderate,0,0,0,58.89,86.32,12.94,7.0,1.0,1.0,1.017,60.1,50.1,41.35,4.5,2.0,0.5,0.745,-4.12,-43.58,32.52,-2.0,-0.349,1.0,-7.0,-50.49,251.31,5.191,18.371,0.3,-14.435,0.2
Zone_14,34,University_District,RECOVERY_AFTER_DISRUPTION,10551,99,81.97,53.94,0.658,37.78,44.48,2,Light Rain,Moderate,0,0,0,54.77,42.74,45.46,5.0,0.0,0.0,0.668,59.28,53.0,38.97,5.25,2.0,0.5,0.766,-0.83,-4.96,-0.98,-3.0,-0.01,-1.0,-1.52,-11.61,-2.16,5.112,6.691,-2.308,-6.385,-0.2
Zone_14,35,University_District,RECOVERY_AFTER_DISRUPTION,10551,99,57.91,55.68,0.961,73.01,17.92,5,Heavy Rain,Poor,0,2,1,53.94,37.78,44.48,2.0,0.0,0.0,0.658,57.4,54.36,35.62,4.5,1.0,0.25,0.775,1.74,35.23,-26.56,3.0,0.303,0.0,3.23,93.25,-59.71,5.277,-8.198,-2.836,4.71,-0.1
Zone_14,36,University_District,RECOVERY_AFTER_DISRUPTION,10551,99,81.97,52.38,0.639,36.54,47.47,2,Light Rain,Moderate,0,1,1,55.68,73.01,17.92,5.0,2.0,1.0,0.961,55.82,59.96,30.2,4.75,3.0,0.5,0.826,-3.3,-36.47,29.55,-3.0,-0.322,2.0,-5.93,-49.95,164.9,4.964,-4.489,-1.046,1.396,0.0
Zone_14,37,University_District,RECOVERY_AFTER_DISRUPTION,10551,99,99.0,53.84,0.544,27.48,60.77,1,Normal,Good,0,0,0,52.38,36.54,47.47,2.0,1.0,1.0,0.639,54.19,47.52,38.83,3.5,3.0,0.5,0.732,1.46,-9.06,13.3,-1.0,-0.095,-1.0,2.79,-24.79,28.02,5.103,1.663,-0.543,-2.053,0.4
Zone_14,38,University_District,RECOVERY_AFTER_DISRUPTION,10551,99,81.97,53.18,0.649,38.29,49.18,2,Light Rain,Moderate,0,0,0,53.84,27.48,60.77,1.0,0.0,0.0,0.544,53.96,43.7,42.66,2.5,3.0,0.5,0.7,-0.66,10.81,-11.59,1.0,0.105,-1.0,-1.23,39.34,-19.07,5.04,-6.737,-0.36,7.842,0.0
Zone_14,39,University_District,RECOVERY_AFTER_DISRUPTION,10551,99,81.97,49.34,0.602,31.96,47.68,1,Light Rain,Moderate,0,0,0,53.18,38.29,49.18,2.0,0.0,0.0,0.649,53.77,43.83,43.84,2.5,3.0,0.5,0.698,-3.84,-6.33,-1.5,-1.0,-0.047,0.0,-7.22,-16.53,-3.05,4.676,-11.322,-0.604,10.708,-0.4
Zone_14,40,University_District,RECOVERY_AFTER_DISRUPTION,10551,99,99.0,53.29,0.538,27.64,56.5,3,Normal,Good,0,0,0,49.34,31.96,47.68,1.0,0.0,0.0,0.602,52.18,33.57,51.28,1.5,1.0,0.25,0.608,3.95,-4.32,8.82,2.0,-0.064,0.0,8.01,-13.52,18.5,5.051,-0.293,-0.978,-1.096,-0.3
Zone_14,41,University_District,RECOVERY_AFTER_DISRUPTION,10551,99,99.0,51.88,0.524,26.14,57.26,4,Normal,Good,0,0,0,53.29,27.64,56.5,3.0,0.0,0.0,0.538,52.41,31.34,53.53,1.75,0.0,0.0,0.583,-1.41,-1.5,0.76,1.0,-0.014,0.0,-2.65,-5.43,1.35,4.917,-0.585,-0.549,-1.431,0.0
Zone_14,42,University_District,RECOVERY_AFTER_DISRUPTION,10551,99,99.0,48.85,0.493,25.87,60.58,5,Normal,Good,0,0,0,51.88,26.14,57.26,4.0,0.0,0.0,0.524,51.92,31.01,52.66,2.5,0.0,0.0,0.578,-3.03,-0.27,3.32,1.0,-0.031,0.0,-5.84,-1.03,5.8,4.63,-4.077,0.005,3.306,0.0
Zone_14,43,University_District,RECOVERY_AFTER_DISRUPTION,10551,99,99.0,42.41,0.428,18.39,61.64,2,Normal,Good,0,0,0,48.85,25.87,60.58,5.0,0.0,0.0,0.493,50.84,27.9,55.5,3.25,0.0,0.0,0.539,-6.44,-7.48,1.06,-3.0,-0.065,0.0,-13.18,-28.91,1.75,4.02,-1.977,-0.288,3.946,0.0
Zone_14,44,University_District,RECOVERY_AFTER_DISRUPTION,10551,99,99.0,41.91,0.423,17.43,61.27,4,Normal,Good,0,0,0,42.41,18.39,61.64,2.0,0.0,0.0,0.428,49.11,24.51,59.0,3.5,0.0,0.0,0.496,-0.5,-0.96,-0.37,2.0,-0.005,0.0,-1.18,-5.22,-0.6,3.972,-2.802,-3.567,1.874,0.0
Zone_14,45,University_District,RECOVERY_AFTER_DISRUPTION,10551,99,99.0,43.24,0.437,15.28,61.17,3,Normal,Good,0,0,0,41.91,17.43,61.27,4.0,0.0,0.0,0.423,46.26,21.96,60.19,3.75,0.0,0.0,0.467,1.33,-2.15,-0.1,-1.0,0.014,0.0,3.17,-12.33,-0.16,4.098,-3.361,-3.635,1.309,0.0
Zone_14,46,University_District,RECOVERY_AFTER_DISRUPTION,10551,99,81.97,45.32,0.553,30.82,48.01,3,Light Rain,Moderate,0,0,0,43.24,15.28,61.17,3.0,0.0,0.0,0.437,44.1,19.24,61.17,3.5,0.0,0.0,0.445,2.08,15.54,-13.16,0.0,0.116,0.0,4.81,101.7,-21.51,4.295,-3.273,-1.733,0.14,0.0
Zone_14,47,University_District,RECOVERY_AFTER_DISRUPTION,10551,99,99.0,43.6,0.44,20.58,60.26,1,Normal,Good,0,0,0,45.32,30.82,48.01,3.0,0.0,0.0,0.553,43.22,20.48,58.02,3.0,0.0,0.0,0.46,-1.72,-10.24,12.25,-2.0,-0.113,0.0,-3.8,-33.23,25.52,4.132,3.514,1.006,-4.099,0.0
Zone_14,48,University_District,RECOVERY_AFTER_DISRUPTION,10551,99,99.0,44.81,0.453,17.27,61.64,0,Normal,Good,0,0,0,43.6,20.58,60.26,1.0,0.0,0.0,0.44,43.52,21.03,57.68,2.75,0.0,0.0,0.463,1.21,-3.31,1.38,-1.0,0.013,0.0,2.78,-16.08,2.29,4.247,2.499,0.715,-1.619,0.0
Zone_14,49,University_District,RECOVERY_AFTER_DISRUPTION,10551,99,99.0,50.19,0.507,22.92,60.81,5,Normal,Good,0,0,0,44.81,17.27,61.64,0.0,0.0,0.0,0.453,44.24,20.99,57.77,1.75,0.0,0.0,0.471,5.38,5.65,-0.83,5.0,0.054,0.0,12.01,32.72,-1.35,4.757,-0.427,0.299,1.366,0.0
Zone_14,50,University_District,RECOVERY_AFTER_DISRUPTION,10551,99,81.97,48.24,0.589,34.15,48.28,1,Light Rain,Moderate,0,0,0,50.19,22.92,60.81,5.0,0.0,0.0,0.507,45.98,22.9,57.68,2.25,0.0,0.0,0.488,-1.95,11.23,-12.53,-4.0,0.082,0.0,-3.89,49.0,-20.61,4.572,-2.701,1.582,3.978,0.0
Zone_14,51,University_District,RECOVERY_AFTER_DISRUPTION,10551,99,99.0,42.08,0.425,22.37,62.52,1,Normal,Good,0,0,0,48.24,34.15,48.28,1.0,0.0,0.0,0.589,46.71,23.73,57.75,1.75,0.0,0.0,0.497,-6.16,-11.78,14.24,0.0,-0.164,0.0,-12.77,-34.49,29.49,3.988,4.636,1.93,-3.677,0.0
Zone_14,52,University_District,RECOVERY_AFTER_DISRUPTION,10551,99,81.97,47.14,0.575,31.44,46.74,2,Light Rain,Moderate,0,0,0,42.08,22.37,62.52,1.0,0.0,0.0,0.425,46.33,24.18,58.31,1.75,0.0,0.0,0.494,5.06,9.07,-15.78,1.0,0.15,0.0,12.02,40.55,-25.24,4.468,2.653,-1.014,-0.989,0.0
Zone_15,1,Residential,GRADUAL_DETERIORATION,14863,86,71.21,42.85,0.602,36.47,45.18,5,Light Rain,Moderate,0,0,0,,,,,,,,,,,,,,,,,,,,,,,,2.883,,,,
Zone_15,2,Residential,GRADUAL_DETERIORATION,14863,86,86.0,50.3,0.585,30.6,58.83,4,Normal,Good,0,0,0,42.85,36.47,45.18,5.0,0.0,0.0,0.602,,,,,,,,7.45,-5.87,13.65,-1.0,-0.017,,17.39,-16.1,30.21,3.384,,,,
Zone_15,3,Residential,GRADUAL_DETERIORATION,14863,86,86.0,50.1,0.583,29.0,59.42,4,Normal,Good,0,0,0,50.3,30.6,58.83,4.0,0.0,0.0,0.585,,,,,,,,-0.2,-1.6,0.59,0.0,-0.002,0.0,-0.4,-5.23,1.0,3.371,,,,
Zone_15,4,Residential,GRADUAL_DETERIORATION,14863,86,86.0,52.33,0.608,32.76,58.38,5,Normal,Good,0,1,1,50.1,29.0,59.42,4.0,0.0,0.0,0.583,,,,,,,,2.23,3.76,-1.04,1.0,0.025,0.0,4.45,12.97,-1.75,3.521,,,,
Zone_15,5,Residential,GRADUAL_DETERIORATION,14863,86,86.0,56.75,0.66,29.59,59.68,3,Normal,Good,0,0,0,52.33,32.76,58.38,5.0,1.0,1.0,0.608,48.9,32.21,55.45,4.5,1.0,0.25,0.594,4.42,-3.17,1.3,-2.0,0.052,1.0,8.45,-9.68,2.23,3.818,-1.273,2.824,4.019,0.3
Zone_15,6,Residential,GRADUAL_DETERIORATION,14863,86,71.21,61.3,0.861,58.92,38.77,9,Light Rain,Moderate,0,1,1,56.75,29.59,59.68,3.0,0.0,0.0,0.66,52.37,30.49,59.08,4.0,1.0,0.25,0.609,4.55,29.33,-20.91,6.0,0.201,-1.0,8.02,99.12,-35.04,4.124,0.073,2.158,0.151,0.1
Zone_15,7,Residential,GRADUAL_DETERIORATION,14863,86,86.0,59.4,0.691,37.56,55.11,9,Normal,Good,0,0,0,61.3,58.92,38.77,9.0,1.0,1.0,0.861,55.12,37.57,54.06,5.25,2.0,0.5,0.678,-1.9,-21.36,16.34,0.0,-0.17,1.0,-3.1,-36.25,42.15,3.997,8.659,3.802,-6.065,0.2
Zone_15,8,Residential,GRADUAL_DETERIORATION,14863,86,86.0,56.47,0.657,34.0,57.7,4,Normal,Good,0,0,0,59.4,37.56,55.11,9.0,0.0,0.0,0.691,57.44,39.71,52.98,6.5,2.0,0.5,0.705,-2.93,-3.56,2.59,-5.0,-0.034,-1.0,-4.93,-9.48,4.7,3.799,4.373,2.576,-3.072,-0.2
Zone_15,9,Residential,GRADUAL_DETERIORATION,14863,86,86.0,55.76,0.648,34.59,59.45,3,Normal,Good,0,0,0,56.47,34.0,57.7,4.0,0.0,0.0,0.657,58.48,40.02,52.82,6.25,1.0,0.25,0.717,-0.71,0.59,1.75,-1.0,-0.009,0.0,-1.26,1.74,3.03,3.752,-0.813,-0.274,1.04,-0.1
Zone_15,10,Residential,GRADUAL_DETERIORATION,14863,86,86.0,50.16,0.583,27.17,57.47,4,Normal,Good,0,0,0,55.76,34.59,59.45,3.0,0.0,0.0,0.648,58.23,41.27,52.76,6.25,1.0,0.25,0.714,-5.6,-7.42,-1.98,1.0,-0.065,0.0,-10.04,-21.45,-3.33,3.375,-7.655,-1.955,6.463,-0.3
Zone_15,11,Residential,GRADUAL_DETERIORATION,14863,86,86.0,58.84,0.684,31.24,52.44,5,Normal,Good,0,0,0,50.16,27.17,57.47,4.0,0.0,0.0,0.583,55.45,33.33,57.43,5.0,0.0,0.0,0.645,8.68,4.07,-5.03,1.0,0.101,0.0,17.3,14.98,-8.75,3.959,-3.058,-2.843,0.883,0.0
Zone_15,12,Residential,GRADUAL_DETERIORATION,14863,86,71.21,53.91,0.757,49.62,41.73,6,Light Rain,Moderate,0,0,0,58.84,31.24,52.44,5.0,0.0,0.0,0.684,55.31,31.75,56.76,4.0,0.0,0.0,0.643,-4.93,18.38,-10.71,1.0,0.073,0.0,-8.38,58.83,-20.42,3.627,-1.57,0.151,-1.776,0.0
Zone_15,13,Residential,GRADUAL_DETERIORATION,14863,86,86.0,54.16,0.63,35.25,56.08,5,Normal,Good,0,0,0,53.91,49.62,41.73,6.0,0.0,0.0,0.757,54.67,35.66,52.77,4.5,0.0,0.0,0.668,0.25,-14.37,14.35,-1.0,-0.127,0.0,0.46,-28.96,34.39,3.644,4.916,0.313,-5.819,0.0
Zone_15,14,Residential,GRADUAL_DETERIORATION,14863,86,71.21,54.65,0.767,48.36,41.0,2,Light Rain,Moderate,0,0,0,54.16,35.25,56.08,5.0,0.0,0.0,0.63,54.27,35.82,51.93,5.0,0.0,0.0,0.664,0.49,13.11,-15.08,-3.0,0.137,0.0,0.9,37.19,-26.89,3.677,4.262,0.707,-1.488,0.0
Zone_15,15,Residential,GRADUAL_DETERIORATION,14863,86,71.21,55.63,0.781,47.33,44.71,5,Light Rain,Moderate,0,1,1,54.65,48.36,41.0,2.0,0.0,0.0,0.767,55.39,41.12,47.81,4.5,0.0,0.0,0.71,0.98,-1.03,3.71,3.0,0.014,0.0,1.79,-2.13,9.05,3.743,3.699,-1.232,-1.997,0.0
Zone_15,16,Residential,GRADUAL_DETERIORATION,14863,86,86.0,61.62,0.717,39.1,53.02,4,Normal,Good,0,0,0,55.63,47.33,44.71,5.0,1.0,1.0,0.781,54.59,45.14,45.88,4.5,1.0,0.25,0.734,5.99,-8.23,8.31,-1.0,-0.064,1.0,10.77,-17.39,18.59,4.146,0.624,0.565,-0.614,0.3
Zone_15,17,Residential,GRADUAL_DETERIORATION,14863,86,86.0,53.38,0.621,28.77,54.31,4,Normal,Good,0,0,0,61.62,39.1,53.02,4.0,0.0,0.0,0.717,56.52,42.51,48.7,4.0,1.0,0.25,0.724,-8.24,-10.33,1.29,0.0,-0.096,-1.0,-13.37,-26.42,2.43,3.591,1.052,2.336,-0.547,0.1
Zone_15,18,Residential,GRADUAL_DETERIORATION,14863,86,86.0,58.99,0.686,33.82,57.71,5,Normal,Good,0,0,0,53.38,28.77,54.31,4.0,0.0,0.0,0.621,56.32,40.89,48.26,3.75,1.0,0.25,0.722,5.61,5.05,3.4,1.0,0.065,0.0,10.51,17.55,6.26,3.969,-6.7,0.218,4.824,-0.1
Zone_15,19,Residential,GRADUAL_DETERIORATION,14863,86,86.0,53.27,0.619,29.85,57.2,4,Normal,Good,0,0,0,58.99,33.82,57.71,5.0,0.0,0.0,0.686,57.4,37.25,52.44,4.5,1.0,0.25,0.701,-5.72,-3.97,-0.51,-1.0,-0.067,0.0,-9.7,-11.74,-0.88,3.584,-5.086,0.184,4.029,-0.3
Zone_15,20,Residential,GRADUAL_DETERIORATION,14863,86,86.0,49.73,0.578,29.06,57.99,7,Normal,Good,0,0,0,53.27,29.85,57.2,4.0,0.0,0.0,0.619,56.82,32.88,55.56,4.25,0.0,0.0,0.661,-3.54,-0.79,0.79,3.0,-0.041,0.0,-6.65,-2.65,1.38,3.346,-2.27,-1.944,1.594,0.0
Zone_15,21,Residential,GRADUAL_DETERIORATION,14863,86,86.0,53.43,0.621,32.29,55.35,3,Normal,Good,0,0,0,49.73,29.06,57.99,7.0,0.0,0.0,0.578,53.84,30.38,56.8,5.0,0.0,0.0,0.626,3.7,3.23,-2.64,-4.0,0.043,0.0,7.44,11.11,-4.55,3.595,-0.31,-1.667,1.053,0.0
Zone_15,22,Residential,GRADUAL_DETERIORATION,14863,86,86.0,52.28,0.608,31.51,55.58,4,Normal,Good,0,0,0,53.43,32.29,55.35,3.0,0.0,0.0,0.621,53.86,31.26,57.06,4.75,0.0,0.0,0.626,-1.15,-0.78,0.23,1.0,-0.013,0.0,-2.15,-2.42,0.42,3.517,-0.538,-2.022,-0.629,0.0
Zone_15,23,Residential,GRADUAL_DETERIORATION,14863,86,86.0,52.53,0.611,29.8,59.91,2,Normal,Good,0,0,0,52.28,31.51,55.58,4.0,0.0,0.0,0.608,52.18,30.68,56.53,4.5,0.0,0.0,0.606,0.25,-1.71,4.33,-2.0,0.003,0.0,0.48,-5.43,7.79,3.534,0.821,0.073,-0.75,0.0
Zone_15,24,Residential,GRADUAL_DETERIORATION,14863,86,86.0,59.89,0.696,34.34,57.46,5,Normal,Good,0,0,0,52.53,29.8,59.91,2.0,0.0,0.0,0.611,51.99,30.67,57.21,4.0,0.0,0.0,0.604,7.36,4.54,-2.45,3.0,0.085,0.0,14.01,15.23,-4.09,4.029,0.144,0.725,0.599,0.0
Zone_15,25,Residential,GRADUAL_DETERIORATION,14863,86,86.0,56.96,0.662,33.11,56.46,10,Normal,Good,0,0,0,59.89,34.34,57.46,5.0,0.0,0.0,0.696,54.53,31.99,57.08,3.5,0.0,0.0,0.634,-2.93,-1.23,-1.0,5.0,-0.034,0.0,-4.89,-3.58,-1.74,3.832,0.444,1.963,1.066,0.0
Zone_15,26,Residential,GRADUAL_DETERIORATION,14863,86,86.0,65.3,0.759,41.96,54.18,7,Normal,Good,0,0,0,56.96,33.11,56.46,10.0,0.0,0.0,0.662,55.42,32.19,57.35,5.25,0.0,0.0,0.644,8.34,8.85,-2.28,-3.0,0.097,0.0,14.64,26.73,-4.04,4.393,0.934,2.14,0.019,0.0
Zone_15,27,Residential,GRADUAL_DETERIORATION,14863,86,86.0,65.46,0.761,44.36,54.93,3,Normal,Good,0,0,0,65.3,41.96,54.18,7.0,0.0,0.0,0.759,58.67,34.8,57.0,6.0,0.0,0.0,0.682,0.16,2.4,0.75,-4.0,0.002,0.0,0.25,5.72,1.38,4.404,3.525,3.538,-1.819,0.0
Zone_15,28,Residential,GRADUAL_DETERIORATION,14863,86,86.0,62.4,0.726,37.29,50.21,3,Normal,Good,0,0,0,65.46,44.36,54.93,3.0,0.0,0.0,0.761,61.9,38.44,55.76,6.25,0.0,0.0,0.72,-3.06,-7.07,-4.72,0.0,-0.035,0.0,-4.67,-15.94,-8.59,4.198,3.891,2.505,-0.987,0.0
Zone_15,29,Residential,GRADUAL_DETERIORATION,14863,86,86.0,64.0,0.744,35.32,57.69,4,Normal,Good,0,1,1,62.4,37.29,50.21,3.0,0.0,0.0,0.726,62.53,39.18,53.94,5.75,0.0,0.0,0.727,1.6,-1.97,7.48,1.0,0.018,0.0,2.56,-5.28,14.9,4.306,1.494,1.648,-1.8,0.0
Zone_15,30,Residential,GRADUAL_DETERIORATION,14863,86,86.0,66.34,0.771,41.09,53.11,9,Normal,Good,0,0,0,64.0,35.32,57.69,4.0,1.0,1.0,0.744,64.29,39.73,54.25,4.25,1.0,0.25,0.748,2.34,5.77,-4.58,5.0,0.027,1.0,3.66,16.34,-7.94,4.463,-2.699,-0.696,0.581,0.3
Zone_15,31,Residential,GRADUAL_DETERIORATION,14863,86,71.21,62.98,0.884,55.78,42.34,10,Light Rain,Moderate,0,0,0,66.34,41.09,53.11,9.0,0.0,0.0,0.771,64.55,39.52,53.98,4.75,1.0,0.25,0.75,-3.36,14.69,-10.77,1.0,0.113,-1.0,-5.06,35.75,-20.28,4.237,-1.178,0.424,0.202,0.1
Zone_15,32,Residential,GRADUAL_DETERIORATION,14863,86,71.21,61.79,0.868,57.22,35.93,8,Light Rain,Moderate,0,1,1,62.98,55.78,42.34,10.0,0.0,0.0,0.884,63.93,42.37,50.84,6.5,1.0,0.25,0.781,-1.19,1.44,-6.41,-2.0,-0.016,0.0,-1.89,2.58,-15.14,4.157,6.124,0.408,-2.819,-0.1
Zone_15,33,Residential,GRADUAL_DETERIORATION,14863,86,50.31,62.98,1.252,100.0,10.0,3,Heavy Rain,Poor,0,3,1,61.79,57.22,35.93,8.0,1.0,1.0,0.868,63.78,47.35,47.27,7.75,2.0,0.5,0.817,1.19,42.78,-25.93,-5.0,0.384,1.0,1.93,74.76,-72.17,4.237,8.039,-0.999,-7.605,0.0
Zone_15,34,Residential,GRADUAL_DETERIORATION,14863,86,86.0,71.64,0.833,43.15,51.57,8,Normal,Good,0,2,1,62.98,100.0,10.0,3.0,3.0,1.0,1.252,63.52,63.52,35.34,7.5,4.0,0.5,0.944,8.66,-56.85,41.57,5.0,-0.419,2.0,13.75,-56.85,415.7,4.82,17.817,-1.127,-13.574,0.4
Zone_15,35,Residential,GRADUAL_DETERIORATION,14863,86,71.21,64.37,0.904,62.21,37.29,8,Light Rain,Moderate,0,2,1,71.64,43.15,51.57,8.0,2.0,1.0,0.833,64.85,64.04,34.96,7.25,6.0,0.75,0.959,-7.27,19.06,-14.28,0.0,0.071,-1.0,-10.15,44.17,-27.69,4.331,0.489,2.717,0.176,0.3
Zone_15,36,Residential,GRADUAL_DETERIORATION,14863,86,71.21,69.95,0.982,68.37,32.27,12,Light Rain,Moderate,0,0,0,64.37,62.21,37.29,8.0,2.0,1.0,0.904,65.19,65.64,33.7,6.75,8.0,1.0,0.964,5.58,6.16,-5.02,4.0,0.078,0.0,8.67,9.9,-13.46,4.706,-4.188,1.64,4.565,0.0
Zone_15,37,Residential,GRADUAL_DETERIORATION,14863,86,86.0,64.08,0.745,40.86,49.22,7,Normal,Good,0,1,1,69.95,68.37,32.27,12.0,0.0,0.0,0.982,67.24,68.43,32.78,7.75,7.0,0.75,0.993,-5.87,-27.51,16.95,-5.0,-0.237,-2.0,-8.39,-40.24,52.53,4.311,-7.583,1.364,5.253,-0.3
Zone_15,38,Residential,GRADUAL_DETERIORATION,14863,86,86.0,63.97,0.744,42.39,51.58,9,Normal,Good,0,0,0,64.08,40.86,49.22,7.0,1.0,1.0,0.745,67.51,53.65,42.59,8.75,5.0,0.75,0.866,-0.11,1.53,2.36,2.0,-0.001,1.0,-0.17,3.74,4.79,4.304,-0.071,-1.71,-1.207,-0.1
Zone_15,39,Residential,GRADUAL_DETERIORATION,14863,86,71.21,58.73,0.825,52.76,40.51,7,Light Rain,Moderate,0,0,0,63.97,42.39,51.58,9.0,0.0,0.0,0.744,65.59,53.46,42.59,9.0,3.0,0.5,0.844,-5.24,10.37,-11.07,-2.0,0.081,-1.0,-8.19,24.46,-21.46,3.951,-8.697,-0.707,5.982,-0.2
Zone_15,40,Residential,GRADUAL_DETERIORATION,14863,86,86.0,67.18,0.781,43.52,53.4,3,Normal,Good,0,0,0,58.73,52.76,40.51,7.0,0.0,0.0,0.825,64.18,51.1,43.4,8.75,1.0,0.25,0.824,8.45,-9.24,12.89,-4.0,-0.044,0.0,14.39,-17.51,31.82,4.52,-4.53,-3.377,2.708,-0.1
Zone_15,41,Residential,GRADUAL_DETERIORATION,14863,86,86.0,59.66,0.694,35.29,54.84,3,Normal,Good,0,0,0,67.18,43.52,53.4,3.0,0.0,0.0,0.781,63.49,44.88,48.68,6.5,1.0,0.25,0.774,-7.52,-8.23,1.44,0.0,-0.087,0.0,-11.19,-18.91,2.7,4.014,1.835,0.406,0.147,-0.3
Zone_15,42,Residential,GRADUAL_DETERIORATION,14863,86,86.0,57.09,0.664,38.54,56.71,9,Normal,Good,0,0,0,59.66,35.29,54.84,3.0,0.0,0.0,0.694,62.38,43.49,50.08,5.5,0.0,0.0,0.761,-2.57,3.25,1.87,6.0,-0.03,0.0,-4.31,9.21,3.41,3.841,-3.054,-0.448,2.267,0.0
Zone_15,43,Residential,GRADUAL_DETERIORATION,14863,86,71.21,69.11,0.971,65.59,33.64,4,Light Rain,Moderate,0,3,1,57.09,38.54,56.71,9.0,0.0,0.0,0.664,60.66,42.53,51.36,5.5,0.0,0.0,0.741,12.02,27.05,-23.07,-5.0,0.307,0.0,21.05,70.19,-40.68,4.65,-5.089,-1.244,5.004,0.0
Zone_15,44,Residential,GRADUAL_DETERIORATION,14863,86,86.0,70.62,0.821,46.63,51.93,5,Normal,Good,0,0,0,69.11,65.59,33.64,4.0,3.0,1.0,0.971,63.26,45.74,49.65,4.75,3.0,0.25,0.778,1.51,-18.96,18.29,1.0,-0.15,3.0,2.18,-28.91,54.37,4.751,6.946,0.322,-5.741,0.3
Zone_15,45,Residential,GRADUAL_DETERIORATION,14863,86,86.0,73.8,0.858,46.38,54.42,6,Normal,Good,0,0,0,70.62,46.63,51.93,5.0,0.0,0.0,0.821,64.12,46.51,49.28,5.25,3.0,0.25,0.788,3.18,-0.25,2.49,1.0,0.037,-3.0,4.5,-0.54,4.79,4.965,6.107,4.49,-3.18,0.1
Zone_15,46,Residential,GRADUAL_DETERIORATION,14863,86,86.0,73.21,0.851,54.14,47.24,6,Normal,Good,0,3,1,73.8,46.38,54.42,6.0,0.0,0.0,0.858,67.66,49.28,49.18,6.0,3.0,0.25,0.828,-0.59,7.76,-7.18,0.0,-0.007,0.0,-0.8,16.73,-13.19,4.926,0.456,5.164,1.142,-0.1
Zone_15,47,Residential,GRADUAL_DETERIORATION,14863,86,86.0,73.47,0.854,49.07,48.37,4,Normal,Good,0,0,0,73.21,54.14,47.24,6.0,3.0,1.0,0.851,71.68,53.18,46.81,5.25,6.0,0.5,0.875,0.26,-5.07,1.13,-2.0,0.003,3.0,0.36,-9.36,2.39,4.943,-3.46,1.548,4.329,0.0
Zone_15,48,Residential,GRADUAL_DETERIORATION,14863,86,71.21,74.86,1.051,73.28,30.58,8,Light Rain,Moderate,0,0,0,73.47,49.07,48.37,4.0,0.0,0.0,0.854,72.77,49.06,50.49,5.25,3.0,0.25,0.846,1.39,24.21,-17.79,4.0,0.197,-3.0,1.89,49.34,-36.78,5.037,1.508,0.796,-1.786,0.1
Zone_15,49,Residential,GRADUAL_DETERIORATION,14863,86,71.21,77.04,1.082,76.03,30.87,7,Light Rain,Moderate,0,3,1,74.86,73.28,30.58,8.0,0.0,0.0,1.051,73.83,55.72,45.15,6.0,3.0,0.25,0.904,2.18,2.75,0.29,-1.0,0.031,0.0,2.91,3.75,0.95,5.183,7.563,0.344,-7.039,-0.1
Zone_15,50,Residential,GRADUAL_DETERIORATION,14863,86,71.21,75.01,1.053,76.18,27.81,11,Light Rain,Moderate,0,3,1,77.04,76.03,30.87,7.0,3.0,1.0,1.082,74.64,63.13,39.26,6.25,6.0,0.5,0.96,-2.03,0.15,-3.06,4.0,-0.029,3.0,-2.63,0.2,-9.91,5.047,8.988,1.288,-6.69,0.0
Zone_15,51,Residential,GRADUAL_DETERIORATION,14863,86,86.0,70.77,0.823,47.17,48.48,4,Normal,Good,0,1,1,75.01,76.18,27.81,11.0,3.0,1.0,1.053,75.1,68.64,34.41,7.5,6.0,0.5,1.01,-4.24,-29.01,20.67,-7.0,-0.23,0.0,-5.65,-38.08,74.33,4.761,8.408,0.68,-6.139,0.4
Zone_15,52,Residential,GRADUAL_DETERIORATION,14863,86,71.21,76.31,1.072,74.53,32.54,5,Light Rain,Moderate,0,0,0,70.77,47.17,48.48,4.0,1.0,1.0,0.823,74.42,68.17,34.43,7.5,7.0,0.75,1.002,5.54,27.36,-15.94,1.0,0.249,-2.0,7.83,58.0,-32.88,5.134,-7.818,-1.43,5.064,0.3
Zone_16,1,Highway_Junction,GRADUAL_DETERIORATION,1963,84,69.55,7.71,0.111,8.2,51.71,4,Light Rain,Moderate,0,0,0,,,,,,,,,,,,,,,,,,,,,,,,3.928,,,,
Zone_16,2,Highway_Junction,GRADUAL_DETERIORATION,1963,84,69.55,2.23,0.032,13.05,53.25,3,Light Rain,Moderate,0,0,0,7.71,8.2,51.71,4.0,0.0,0.0,0.111,,,,,,,,-5.48,4.85,1.54,-1.0,-0.079,,-71.08,59.15,2.98,1.136,,,,
Zone_16,3,Highway_Junction,GRADUAL_DETERIORATION,1963,84,84.0,0.0,0.0,4.02,63.15,2,Normal,Good,0,0,0,2.23,13.05,53.25,3.0,0.0,0.0,0.032,,,,,,,,-2.23,-9.03,9.9,-1.0,-0.032,0.0,-100.0,-69.19,18.59,0.0,,,,
Zone_16,4,Highway_Junction,GRADUAL_DETERIORATION,1963,84,69.55,0.0,0.0,7.22,57.25,4,Light Rain,Moderate,0,0,0,0.0,4.02,63.15,2.0,0.0,0.0,0.0,,,,,,,,0.0,3.2,-5.9,2.0,0.0,0.0,0.0,79.6,-9.34,0.0,,,,
Zone_16,5,Highway_Junction,GRADUAL_DETERIORATION,1963,84,84.0,4.43,0.053,4.07,63.84,5,Normal,Good,0,0,0,0.0,7.22,57.25,4.0,0.0,0.0,0.0,2.48,8.12,56.34,3.25,0.0,0.0,0.036,4.43,-3.15,6.59,1.0,0.053,0.0,4430000.0,-43.63,11.51,2.257,-1.197,-2.536,2.652,0.0
Zone_16,6,Highway_Junction,GRADUAL_DETERIORATION,1963,84,84.0,12.19,0.145,11.86,62.23,6,Normal,Good,0,0,0,4.43,4.07,63.84,5.0,0.0,0.0,0.053,1.66,7.09,59.37,3.5,0.0,0.0,0.021,7.76,7.79,-1.61,1.0,0.092,0.0,175.17,191.4,-2.52,6.21,-2.374,0.66,2.587,0.0
Zone_16,7,Highway_Junction,GRADUAL_DETERIORATION,1963,84,69.55,9.99,0.144,10.66,54.86,4,Light Rain,Moderate,0,0,0,12.19,11.86,62.23,6.0,0.0,0.0,0.145,4.15,6.79,61.62,4.25,0.0,0.0,0.049,-2.2,-1.2,-7.37,-2.0,-0.001,0.0,-18.05,-10.12,-11.84,5.089,2.037,4.1,0.383,0.0
Zone_16,8,Highway_Junction,GRADUAL_DETERIORATION,1963,84,84.0,6.79,0.081,7.34,66.87,5,Normal,Good,0,0,0,9.99,10.66,54.86,4.0,0.0,0.0,0.144,6.65,8.45,59.54,4.75,0.0,0.0,0.085,-3.2,-3.32,12.01,1.0,-0.063,0.0,-32.03,-31.14,21.89,3.459,1.811,3.773,-0.878,0.0
Zone_16,9,Highway_Junction,GRADUAL_DETERIORATION,1963,84,84.0,9.34,0.111,6.68,63.88,2,Normal,Good,0,0,0,6.79,7.34,66.87,5.0,0.0,0.0,0.081,8.35,8.48,61.95,5.0,0.0,0.0,0.106,2.55,-0.66,-2.99,-3.0,0.03,0.0,37.55,-8.99,-4.47,4.758,0.861,0.488,0.172,0.0
Zone_16,10,Highway_Junction,GRADUAL_DETERIORATION,1963,84,84.0,10.39,0.124,7.68,64.23,2,Normal,Good,0,1,1,9.34,6.68,63.88,2.0,0.0,0.0,0.111,9.58,9.14,61.96,4.25,0.0,0.0,0.12,1.05,1.0,0.35,0.0,0.013,0.0,11.24,14.97,0.55,5.293,-1.886,-1.175,1.696,0.0
Zone_16,11,Highway_Junction,GRADUAL_DETERIORATION,1963,84,69.55,11.73,0.169,15.09,55.78,4,Light Rain,Moderate,0,0,0,10.39,7.68,64.23,2.0,1.0,1.0,0.124,9.13,8.09,62.46,3.25,1.0,0.25,0.115,1.34,7.41,-8.45,2.0,0.045,1.0,12.9,96.48,-13.16,5.976,-0.96,0.375,2.512,0.3
Zone_16,12,Highway_Junction,GRADUAL_DETERIORATION,1963,84,84.0,22.38,0.266,8.2,62.79,5,Normal,Good,0,0,0,11.73,15.09,55.78,4.0,0.0,0.0,0.169,9.56,9.2,62.69,3.25,1.0,0.25,0.121,10.65,-6.89,7.01,1.0,0.097,-1.0,90.79,-45.66,12.57,11.401,2.425,1.587,-3.292,0.1
Zone_16,13,Highway_Junction,GRADUAL_DETERIORATION,1963,84,84.0,13.79,0.164,7.71,64.33,5,Normal,Good,0,0,0,22.38,8.2,62.79,5.0,0.0,0.0,0.266,13.46,9.41,61.67,3.25,1.0,0.25,0.167,-8.59,-0.49,1.54,0.0,-0.102,0.0,-38.38,-5.98,2.45,7.025,1.197,4.046,-1.172,-0.1
Zone_16,14,Highway_Junction,GRADUAL_DETERIORATION,1963,84,84.0,15.72,0.187,9.94,65.57,6,Normal,Good,0,0,0,13.79,7.71,64.33,5.0,0.0,0.0,0.164,14.57,9.67,61.78,4.0,1.0,0.25,0.181,1.93,2.23,1.24,1.0,0.023,0.0,14.0,28.92,1.93,8.008,-0.68,2.085,0.731,-0.3
Zone_16,15,Highway_Junction,GRADUAL_DETERIORATION,1963,84,84.0,13.14,0.156,12.05,59.69,3,Normal,Good,0,0,0,15.72,9.94,65.57,6.0,0.0,0.0,0.187,15.9,10.24,62.12,5.0,0.0,0.0,0.196,-2.58,2.11,-5.88,-3.0,-0.031,0.0,-16.41,21.23,-8.97,6.694,-1.594,0.338,3.091,0.0
Zone_16,16,Highway_Junction,GRADUAL_DETERIORATION,1963,84,84.0,16.39,0.195,8.52,66.59,5,Normal,Good,0,0,0,13.14,12.05,59.69,3.0,0.0,0.0,0.156,16.26,9.48,63.1,4.75,0.0,0.0,0.193,3.25,-3.53,6.9,2.0,0.039,0.0,24.73,-29.29,11.56,8.349,1.378,-2.579,-0.806,0.0
Zone_16,17,Highway_Junction,GRADUAL_DETERIORATION,1963,84,84.0,22.1,0.263,14.98,62.81,2,Normal,Good,0,0,0,16.39,8.52,66.59,5.0,0.0,0.0,0.195,14.76,9.56,64.04,4.75,0.0,0.0,0.176,5.71,6.46,-3.78,-3.0,0.068,0.0,34.84,75.82,-5.68,11.258,0.454,0.522,0.09,0.0
Zone_16,18,Highway_Junction,GRADUAL_DETERIORATION,1963,84,84.0,15.26,0.182,10.69,65.22,8,Normal,Good,0,0,0,22.1,14.98,62.81,2.0,0.0,0.0,0.263,16.84,11.37,63.66,4.0,0.0,0.0,0.2,-6.84,-4.29,2.41,6.0,-0.081,0.0,-30.95,-28.64,3.84,7.774,1.159,2.239,-0.138,0.0
Zone_16,19,Highway_Junction,GRADUAL_DETERIORATION,1963,84,84.0,9.36,0.111,13.31,61.99,3,Normal,Good,0,0,0,15.26,10.69,65.22,8.0,0.0,0.0,0.182,16.72,11.56,63.58,4.5,0.0,0.0,0.199,-5.9,2.62,-3.23,-5.0,-0.071,0.0,-38.66,24.51,-4.95,4.768,0.238,1.207,1.281,0.0
Zone_16,20,Highway_Junction,GRADUAL_DETERIORATION,1963,84,84.0,6.4,0.076,2.89,64.27,6,Normal,Good,0,0,0,9.36,13.31,61.99,3.0,0.0,0.0,0.111,15.78,11.88,64.15,4.5,0.0,0.0,0.188,-2.96,-10.42,2.28,3.0,-0.035,0.0,-31.62,-78.29,3.68,3.26,1.008,-2.793,-1.139,0.0
Zone_16,21,Highway_Junction,GRADUAL_DETERIORATION,1963,84,84.0,12.95,0.154,10.2,61.39,4,Normal,Good,0,0,0,6.4,2.89,64.27,6.0,0.0,0.0,0.076,13.28,10.47,63.57,4.75,0.0,0.0,0.158,6.55,7.31,-2.88,-2.0,0.078,0.0,102.34,252.93,-4.48,6.597,-3.365,-5.3,0.115,0.0
Zone_16,22,Highway_Junction,GRADUAL_DETERIORATION,1963,84,84.0,13.23,0.158,7.63,66.63,5,Normal,Good,0,0,0,12.95,10.2,61.39,4.0,0.0,0.0,0.154,10.99,9.27,63.22,5.25,0.0,0.0,0.131,0.28,-2.57,5.24,1.0,0.004,0.0,2.16,-25.2,8.54,6.74,-1.189,-0.989,-0.921,0.0
Zone_16,23,Highway_Junction,GRADUAL_DETERIORATION,1963,84,84.0,20.39,0.243,10.59,62.0,2,Normal,Good,0,0,0,13.23,7.63,66.63,5.0,0.0,0.0,0.158,10.48,8.51,63.57,4.5,0.0,0.0,0.125,7.16,2.96,-4.63,-3.0,0.085,0.0,54.12,38.79,-6.95,10.387,-0.973,1.816,1.104,0.0
Zone_16,24,Highway_Junction,GRADUAL_DETERIORATION,1963,84,84.0,18.37,0.219,6.77,65.78,4,Normal,Good,0,0,0,20.39,10.59,62.0,2.0,0.0,0.0,0.243,13.24,7.83,63.57,4.25,0.0,0.0,0.158,-2.02,-3.82,3.78,2.0,-0.024,0.0,-9.91,-36.07,6.1,9.358,2.053,4.225,-0.157,0.0
Zone_16,25,Highway_Junction,GRADUAL_DETERIORATION,1963,84,69.55,19.05,0.274,19.17,53.17,4,Light Rain,Moderate,0,0,0,18.37,6.77,65.78,4.0,0.0,0.0,0.219,16.24,8.8,63.95,3.75,0.0,0.0,0.193,0.68,12.4,-12.61,0.0,0.055,0.0,3.7,183.16,-19.17,9.705,-0.733,2.342,0.854,0.0
Zone_16,26,Highway_Junction,GRADUAL_DETERIORATION,1963,84,84.0,14.22,0.169,9.43,61.24,7,Normal,Good,0,0,0,19.05,19.17,53.17,4.0,0.0,0.0,0.274,17.76,11.04,61.9,3.75,0.0,0.0,0.224,-4.83,-9.74,8.07,3.0,-0.105,0.0,-25.35,-50.81,15.18,7.244,3.08,1.544,-3.66,0.0
Zone_16,27,Highway_Junction,GRADUAL_DETERIORATION,1963,84,84.0,11.1,0.132,5.46,64.03,4,Normal,Good,0,0,0,14.22,9.43,61.24,7.0,0.0,0.0,0.169,18.01,11.49,60.55,4.25,0.0,0.0,0.226,-3.12,-3.97,2.79,-3.0,-0.037,0.0,-21.94,-42.1,4.56,5.655,0.892,-1.783,-1.489,0.0
Zone_16,28,Highway_Junction,GRADUAL_DETERIORATION,1963,84,84.0,12.32,0.147,10.62,63.61,5,Normal,Good,0,0,0,11.1,5.46,64.03,4.0,0.0,0.0,0.132,15.68,10.21,61.06,4.75,0.0,0.0,0.198,1.22,5.16,-0.42,1.0,0.015,0.0,10.99,94.5,-0.66,6.276,-1.367,-2.664,0.282,0.0
Zone_16,29,Highway_Junction,GRADUAL_DETERIORATION,1963,84,84.0,17.73,0.211,11.78,63.05,6,Normal,Good,0,0,0,12.32,10.62,63.61,5.0,0.0,0.0,0.147,14.17,11.17,60.51,5.0,0.0,0.0,0.18,5.41,1.16,-0.56,1.0,0.064,0.0,43.91,10.92,-0.88,9.032,-2.962,-2.331,3.411,0.0
Zone_16,30,Highway_Junction,GRADUAL_DETERIORATION,1963,84,84.0,13.08,0.156,4.41,64.55,3,Normal,Good,0,0,0,17.73,11.78,63.05,6.0,0.0,0.0,0.211,13.84,9.32,62.98,5.5,0.0,0.0,0.165,-4.65,-7.37,1.5,-3.0,-0.055,0.0,-26.23,-62.56,2.38,6.663,1.221,1.175,0.501,0.0
Zone_16,31,Highway_Junction,GRADUAL_DETERIORATION,1963,84,49.14,15.16,0.309,22.81,37.19,5,Heavy Rain,Poor,0,0,0,13.08,4.41,64.55,3.0,0.0,0.0,0.156,13.56,8.07,63.81,4.5,0.0,0.0,0.161,2.08,18.4,-27.36,2.0,0.153,0.0,15.9,417.22,-42.39,7.723,-0.199,1.135,0.1,0.0
Zone_16,32,Highway_Junction,GRADUAL_DETERIORATION,1963,84,84.0,15.57,0.185,8.45,63.23,2,Normal,Good,0,0,0,15.16,22.81,37.19,5.0,0.0,0.0,0.309,14.57,12.4,57.1,4.75,0.0,0.0,0.206,0.41,-14.36,26.04,-3.0,-0.124,0.0,2.7,-62.95,70.02,7.932,2.92,0.387,-7.776,0.0
Zone_16,33,Highway_Junction,GRADUAL_DETERIORATION,1963,84,69.55,18.14,0.261,6.99,54.86,2,Light Rain,Moderate,0,0,0,15.57,8.45,63.23,2.0,0.0,0.0,0.185,15.38,11.86,57.0,4.0,0.0,0.0,0.215,2.57,-1.46,-8.37,0.0,0.076,0.0,16.51,-17.28,-13.24,9.241,0.841,-0.44,-2.682,0.0
Zone_16,34,Highway_Junction,GRADUAL_DETERIORATION,1963,84,69.55,20.36,0.293,20.99,53.34,7,Light Rain,Moderate,0,0,0,18.14,6.99,54.86,2.0,0.0,0.0,0.261,15.49,10.66,54.96,3.0,0.0,0.0,0.228,2.22,14.0,-1.52,5.0,0.032,0.0,12.24,200.28,-2.77,10.372,-0.662,1.559,-0.303,0.0
Zone_16,35,Highway_Junction,GRADUAL_DETERIORATION,1963,84,49.14,15.11,0.307,22.16,38.28,8,Heavy Rain,Poor,0,0,0,20.36,20.99,53.34,7.0,0.0,0.0,0.293,17.31,14.81,52.15,4.0,0.0,0.0,0.262,-5.25,1.17,-15.06,1.0,0.014,0.0,-25.79,5.57,-28.23,7.697,-0.692,1.817,4.008,0.0
Zone_16,36,Highway_Junction,GRADUAL_DETERIORATION,1963,84,49.14,11.77,0.24,12.96,40.29,5,Heavy Rain,Poor,0,0,0,15.11,22.16,38.28,8.0,0.0,0.0,0.307,17.3,14.65,52.43,4.75,0.0,0.0,0.262,-3.34,-9.2,2.01,-3.0,-0.067,0.0,-22.1,-41.52,5.25,5.996,5.513,0.084,-7.637,0.0
Zone_16,37,Highway_Junction,GRADUAL_DETERIORATION,1963,84,84.0,11.05,0.132,9.02,63.15,3,Normal,Good,0,0,0,11.77,12.96,40.29,5.0,0.0,0.0,0.24,16.34,15.77,46.69,5.5,0.0,0.0,0.275,-0.72,-3.94,22.86,-2.0,-0.108,0.0,-6.12,-30.4,56.74,5.629,1.908,-2.436,-5.877,0.0
Zone_16,38,Highway_Junction,GRADUAL_DETERIORATION,1963,84,67.2,14.99,0.223,10.97,63.22,7,Normal,Good,1,0,0,11.05,9.02,63.15,3.0,0.0,0.0,0.132,14.57,16.28,48.76,5.75,0.0,0.0,0.243,3.94,1.95,0.07,4.0,0.091,0.0,35.66,21.62,0.11,7.636,-4.511,-3.127,3.144,0.0
Zone_16,39,Highway_Junction,GRADUAL_DETERIORATION,1963,84,67.2,24.53,0.365,18.08,61.59,8,Normal,Good,1,0,0,14.99,10.97,63.22,7.0,0.0,0.0,0.223,13.23,13.78,51.24,5.75,0.0,0.0,0.226,9.54,7.11,-1.63,1.0,0.142,0.0,63.64,64.81,-2.58,12.496,-3.751,-0.108,9.768,0.0
Zone_16,40,Highway_Junction,GRADUAL_DETERIORATION,1963,84,67.2,28.78,0.428,19.97,60.37,7,Normal,Good,1,0,0,24.53,18.08,61.59,8.0,0.0,0.0,0.365,15.58,12.76,57.06,5.75,0.0,0.0,0.24,4.25,1.89,-1.22,-1.0,0.063,0.0,17.33,10.45,-1.98,14.661,1.731,4.222,6.397,0.0
Zone_16,41,Highway_Junction,GRADUAL_DETERIORATION,1963,84,84.0,24.3,0.289,8.68,62.72,4,Normal,Good,0,0,0,28.78,19.97,60.37,7.0,0.0,0.0,0.428,19.84,14.51,62.08,6.25,0.0,0.0,0.287,-4.48,-11.29,2.35,-3.0,-0.139,0.0,-15.57,-56.53,3.89,12.379,3.996,6.273,-0.997,0.0
Zone_16,42,Highway_Junction,GRADUAL_DETERIORATION,1963,84,84.0,25.27,0.301,11.09,60.89,1,Normal,Good,0,0,0,24.3,8.68,62.72,4.0,0.0,0.0,0.289,23.15,14.42,61.98,6.5,0.0,0.0,0.326,0.97,2.41,-1.83,-3.0,0.012,0.0,3.99,27.76,-2.92,12.873,-0.498,3.218,-0.272,0.0
Zone_16,43,Highway_Junction,GRADUAL_DETERIORATION,1963,84,84.0,26.71,0.318,10.71,60.96,3,Normal,Good,0,0,0,25.27,11.09,60.89,1.0,0.0,0.0,0.301,25.72,14.45,61.39,5.0,0.0,0.0,0.346,1.44,-0.38,0.07,2.0,0.017,0.0,5.7,-3.43,0.11,13.607,-3.226,-0.226,0.025,0.0
Zone_16,44,Highway_Junction,GRADUAL_DETERIORATION,1963,84,84.0,27.8,0.331,15.33,62.27,3,Normal,Good,0,0,0,26.71,10.71,60.96,3.0,0.0,0.0,0.318,26.26,12.61,61.24,3.75,0.0,0.0,0.334,1.09,4.62,1.31,0.0,0.013,0.0,4.08,43.14,2.15,14.162,-2.537,-0.524,-0.006,0.0
Zone_16,45,Highway_Junction,GRADUAL_DETERIORATION,1963,84,84.0,26.4,0.314,11.8,59.46,2,Normal,Good,0,0,0,27.8,15.33,62.27,3.0,0.0,0.0,0.331,26.02,11.45,61.71,2.75,0.0,0.0,0.31,-1.4,-3.53,-2.81,-1.0,-0.017,0.0,-5.04,-23.03,-4.51,13.449,1.957,1.194,-0.128,0.0
Zone_16,46,Highway_Junction,GRADUAL_DETERIORATION,1963,84,84.0,23.43,0.279,18.5,61.51,3,Normal,Good,0,0,0,26.4,11.8,59.46,2.0,0.0,0.0,0.314,26.54,12.23,60.9,2.25,0.0,0.0,0.316,-2.97,6.7,2.05,1.0,-0.035,0.0,-11.25,56.78,3.45,11.936,0.675,0.448,-0.298,0.0
Zone_16,47,Highway_Junction,GRADUAL_DETERIORATION,1963,84,84.0,24.47,0.291,15.01,61.81,5,Normal,Good,0,0,0,23.43,18.5,61.51,3.0,0.0,0.0,0.279,26.08,14.08,61.05,2.75,0.0,0.0,0.31,1.04,-3.49,0.3,2.0,0.012,0.0,4.44,-18.86,0.49,12.466,1.984,-1.124,-0.116,0.0
Zone_16,48,Highway_Junction,GRADUAL_DETERIORATION,1963,84,84.0,22.93,0.273,8.46,64.86,8,Normal,Good,0,0,0,24.47,15.01,61.81,5.0,0.0,0.0,0.291,25.52,15.16,61.26,3.25,0.0,0.0,0.304,-1.54,-6.55,3.05,3.0,-0.018,0.0,-6.29,-43.64,4.93,11.681,0.574,-1.296,0.067,0.0
Zone_16,49,Highway_Junction,GRADUAL_DETERIORATION,1963,84,84.0,21.13,0.252,11.38,64.67,6,Normal,Good,0,0,0,22.93,8.46,64.86,8.0,0.0,0.0,0.273,24.31,13.44,61.91,4.5,0.0,0.0,0.289,-1.8,2.92,-0.19,-2.0,-0.021,0.0,-7.85,34.51,-0.29,10.764,-1.351,-0.937,1.65,0.0
Zone_16,50,Highway_Junction,GRADUAL_DETERIORATION,1963,84,84.0,16.31,0.194,9.17,62.79,6,Normal,Good,0,0,0,21.13,11.38,64.67,6.0,0.0,0.0,0.252,22.99,13.34,63.21,5.5,0.0,0.0,0.274,-4.82,-2.21,-1.88,0.0,-0.058,0.0,-22.81,-19.42,-2.91,8.309,-2.791,-0.844,1.253,0.0
Zone_16,51,Highway_Junction,GRADUAL_DETERIORATION,1963,84,84.0,20.39,0.243,9.36,63.48,6,Normal,Good,0,0,0,16.31,9.17,62.79,6.0,0.0,0.0,0.194,21.21,11.0,63.53,6.25,0.0,0.0,0.252,4.08,0.19,0.69,0.0,0.049,0.0,25.02,2.07,1.1,10.387,-1.46,-2.628,0.275,0.0
Zone_16,52,Highway_Junction,GRADUAL_DETERIORATION,1963,84,84.0,20.2,0.24,10.46,60.05,3,Normal,Good,0,0,0,20.39,9.36,63.48,6.0,0.0,0.0,0.243,20.19,9.59,63.95,6.5,0.0,0.0,0.241,-0.19,1.1,-3.43,-3.0,-0.003,0.0,-0.93,11.75,-5.4,10.29,0.049,-1.244,-0.602,0.0
Zone_17,1,Residential,EVENT_SENSITIVE,8064,48,48.0,14.97,0.312,14.74,64.19,1,Normal,Good,0,0,0,,,,,,,,,,,,,,,,,,,,,,,,1.856,,,,
Zone_17,2,Residential,EVENT_SENSITIVE,8064,48,48.0,16.85,0.351,13.83,66.31,3,Normal,Good,0,0,0,14.97,14.74,64.19,1.0,0.0,0.0,0.312,,,,,,,,1.88,-0.91,2.12,2.0,0.039,,12.56,-6.17,3.3,2.09,,,,
Zone_17,3,Residential,EVENT_SENSITIVE,8064,48,48.0,18.96,0.395,23.72,59.03,3,Normal,Good,0,0,0,16.85,13.83,66.31,3.0,0.0,0.0,0.351,,,,,,,,2.11,9.89,-7.28,0.0,0.044,0.0,12.52,71.51,-10.98,2.351,,,,
Zone_17,4,Residential,EVENT_SENSITIVE,8064,48,48.0,21.95,0.457,26.46,57.78,5,Normal,Good,0,0,0,18.96,23.72,59.03,3.0,0.0,0.0,0.395,,,,,,,,2.99,2.74,-1.25,2.0,0.062,0.0,15.77,11.55,-2.12,2.722,,,,
Zone_17,5,Residential,EVENT_SENSITIVE,8064,48,48.0,20.39,0.425,21.82,61.32,3,Normal,Good,0,0,0,21.95,26.46,57.78,5.0,0.0,0.0,0.457,18.18,19.69,61.83,3.0,0.0,0.0,0.379,-1.56,-4.64,3.54,-2.0,-0.032,0.0,-7.11,-17.54,6.13,2.529,4.505,2.305,-2.651,0.0
Zone_17,6,Residential,EVENT_SENSITIVE,8064,48,48.0,17.93,0.374,16.43,63.9,2,Normal,Good,0,1,1,20.39,21.82,61.32,3.0,0.0,0.0,0.425,19.54,21.46,61.11,3.5,0.0,0.0,0.407,-2.46,-5.39,2.58,-1.0,-0.051,0.0,-12.06,-24.7,4.21,2.223,2.671,1.361,-1.622,0.0
Zone_17,7,Residential,EVENT_SENSITIVE,8064,48,48.0,18.74,0.39,19.32,57.25,3,Normal,Good,0,0,0,17.93,16.43,63.9,2.0,1.0,1.0,0.374,19.81,22.11,60.51,3.25,1.0,0.25,0.413,0.81,2.89,-6.65,1.0,0.016,1.0,4.52,17.59,-10.41,2.324,-2.651,-0.465,1.815,0.3
Zone_17,8,Residential,EVENT_SENSITIVE,8064,48,34.97,23.18,0.663,41.28,42.43,10,Light Rain,Moderate,1,0,0,18.74,19.32,57.25,3.0,0.0,0.0,0.39,19.75,21.01,60.06,3.25,1.0,0.25,0.412,4.44,21.96,-14.82,7.0,0.273,-1.0,23.69,113.66,-25.89,2.875,-2.681,-1.209,0.099,0.1
Zone_17,9,Residential,EVENT_SENSITIVE,8064,48,48.0,23.7,0.494,23.81,59.41,4,Normal,Good,0,0,0,23.18,41.28,42.43,10.0,0.0,0.0,0.663,20.06,24.71,56.22,4.5,1.0,0.25,0.463,0.52,-17.47,16.98,-6.0,-0.169,0.0,2.24,-42.32,40.02,2.939,6.127,0.918,-6.332,-0.1
Zone_17,10,Residential,EVENT_SENSITIVE,8064,48,48.0,26.22,0.546,27.69,56.82,4,Normal,Good,0,0,0,23.7,23.81,59.41,4.0,0.0,0.0,0.494,20.89,25.21,55.75,4.75,1.0,0.25,0.48,2.52,3.88,-2.59,0.0,0.052,0.0,10.63,16.3,-4.36,3.251,4.41,2.175,-2.829,-0.3
Zone_17,11,Residential,EVENT_SENSITIVE,8064,48,48.0,23.6,0.492,21.39,59.53,4,Normal,Good,0,0,0,26.22,27.69,56.82,4.0,0.0,0.0,0.546,22.96,28.02,53.98,5.25,0.0,0.0,0.523,-2.62,-6.3,2.71,0.0,-0.054,0.0,-9.99,-22.75,4.77,2.927,0.764,2.296,1.569,0.0
Zone_17,12,Residential,EVENT_SENSITIVE,8064,48,48.0,26.71,0.556,25.56,55.89,2,Normal,Good,0,0,0,23.6,21.39,59.53,4.0,0.0,0.0,0.492,24.17,28.54,54.55,5.5,0.0,0.0,0.549,3.11,4.17,-3.64,-2.0,0.064,0.0,13.18,19.5,-6.11,3.312,-5.579,0.378,4.871,0.0
Zone_17,13,Residential,EVENT_SENSITIVE,8064,48,39.74,18.87,0.475,23.59,49.14,2,Light Rain,Moderate,0,0,0,26.71,25.56,55.89,2.0,0.0,0.0,0.556,25.06,24.61,57.91,3.5,0.0,0.0,0.522,-7.84,-1.97,-6.75,0.0,-0.081,0.0,-29.35,-7.71,-12.08,2.34,-0.105,0.641,-0.785,0.0
Zone_17,14,Residential,EVENT_SENSITIVE,8064,48,39.74,18.57,0.467,21.2,49.22,2,Light Rain,Moderate,0,0,0,18.87,23.59,49.14,2.0,0.0,0.0,0.475,23.85,24.56,55.34,3.0,0.0,0.0,0.517,-0.3,-2.39,0.08,0.0,-0.008,0.0,-1.59,-10.13,0.16,2.303,-0.813,-1.894,-2.668,0.0
Zone_17,15,Residential,EVENT_SENSITIVE,8064,48,48.0,26.25,0.547,23.41,56.75,7,Normal,Good,0,0,0,18.57,21.2,49.22,2.0,0.0,0.0,0.467,21.94,22.94,53.44,2.5,0.0,0.0,0.498,7.68,2.21,7.53,5.0,0.08,0.0,41.36,10.42,15.3,3.255,-0.254,-2.293,-3.768,0.0
Zone_17,16,Residential,EVENT_SENSITIVE,8064,48,48.0,19.46,0.405,21.37,62.35,7,Normal,Good,0,1,1,26.25,23.41,56.75,7.0,0.0,0.0,0.547,22.6,23.44,52.75,3.25,0.0,0.0,0.511,-6.79,-2.04,5.6,0.0,-0.142,0.0,-25.87,-8.71,9.87,2.413,-0.884,-0.168,0.266,0.0
Zone_17,17,Residential,EVENT_SENSITIVE,8064,48,48.0,22.63,0.471,17.17,61.45,5,Normal,Good,0,0,0,19.46,21.37,62.35,7.0,1.0,1.0,0.405,20.79,22.39,54.36,4.5,1.0,0.25,0.474,3.17,-4.2,-0.9,-2.0,0.066,1.0,16.29,-19.65,-1.44,2.806,-0.445,0.945,4.716,0.3
Zone_17,18,Residential,EVENT_SENSITIVE,8064,48,48.0,23.63,0.492,24.88,60.07,4,Normal,Good,0,0,0,22.63,17.17,61.45,5.0,0.0,0.0,0.471,21.73,20.79,57.44,5.25,1.0,0.25,0.473,1.0,7.71,-1.38,-1.0,0.021,-1.0,4.42,44.9,-2.25,2.93,-1.413,0.539,4.229,0.1
Zone_17,19,Residential,EVENT_SENSITIVE,8064,48,48.0,26.9,0.56,29.08,57.86,2,Normal,Good,0,0,0,23.63,24.88,60.07,4.0,0.0,0.0,0.492,22.99,21.71,60.16,5.75,1.0,0.25,0.479,3.27,4.2,-2.21,-2.0,0.068,0.0,13.84,16.88,-3.68,3.336,0.021,-0.469,0.906,-0.1
Zone_17,20,Residential,EVENT_SENSITIVE,8064,48,48.0,20.37,0.424,16.29,61.23,4,Normal,Good,0,1,1,26.9,29.08,57.86,2.0,0.0,0.0,0.56,23.16,23.12,60.43,4.5,1.0,0.25,0.482,-6.53,-12.79,3.37,2.0,-0.136,0.0,-24.28,-43.98,5.82,2.526,3.084,2.332,-1.485,-0.3
Zone_17,21,Residential,EVENT_SENSITIVE,8064,48,39.74,19.2,0.483,23.19,49.88,3,Light Rain,Moderate,0,0,0,20.37,16.29,61.23,4.0,1.0,1.0,0.424,23.38,21.85,60.15,3.75,1.0,0.25,0.487,-1.17,6.9,-11.35,-1.0,0.059,1.0,-5.74,42.36,-18.54,2.381,0.156,-0.351,-0.287,0.3
Zone_17,22,Residential,EVENT_SENSITIVE,8064,48,48.0,22.95,0.478,25.77,60.58,4,Normal,Good,0,0,0,19.2,23.19,49.88,3.0,0.0,0.0,0.483,22.52,23.36,57.26,3.25,1.0,0.25,0.49,3.75,2.58,10.7,1.0,-0.005,-1.0,19.53,11.13,21.45,2.846,-1.786,-1.982,-2.72,0.1
Zone_17,23,Residential,EVENT_SENSITIVE,8064,48,48.0,29.59,0.616,30.28,57.87,3,Normal,Good,0,0,0,22.95,25.77,60.58,4.0,0.0,0.0,0.478,22.36,23.58,57.39,3.25,1.0,0.25,0.486,6.64,4.51,-2.71,-1.0,0.138,0.0,28.93,17.5,-4.47,3.669,-0.303,-1.302,-0.319,-0.1
Zone_17,24,Residential,EVENT_SENSITIVE,8064,48,42.24,35.65,0.844,49.55,51.07,10,Normal,Good,1,0,0,29.59,30.28,57.87,3.0,0.0,0.0,0.616,23.03,23.88,57.39,3.5,1.0,0.25,0.5,6.06,19.27,-6.8,7.0,0.228,0.0,20.48,63.64,-11.75,4.421,4.455,3.141,0.062,-0.3
Zone_17,25,Residential,EVENT_SENSITIVE,8064,48,39.74,28.41,0.715,40.84,47.14,6,Light Rain,Moderate,0,1,1,35.65,49.55,51.07,10.0,0.0,0.0,0.844,26.85,32.2,54.85,5.0,0.0,0.0,0.605,-7.24,-8.71,-3.93,-4.0,-0.129,0.0,-20.31,-17.58,-7.7,3.523,8.359,5.599,0.086,0.0
Zone_17,26,Residential,EVENT_SENSITIVE,8064,48,48.0,16.71,0.348,13.93,62.2,3,Normal,Good,0,0,0,28.41,40.84,47.14,6.0,1.0,1.0,0.715,29.15,36.61,54.16,5.75,1.0,0.25,0.663,-11.7,-26.91,15.06,-3.0,-0.367,1.0,-41.18,-65.89,31.95,2.072,6.448,2.244,-4.712,0.3
Zone_17,27,Residential,EVENT_SENSITIVE,8064,48,48.0,20.75,0.432,17.39,62.42,3,Normal,Good,0,0,0,16.71,13.93,62.2,3.0,0.0,0.0,0.348,27.59,33.65,54.57,5.5,1.0,0.25,0.631,4.04,3.46,0.22,0.0,0.084,-1.0,24.18,24.84,0.35,2.573,-5.776,-4.588,0.906,0.1
Zone_17,28,Residential,EVENT_SENSITIVE,8064,48,48.0,22.04,0.459,19.9,60.29,2,Normal,Good,0,0,0,20.75,17.39,62.42,3.0,0.0,0.0,0.432,25.38,30.43,55.71,5.5,1.0,0.25,0.585,1.29,2.51,-2.13,-1.0,0.027,0.0,6.22,14.43,-3.41,2.733,-12.339,-5.64,4.911,-0.1
Zone_17,29,Residential,EVENT_SENSITIVE,8064,48,39.74,18.2,0.458,21.59,52.18,1,Light Rain,Moderate,0,0,0,22.04,19.9,60.29,2.0,0.0,0.0,0.459,21.98,23.02,58.01,3.5,1.0,0.25,0.489,-3.84,1.69,-8.11,-1.0,-0.001,0.0,-17.42,8.49,-13.45,2.257,-5.936,-1.507,3.967,-0.3
Zone_17,30,Residential,EVENT_SENSITIVE,8064,48,48.0,26.37,0.549,29.46,59.37,3,Normal,Good,0,0,0,18.2,21.59,52.18,1.0,0.0,0.0,0.458,19.42,18.2,59.27,2.25,0.0,0.0,0.424,8.17,7.87,7.19,2.0,0.091,0.0,44.89,36.45,13.78,3.27,2.549,0.576,-3.219,0.0
Zone_17,31,Residential,EVENT_SENSITIVE,8064,48,28.08,24.42,0.87,65.22,23.64,5,Heavy Rain,Poor,0,1,1,26.37,29.46,59.37,3.0,0.0,0.0,0.549,21.84,22.08,58.56,2.25,0.0,0.0,0.475,-1.95,35.76,-35.73,2.0,0.321,0.0,-7.39,121.38,-60.18,3.028,3.79,1.302,-1.726,0.0
Zone_17,32,Residential,EVENT_SENSITIVE,8064,48,28.08,17.11,0.609,43.06,34.69,6,Heavy Rain,Poor,0,4,1,24.42,65.22,23.64,5.0,1.0,1.0,0.87,22.76,34.04,48.87,2.75,1.0,0.25,0.584,-7.31,-22.16,11.05,1.0,-0.261,1.0,-29.93,-33.98,46.74,2.122,14.383,1.531,-10.276,0.3
Zone_17,33,Residential,EVENT_SENSITIVE,8064,48,28.08,15.5,0.552,35.32,34.41,5,Heavy Rain,Poor,0,0,0,17.11,43.06,34.69,6.0,4.0,1.0,0.609,21.52,39.83,42.47,3.75,5.0,0.5,0.621,-1.61,-7.74,-0.28,-1.0,-0.057,3.0,-9.41,-17.97,-0.81,1.922,10.017,-0.522,-8.82,0.4
Zone_17,34,Residential,EVENT_SENSITIVE,8064,48,39.74,18.9,0.476,22.79,52.62,1,Light Rain,Moderate,0,1,1,15.5,35.32,34.41,5.0,0.0,0.0,0.552,20.85,43.26,38.03,4.75,5.0,0.5,0.645,3.4,-12.53,18.21,-4.0,-0.076,-4.0,21.94,-35.48,52.92,2.344,-0.458,-3.992,-6.383,0.0
Zone_17,35,Residential,EVENT_SENSITIVE,8064,48,48.0,20.76,0.433,20.46,58.86,3,Normal,Good,0,0,0,18.9,22.79,52.62,1.0,1.0,1.0,0.476,18.98,41.6,36.34,4.25,6.0,0.75,0.627,1.86,-2.33,6.24,2.0,-0.043,1.0,9.84,-10.22,11.86,2.574,-13.503,-1.817,8.666,-0.1
Zone_17,36,Residential,EVENT_SENSITIVE,8064,48,39.74,20.79,0.523,32.05,49.0,5,Light Rain,Moderate,0,0,0,20.76,20.46,58.86,3.0,0.0,0.0,0.433,18.07,30.41,45.14,3.75,5.0,0.5,0.518,0.03,11.59,-9.86,2.0,0.09,-1.0,0.14,56.65,-16.75,2.578,-8.033,1.435,9.072,-0.2
Zone_17,37,Residential,EVENT_SENSITIVE,8064,48,48.0,25.66,0.535,26.0,59.49,3,Normal,Good,0,0,0,20.79,32.05,49.0,5.0,0.0,0.0,0.523,18.99,27.66,48.72,3.5,1.0,0.25,0.496,4.87,-6.05,10.49,-2.0,0.012,0.0,23.42,-18.88,21.41,3.182,-1.214,1.773,5.001,-0.1
Zone_17,38,Residential,EVENT_SENSITIVE,8064,48,48.0,19.64,0.409,18.0,61.18,0,Normal,Good,0,0,0,25.66,26.0,59.49,3.0,0.0,0.0,0.535,21.53,25.33,54.99,3.0,1.0,0.25,0.492,-6.02,-8.0,1.69,-3.0,-0.126,0.0,-23.46,-30.77,2.84,2.436,2.122,2.031,1.075,-0.3
Zone_17,39,Residential,EVENT_SENSITIVE,8064,48,48.0,20.44,0.426,17.86,62.78,3,Normal,Good,0,0,0,19.64,18.0,61.18,0.0,0.0,0.0,0.409,21.71,24.13,57.13,2.75,0.0,0.0,0.475,0.8,-0.14,1.6,3.0,0.017,0.0,4.07,-0.78,2.62,2.535,-1.343,0.151,1.745,0.0
Zone_17,40,Residential,EVENT_SENSITIVE,8064,48,48.0,21.88,0.456,24.82,58.0,2,Normal,Good,0,0,0,20.44,17.86,62.78,3.0,0.0,0.0,0.426,21.63,23.48,58.11,2.75,0.0,0.0,0.473,1.44,6.96,-4.78,-1.0,0.03,0.0,7.04,38.97,-7.61,2.713,-5.057,-0.707,4.303,0.0
Zone_17,41,Residential,EVENT_SENSITIVE,8064,48,48.0,21.69,0.452,19.98,60.28,1,Normal,Good,0,0,0,21.88,24.82,58.0,2.0,0.0,0.0,0.456,21.9,21.67,60.36,2.0,0.0,0.0,0.456,-0.19,-4.84,2.28,-1.0,-0.004,0.0,-0.87,-19.5,3.93,2.69,-0.368,-1.054,-0.287,0.0
Zone_17,42,Residential,EVENT_SENSITIVE,8064,48,42.24,28.99,0.686,40.95,52.87,7,Normal,Good,1,0,0,21.69,19.98,60.28,1.0,0.0,0.0,0.452,20.91,20.16,60.56,1.5,0.0,0.0,0.436,7.3,20.97,-7.41,6.0,0.234,0.0,33.66,104.95,-12.29,3.595,1.29,0.759,-0.748,0.0
Zone_17,43,Residential,EVENT_SENSITIVE,8064,48,48.0,23.19,0.483,19.74,60.84,2,Normal,Good,0,0,0,28.99,40.95,52.87,7.0,0.0,0.0,0.686,23.25,25.9,58.48,3.25,0.0,0.0,0.505,-5.8,-21.21,7.97,-5.0,-0.203,0.0,-20.01,-51.79,15.07,2.876,6.443,2.546,-2.745,0.0
Zone_17,44,Residential,EVENT_SENSITIVE,8064,48,39.74,22.49,0.566,32.23,46.84,2,Light Rain,Moderate,0,0,0,23.19,19.74,60.84,2.0,0.0,0.0,0.483,23.94,26.37,58.0,3.0,0.0,0.0,0.519,-0.7,12.49,-14.0,0.0,0.083,0.0,-3.02,63.27,-23.01,2.789,0.573,1.123,0.111,0.0
Zone_17,45,Residential,EVENT_SENSITIVE,8064,48,48.0,17.82,0.371,15.2,62.66,2,Normal,Good,0,0,0,22.49,32.23,46.84,2.0,0.0,0.0,0.566,24.09,28.22,55.21,3.0,0.0,0.0,0.547,-4.67,-17.03,15.82,0.0,-0.195,0.0,-20.76,-52.84,33.77,2.21,1.554,-0.34,-3.235,0.0
Zone_17,46,Residential,EVENT_SENSITIVE,8064,48,48.0,18.53,0.386,18.5,61.38,3,Normal,Good,0,0,0,17.82,15.2,62.66,2.0,0.0,0.0,0.371,23.12,27.03,55.8,3.25,0.0,0.0,0.526,0.71,3.3,-1.28,1.0,0.015,0.0,3.98,21.71,-2.04,2.298,-6.476,-3.421,1.537,0.0
Zone_17,47,Residential,EVENT_SENSITIVE,8064,48,48.0,23.03,0.48,18.74,59.99,4,Normal,Good,0,0,0,18.53,18.5,61.38,3.0,0.0,0.0,0.386,20.51,21.42,57.93,2.25,0.0,0.0,0.452,4.5,0.24,-1.39,1.0,0.094,0.0,24.28,1.3,-2.26,2.856,-2.075,-1.865,1.744,0.0
Zone_17,48,Residential,EVENT_SENSITIVE,8064,48,48.0,23.02,0.48,25.69,57.54,3,Normal,Good,0,0,0,23.03,18.74,59.99,4.0,0.0,0.0,0.48,20.47,21.17,57.72,2.75,0.0,0.0,0.451,-0.01,6.95,-2.45,-1.0,0.0,0.0,-0.04,37.09,-4.08,2.855,-3.717,0.233,3.817,0.0
Zone_17,49,Residential,EVENT_SENSITIVE,8064,48,39.74,18.67,0.47,24.76,50.03,2,Light Rain,Moderate,0,1,1,23.02,25.69,57.54,3.0,0.0,0.0,0.48,20.6,19.53,60.39,3.0,0.0,0.0,0.429,-4.35,-0.93,-7.51,-1.0,-0.01,0.0,-18.9,-3.62,-13.05,2.315,3.171,2.01,-1.675,0.0
Zone_17,50,Residential,EVENT_SENSITIVE,8064,48,48.0,21.61,0.45,22.18,58.18,1,Normal,Good,0,0,0,18.67,24.76,50.03,2.0,1.0,1.0,0.47,20.81,21.92,57.24,3.0,1.0,0.25,0.454,2.94,-2.58,8.15,-1.0,-0.02,1.0,15.75,-10.42,16.29,2.68,2.573,0.041,-3.65,0.3
Zone_17,51,Residential,EVENT_SENSITIVE,8064,48,48.0,23.77,0.495,23.78,56.92,5,Normal,Good,0,0,0,21.61,22.18,58.18,1.0,0.0,0.0,0.45,21.58,22.84,56.44,2.5,1.0,0.25,0.47,2.16,1.6,-1.26,4.0,0.045,-1.0,10.0,7.21,-2.17,2.948,0.939,-0.861,-1.294,0.1
Zone_17,52,Residential,EVENT_SENSITIVE,8064,48,48.0,23.44,0.488,23.0,62.25,6,Normal,Good,0,0,0,23.77,23.78,56.92,5.0,0.0,0.0,0.495,21.77,24.1,55.67,2.75,1.0,0.25,0.474,-0.33,-0.78,5.33,1.0,-0.007,0.0,-1.39,-3.28,9.36,2.907,-0.831,0.519,0.629,-0.1
Zone_18,1,Industrial_Corridor,STABLE,3295,90,90.0,3.94,0.044,3.95,65.22,2,Normal,Good,0,0,0,,,,,,,,,,,,,,,,,,,,,,,,1.196,,,,
Zone_18,2,Industrial_Corridor,STABLE,3295,90,90.0,0.0,0.0,2.05,67.2,2,Normal,Good,0,0,0,3.94,3.95,65.22,2.0,0.0,0.0,0.044,,,,,,,,-3.94,-1.9,1.98,0.0,-0.044,,-100.0,-48.1,3.04,0.0,,,,
Zone_18,3,Industrial_Corridor,STABLE,3295,90,90.0,4.32,0.048,5.9,64.82,2,Normal,Good,0,0,0,0.0,2.05,67.2,2.0,0.0,0.0,0.0,,,,,,,,4.32,3.85,-2.38,0.0,0.048,0.0,4320000.0,187.8,-3.54,1.311,,,,
Zone_18,4,Industrial_Corridor,STABLE,3295,90,90.0,7.08,0.079,11.04,61.04,1,Normal,Good,0,0,0,4.32,5.9,64.82,2.0,0.0,0.0,0.048,,,,,,,,2.76,5.14,-3.78,-1.0,0.031,0.0,63.89,87.12,-5.83,2.149,,,,
Zone_18,5,Industrial_Corridor,STABLE,3295,90,90.0,8.51,0.095,6.33,61.55,2,Normal,Good,0,0,0,7.08,11.04,61.04,1.0,0.0,0.0,0.079,3.84,5.74,64.57,1.75,0.0,0.0,0.043,1.43,-4.71,0.51,1.0,0.016,0.0,20.2,-42.66,0.84,2.583,2.512,1.374,-1.492,0.0
Zone_18,6,Industrial_Corridor,STABLE,3295,90,90.0,4.05,0.045,7.55,61.29,2,Normal,Good,0,0,0,8.51,6.33,61.55,2.0,0.0,0.0,0.095,4.98,6.33,63.65,1.75,0.0,0.0,0.056,-4.46,1.22,-0.26,0.0,-0.05,0.0,-52.41,19.27,-0.42,1.229,1.798,2.829,-2.073,0.0
Zone_18,7,Industrial_Corridor,STABLE,3295,90,74.52,8.51,0.114,3.72,58.95,1,Light Rain,Moderate,0,0,0,4.05,7.55,61.29,2.0,0.0,0.0,0.045,5.99,7.7,62.18,1.75,0.0,0.0,0.067,4.46,-3.83,-2.34,-1.0,0.069,0.0,110.12,-50.73,-3.82,2.583,0.024,0.062,-1.008,0.0
Zone_18,8,Industrial_Corridor,STABLE,3295,90,74.52,9.54,0.128,6.07,55.61,0,Light Rain,Moderate,0,0,0,8.51,3.72,58.95,1.0,0.0,0.0,0.114,7.04,7.16,60.71,1.5,0.0,0.0,0.083,1.03,2.35,-3.34,-1.0,0.014,0.0,12.1,63.17,-5.67,2.895,-2.074,-0.017,-0.653,0.0
Zone_18,9,Industrial_Corridor,STABLE,3295,90,90.0,8.55,0.095,6.29,64.19,1,Normal,Good,0,0,0,9.54,6.07,55.61,0.0,0.0,0.0,0.128,7.65,5.92,59.35,1.25,0.0,0.0,0.096,-0.99,0.22,8.58,1.0,-0.033,0.0,-10.38,3.62,15.43,2.595,-0.461,0.755,-2.016,0.0
Zone_18,10,Industrial_Corridor,STABLE,3295,90,90.0,6.09,0.068,7.02,66.21,1,Normal,Good,0,1,1,8.55,6.29,64.19,1.0,0.0,0.0,0.095,7.66,5.91,60.01,1.0,0.0,0.0,0.096,-2.46,0.73,2.02,0.0,-0.027,0.0,-28.77,11.61,3.15,1.848,-0.143,1.453,0.536,0.0
Zone_18,11,Industrial_Corridor,STABLE,3295,90,90.0,5.21,0.058,2.57,62.75,2,Normal,Good,0,0,0,6.09,7.02,66.21,1.0,1.0,1.0,0.068,8.17,5.78,61.24,0.75,1.0,0.25,0.101,-0.88,-4.45,-3.46,1.0,-0.01,1.0,-14.45,-63.39,-5.23,1.581,1.012,-0.825,3.036,0.3
Zone_18,12,Industrial_Corridor,STABLE,3295,90,90.0,3.69,0.041,10.73,62.39,0,Normal,Good,0,0,0,5.21,2.57,62.75,2.0,0.0,0.0,0.058,7.35,5.49,62.19,1.0,1.0,0.25,0.087,-1.52,8.16,-0.36,-2.0,-0.017,-1.0,-29.17,317.5,-0.57,1.12,-0.977,-1.545,2.344,0.1
Zone_18,13,Industrial_Corridor,STABLE,3295,90,90.0,3.04,0.034,9.49,63.37,2,Normal,Good,0,0,0,3.69,10.73,62.39,0.0,0.0,0.0,0.041,5.88,6.65,63.88,1.0,1.0,0.25,0.066,-0.65,-1.24,0.98,2.0,-0.007,0.0,-17.61,-11.56,1.57,0.923,0.887,-1.546,-0.886,-0.1
Zone_18,14,Industrial_Corridor,STABLE,3295,90,90.0,5.39,0.06,3.92,65.04,1,Normal,Good,0,0,0,3.04,9.49,63.37,2.0,0.0,0.0,0.034,4.51,7.45,63.68,1.25,1.0,0.25,0.05,2.35,-5.57,1.67,-1.0,0.026,0.0,77.3,-58.69,2.64,1.636,1.557,-1.067,-0.888,-0.3
Zone_18,15,Industrial_Corridor,STABLE,3295,90,90.0,14.72,0.164,9.72,61.32,4,Normal,Good,0,0,0,5.39,3.92,65.04,1.0,0.0,0.0,0.06,4.33,6.68,63.39,1.25,0.0,0.0,0.048,9.33,5.8,-3.72,3.0,0.104,0.0,173.1,147.96,-5.72,4.467,0.281,-0.011,0.785,0.0
Zone_18,16,Industrial_Corridor,STABLE,3295,90,90.0,16.64,0.185,12.61,61.2,1,Normal,Good,0,0,0,14.72,9.72,61.32,4.0,0.0,0.0,0.164,6.71,8.46,63.03,1.75,0.0,0.0,0.075,1.92,2.89,-0.12,-3.0,0.021,0.0,13.04,29.73,-0.2,5.05,-0.86,3.544,-0.154,0.0
Zone_18,17,Industrial_Corridor,STABLE,3295,90,90.0,8.36,0.093,11.13,60.9,2,Normal,Good,0,0,0,16.64,12.61,61.2,1.0,0.0,0.0,0.185,9.95,8.94,62.73,2.0,0.0,0.0,0.111,-8.28,-1.48,-0.3,1.0,-0.092,0.0,-49.76,-11.74,-0.49,2.537,1.516,5.013,-1.023,0.0
Zone_18,18,Industrial_Corridor,STABLE,3295,90,74.52,6.8,0.091,8.42,55.44,0,Light Rain,Moderate,0,0,0,8.36,11.13,60.9,2.0,0.0,0.0,0.093,11.28,9.34,62.12,2.0,0.0,0.0,0.126,-1.56,-2.71,-5.46,-2.0,-0.002,0.0,-18.66,-24.35,-8.97,2.064,2.452,1.083,-1.254,0.0
Zone_18,19,Industrial_Corridor,STABLE,3295,90,90.0,3.26,0.036,8.36,62.46,3,Normal,Good,0,0,0,6.8,8.42,55.44,0.0,0.0,0.0,0.091,11.63,10.47,59.72,1.75,0.0,0.0,0.133,-3.54,-0.06,7.02,3.0,-0.055,0.0,-52.06,-0.71,12.66,0.989,-0.538,-3.204,-1.794,0.0
Zone_18,20,Industrial_Corridor,STABLE,3295,90,90.0,4.27,0.047,8.62,63.08,2,Normal,Good,0,0,0,3.26,8.36,62.46,3.0,0.0,0.0,0.036,8.76,10.13,60.0,1.5,0.0,0.0,0.101,1.01,0.26,0.62,-1.0,0.011,0.0,30.98,3.11,0.99,1.296,-1.546,-4.17,-0.168,0.0
Zone_18,21,Industrial_Corridor,STABLE,3295,90,90.0,2.67,0.03,6.72,66.67,3,Normal,Good,0,0,0,4.27,8.62,63.08,2.0,0.0,0.0,0.047,5.67,9.13,60.47,1.75,0.0,0.0,0.067,-1.6,-1.9,3.59,1.0,-0.017,0.0,-37.47,-22.04,5.69,0.81,-0.759,-1.581,1.356,0.0
Zone_18,22,Industrial_Corridor,STABLE,3295,90,90.0,11.06,0.123,6.77,63.87,2,Normal,Good,0,1,1,2.67,6.72,66.67,3.0,0.0,0.0,0.03,4.25,8.03,61.91,2.0,0.0,0.0,0.051,8.39,0.05,-2.8,-1.0,0.093,0.0,314.22,0.74,-4.2,3.357,-0.484,-1.138,3.431,0.0
Zone_18,23,Industrial_Corridor,STABLE,3295,90,90.0,5.55,0.062,4.49,63.29,1,Normal,Good,0,0,0,11.06,6.77,63.87,2.0,1.0,1.0,0.123,5.32,7.62,64.02,2.5,1.0,0.25,0.059,-5.51,-2.28,-0.58,-1.0,-0.061,1.0,-49.82,-33.68,-0.91,1.684,-0.667,2.18,0.782,0.3
Zone_18,24,Industrial_Corridor,STABLE,3295,90,90.0,10.31,0.115,6.85,67.98,1,Normal,Good,0,0,0,5.55,4.49,63.29,1.0,0.0,0.0,0.062,5.89,6.65,64.23,2.0,1.0,0.25,0.066,4.76,2.36,4.69,0.0,0.053,-1.0,85.76,52.56,7.41,3.129,-1.234,1.223,-0.217,0.1
Zone_18,25,Industrial_Corridor,STABLE,3295,90,90.0,9.15,0.102,8.29,63.95,3,Normal,Good,0,0,0,10.31,6.85,67.98,1.0,0.0,0.0,0.115,7.4,6.21,65.45,1.75,1.0,0.25,0.082,-1.16,1.44,-4.03,2.0,-0.013,0.0,-11.25,21.02,-5.93,2.777,-0.189,1.741,0.335,-0.1
Zone_18,26,Industrial_Corridor,STABLE,3295,90,90.0,11.34,0.126,12.34,65.95,1,Normal,Good,0,0,0,9.15,8.29,63.95,3.0,0.0,0.0,0.102,9.02,6.6,64.77,1.75,1.0,0.25,0.1,2.19,4.05,2.0,-2.0,0.024,0.0,23.93,48.85,3.13,3.442,0.692,-0.097,0.493,-0.3
Zone_18,27,Industrial_Corridor,STABLE,3295,90,90.0,9.27,0.103,9.79,64.47,2,Normal,Good,0,0,0,11.34,12.34,65.95,1.0,0.0,0.0,0.126,9.09,7.99,65.29,1.5,0.0,0.0,0.101,-2.07,-2.55,-1.48,1.0,-0.023,0.0,-18.25,-20.66,-2.24,2.813,2.499,1.621,0.395,0.0
Zone_18,28,Industrial_Corridor,STABLE,3295,90,90.0,6.73,0.075,4.56,63.12,1,Normal,Good,0,0,0,9.27,9.79,64.47,2.0,0.0,0.0,0.103,10.02,9.32,65.59,1.75,0.0,0.0,0.111,-2.54,-5.23,-1.35,-1.0,-0.028,0.0,-27.4,-53.42,-2.09,2.042,1.287,-0.093,-0.853,0.0
Zone_18,29,Industrial_Corridor,STABLE,3295,90,90.0,6.58,0.073,4.99,62.62,1,Normal,Good,0,0,0,6.73,4.56,63.12,1.0,0.0,0.0,0.075,9.12,8.74,64.37,1.75,0.0,0.0,0.102,-0.15,0.43,-0.5,0.0,-0.002,0.0,-2.23,9.43,-0.79,1.997,-1.374,-0.933,-0.397,0.0
Zone_18,30,Industrial_Corridor,STABLE,3295,90,90.0,1.7,0.019,2.46,64.65,2,Normal,Good,0,0,0,6.58,4.99,62.62,1.0,0.0,0.0,0.073,8.48,7.92,64.04,1.25,0.0,0.0,0.094,-4.88,-2.53,2.03,1.0,-0.054,0.0,-74.16,-50.7,3.24,0.516,-2.728,-1.682,-1.134,0.0
Zone_18,31,Industrial_Corridor,STABLE,3295,90,52.65,6.79,0.129,8.93,39.48,2,Heavy Rain,Poor,0,0,0,1.7,2.46,64.65,2.0,0.0,0.0,0.019,6.07,5.45,63.72,1.5,0.0,0.0,0.067,5.09,6.47,-25.17,0.0,0.11,0.0,299.39,263.0,-38.93,2.061,-2.156,-2.286,0.004,0.0
Zone_18,32,Industrial_Corridor,STABLE,3295,90,74.52,1.27,0.017,7.62,55.33,2,Light Rain,Moderate,0,0,0,6.79,8.93,39.48,2.0,0.0,0.0,0.129,5.45,5.24,57.47,1.5,0.0,0.0,0.074,-5.52,-1.31,15.85,0.0,-0.112,0.0,-81.29,-14.67,40.15,0.385,1.058,-0.47,-6.889,0.0
Zone_18,33,Industrial_Corridor,STABLE,3295,90,90.0,0.23,0.003,6.79,63.16,1,Normal,Good,0,0,0,1.27,7.62,55.33,2.0,0.0,0.0,0.017,4.08,6.0,55.52,1.75,0.0,0.0,0.06,-1.04,-0.83,7.83,-1.0,-0.014,0.0,-81.88,-10.89,14.15,0.07,1.436,-1.084,-4.704,0.0
Zone_18,34,Industrial_Corridor,STABLE,3295,90,90.0,6.3,0.07,8.29,62.58,1,Normal,Good,0,0,0,0.23,6.79,63.16,1.0,0.0,0.0,0.003,2.5,6.45,55.66,1.75,0.0,0.0,0.042,6.07,1.5,-0.58,0.0,0.067,0.0,2637.98,22.09,-0.92,1.912,1.168,-0.993,1.138,0.0
Zone_18,35,Industrial_Corridor,STABLE,3295,90,74.52,9.85,0.132,10.14,55.14,3,Light Rain,Moderate,0,0,0,6.3,8.29,62.58,1.0,0.0,0.0,0.07,3.65,7.91,55.14,1.5,0.0,0.0,0.055,3.55,1.85,-7.44,2.0,0.062,0.0,56.35,22.32,-11.89,2.989,-0.275,-0.251,7.713,0.0
Zone_18,36,Industrial_Corridor,STABLE,3295,90,90.0,6.94,0.077,9.82,66.58,5,Normal,Good,0,0,0,9.85,10.14,55.14,3.0,0.0,0.0,0.132,4.41,8.21,59.05,1.75,0.0,0.0,0.056,-2.91,-0.32,11.44,2.0,-0.055,0.0,-29.54,-3.16,20.75,2.106,0.906,3.181,-0.115,0.0
Zone_18,37,Industrial_Corridor,STABLE,3295,90,74.52,0.0,0.0,5.06,58.14,1,Light Rain,Moderate,0,0,0,6.94,9.82,66.58,5.0,0.0,0.0,0.077,5.83,8.76,61.86,2.5,0.0,0.0,0.07,-6.94,-4.76,-8.44,-4.0,-0.077,0.0,-100.0,-48.47,-12.68,0.0,1.094,2.368,0.282,0.0
Zone_18,38,Industrial_Corridor,STABLE,3295,90,90.0,7.45,0.083,5.98,62.88,0,Normal,Good,0,0,0,0.0,5.06,58.14,1.0,0.0,0.0,0.0,5.77,8.33,60.61,2.5,0.0,0.0,0.07,7.45,0.92,4.74,-1.0,0.083,0.0,7450000.0,18.18,8.15,2.261,-1.001,-2.181,-0.188,0.0
Zone_18,39,Industrial_Corridor,STABLE,3295,90,90.0,7.05,0.078,7.47,65.62,1,Normal,Good,0,0,0,7.45,5.98,62.88,0.0,0.0,0.0,0.083,6.06,7.75,60.68,2.25,0.0,0.0,0.073,-0.4,1.49,2.74,1.0,-0.005,0.0,-5.37,24.92,4.36,2.14,-1.724,-1.414,1.478,0.0
Zone_18,40,Industrial_Corridor,STABLE,3295,90,74.52,10.48,0.141,6.82,55.17,3,Light Rain,Moderate,0,0,0,7.05,7.47,65.62,1.0,0.0,0.0,0.078,5.36,7.08,63.3,1.75,0.0,0.0,0.06,3.43,-0.65,-10.45,2.0,0.063,0.0,48.65,-8.7,-15.92,3.181,-0.613,0.778,0.186,0.0
Zone_18,41,Industrial_Corridor,STABLE,3295,90,90.0,10.01,0.111,7.63,62.95,1,Normal,Good,0,0,0,10.48,6.82,55.17,3.0,0.0,0.0,0.141,6.24,6.33,60.45,1.25,0.0,0.0,0.076,-0.47,0.81,7.78,-2.0,-0.03,0.0,-4.48,11.88,14.1,3.038,0.677,3.104,-0.617,0.0
Zone_18,42,Industrial_Corridor,STABLE,3295,90,90.0,13.97,0.155,10.3,65.16,1,Normal,Good,0,0,0,10.01,7.63,62.95,1.0,0.0,0.0,0.111,8.75,6.98,61.66,1.25,0.0,0.0,0.103,3.96,2.67,2.21,0.0,0.044,0.0,39.56,34.99,3.51,4.24,0.43,1.111,-1.024,0.0
Zone_18,43,Industrial_Corridor,STABLE,3295,90,90.0,9.8,0.109,7.79,63.65,4,Normal,Good,0,0,0,13.97,10.3,65.16,1.0,0.0,0.0,0.155,10.38,8.06,62.22,1.5,0.0,0.0,0.121,-4.17,-2.51,-1.51,3.0,-0.046,0.0,-29.85,-24.37,-2.32,2.974,0.93,2.029,0.64,0.0
Zone_18,44,Industrial_Corridor,STABLE,3295,90,90.0,7.58,0.084,7.57,64.15,3,Normal,Good,0,0,0,9.8,7.79,63.65,4.0,0.0,0.0,0.109,11.07,8.14,61.73,2.25,0.0,0.0,0.129,-2.22,-0.22,0.5,-1.0,-0.025,0.0,-22.65,-2.82,0.79,2.3,0.558,0.192,2.765,0.0
Zone_18,45,Industrial_Corridor,STABLE,3295,90,90.0,8.06,0.09,7.24,61.7,3,Normal,Good,0,0,0,7.58,7.57,64.15,3.0,0.0,0.0,0.084,10.34,8.32,63.98,2.25,0.0,0.0,0.115,0.48,-0.33,-2.45,0.0,0.006,0.0,6.33,-4.36,-3.82,2.446,-0.269,-1.146,0.209,0.0
Zone_18,46,Industrial_Corridor,STABLE,3295,90,90.0,5.5,0.061,3.65,61.36,4,Normal,Good,0,0,0,8.06,7.24,61.7,3.0,0.0,0.0,0.09,9.85,8.22,63.67,2.75,0.0,0.0,0.11,-2.56,-3.59,-0.34,1.0,-0.029,0.0,-31.76,-49.58,-0.55,1.669,-0.94,-1.995,-0.988,0.0
Zone_18,47,Industrial_Corridor,STABLE,3295,90,90.0,7.12,0.079,3.53,67.3,0,Normal,Good,0,0,0,5.5,3.65,61.36,4.0,0.0,0.0,0.061,7.74,6.56,62.72,3.5,0.0,0.0,0.086,1.62,-0.12,5.94,-4.0,0.018,0.0,29.45,-3.29,9.68,2.161,-1.275,-1.242,-0.932,0.0
Zone_18,48,Industrial_Corridor,STABLE,3295,90,90.0,8.59,0.095,4.28,62.29,2,Normal,Good,0,0,0,7.12,3.53,67.3,0.0,0.0,0.0,0.079,7.06,5.5,63.63,2.5,0.0,0.0,0.078,1.47,0.75,-5.01,2.0,0.016,0.0,20.65,21.25,-7.44,2.607,-1.571,-0.394,0.911,0.0
Zone_18,49,Industrial_Corridor,STABLE,3295,90,74.52,9.05,0.121,3.59,52.24,1,Light Rain,Moderate,0,1,1,8.59,4.28,62.29,2.0,0.0,0.0,0.095,7.32,4.68,63.16,2.25,0.0,0.0,0.081,0.46,-0.69,-10.05,-1.0,0.026,0.0,5.36,-16.12,-16.13,2.747,-0.9,0.321,0.771,0.0
Zone_18,50,Industrial_Corridor,STABLE,3295,90,90.0,8.39,0.093,8.08,62.66,1,Normal,Good,0,1,1,9.05,3.59,52.24,1.0,1.0,1.0,0.121,7.56,3.76,60.8,1.75,1.0,0.25,0.089,-0.66,4.49,10.42,0.0,-0.028,1.0,-7.29,125.07,19.95,2.546,0.057,1.212,-3.237,0.3
Zone_18,51,Industrial_Corridor,STABLE,3295,90,90.0,16.93,0.188,11.39,59.46,0,Normal,Good,0,0,0,8.39,8.08,62.66,1.0,1.0,1.0,0.093,8.29,4.87,61.12,1.0,2.0,0.5,0.097,8.54,3.31,-3.2,-1.0,0.095,0.0,101.79,40.96,-5.11,5.138,1.296,0.427,-2.397,0.4
Zone_18,52,Industrial_Corridor,STABLE,3295,90,90.0,16.02,0.178,11.05,63.62,3,Normal,Good,0,0,0,16.93,11.39,59.46,0.0,0.0,0.0,0.188,10.74,6.84,59.16,1.0,2.0,0.5,0.124,-0.91,-0.34,4.16,3.0,-0.01,-1.0,-5.38,-2.99,7.0,4.862,2.582,2.436,0.193,0.0
Zone_19,1,Industrial_Corridor,EVENT_SENSITIVE,4136,81,67.07,20.61,0.307,20.64,51.87,3,Light Rain,Moderate,0,0,0,,,,,,,,,,,,,,,,,,,,,,,,4.983,,,,
Zone_19,2,Industrial_Corridor,EVENT_SENSITIVE,4136,81,81.0,18.17,0.224,13.14,63.01,0,Normal,Good,0,0,0,20.61,20.64,51.87,3.0,0.0,0.0,0.307,,,,,,,,-2.44,-7.5,11.14,-3.0,-0.083,,-11.84,-36.34,21.48,4.393,,,,
Zone_19,3,Industrial_Corridor,EVENT_SENSITIVE,4136,81,81.0,23.36,0.288,15.61,65.1,1,Normal,Good,0,0,0,18.17,13.14,63.01,0.0,0.0,0.0,0.224,,,,,,,,5.19,2.47,2.09,1.0,0.064,0.0,28.56,18.8,3.32,5.648,,,,
Zone_19,4,Industrial_Corridor,EVENT_SENSITIVE,4136,81,81.0,26.55,0.328,13.81,64.9,1,Normal,Good,0,0,0,23.36,15.61,65.1,1.0,0.0,0.0,0.288,,,,,,,,3.19,-1.8,-0.2,0.0,0.04,0.0,13.66,-11.53,-0.31,6.419,,,,
Zone_19,5,Industrial_Corridor,EVENT_SENSITIVE,4136,81,67.07,26.5,0.395,21.53,54.13,2,Light Rain,Moderate,0,0,0,26.55,13.81,64.9,1.0,0.0,0.0,0.328,22.17,15.8,61.22,1.25,0.0,0.0,0.287,-0.05,7.72,-10.77,1.0,0.067,0.0,-0.19,55.9,-16.59,6.407,-1.802,2.301,4.118,0.0
Zone_19,6,Industrial_Corridor,EVENT_SENSITIVE,4136,81,81.0,20.91,0.258,11.1,64.01,1,Normal,Good,0,0,0,26.5,21.53,54.13,2.0,0.0,0.0,0.395,23.64,16.02,61.78,1.0,0.0,0.0,0.309,-5.59,-10.43,9.88,-1.0,-0.137,0.0,-21.09,-48.44,18.25,5.056,2.337,2.818,-2.684,0.0
Zone_19,7,Industrial_Corridor,EVENT_SENSITIVE,4136,81,81.0,17.49,0.216,4.36,63.01,0,Normal,Good,0,0,0,20.91,11.1,64.01,1.0,0.0,0.0,0.258,24.33,15.51,62.04,1.25,0.0,0.0,0.317,-3.42,-6.74,-1.0,-1.0,-0.042,0.0,-16.36,-60.72,-1.56,4.229,-0.581,-0.74,-1.404,0.0
Zone_19,8,Industrial_Corridor,EVENT_SENSITIVE,4136,81,71.28,24.5,0.344,15.05,63.16,10,Normal,Good,1,0,0,17.49,4.36,63.01,0.0,0.0,0.0,0.216,22.86,12.7,61.51,1.0,0.0,0.0,0.299,7.01,10.69,0.15,10.0,0.128,0.0,40.08,245.18,0.24,5.924,-3.878,-3.277,0.421,0.0
Zone_19,9,Industrial_Corridor,EVENT_SENSITIVE,4136,81,81.0,20.13,0.249,12.77,64.04,2,Normal,Good,0,0,0,24.5,15.05,63.16,10.0,0.0,0.0,0.344,22.35,13.01,61.08,3.25,0.0,0.0,0.303,-4.37,-2.28,0.88,-8.0,-0.095,0.0,-17.84,-15.15,1.39,4.867,-2.618,-0.942,2.609,0.0
Zone_19,10,Industrial_Corridor,EVENT_SENSITIVE,4136,81,81.0,21.23,0.262,12.94,66.3,2,Normal,Good,0,2,1,20.13,12.77,64.04,2.0,0.0,0.0,0.249,20.76,10.82,63.56,3.25,0.0,0.0,0.267,1.1,0.17,2.26,0.0,0.013,0.0,5.46,1.33,3.53,5.133,1.57,0.467,0.024,0.0
Zone_19,11,Industrial_Corridor,EVENT_SENSITIVE,4136,81,81.0,16.09,0.199,11.36,62.69,1,Normal,Good,0,0,0,21.23,12.94,66.3,2.0,2.0,1.0,0.262,20.84,11.28,64.13,3.5,2.0,0.25,0.268,-5.14,-1.58,-3.61,-1.0,-0.063,2.0,-24.21,-12.21,-5.44,3.89,2.346,0.685,1.075,0.3
Zone_19,12,Industrial_Corridor,EVENT_SENSITIVE,4136,81,81.0,17.22,0.213,10.91,59.54,2,Normal,Good,0,0,0,16.09,11.36,62.69,1.0,0.0,0.0,0.199,20.49,13.03,64.05,3.75,2.0,0.25,0.264,1.13,-0.45,-3.15,1.0,0.014,-2.0,7.02,-3.96,-5.02,4.163,-1.09,-2.413,0.085,0.1
Zone_19,13,Industrial_Corridor,EVENT_SENSITIVE,4136,81,81.0,20.68,0.255,11.59,62.84,2,Normal,Good,0,0,0,17.22,10.91,59.54,2.0,0.0,0.0,0.213,18.67,12.0,63.14,1.75,2.0,0.25,0.231,3.46,0.68,3.3,0.0,0.042,0.0,20.09,6.23,5.54,5.0,-0.716,-1.387,-1.711,-0.1
Zone_19,14,Industrial_Corridor,EVENT_SENSITIVE,4136,81,67.07,13.31,0.198,6.77,53.95,0,Light Rain,Moderate,0,0,0,20.68,11.59,62.84,2.0,0.0,0.0,0.255,18.8,11.7,62.84,1.75,2.0,0.25,0.232,-7.37,-4.82,-8.89,-2.0,-0.057,0.0,-35.64,-41.59,-14.15,3.218,-0.45,-0.052,-1.353,-0.3
Zone_19,15,Industrial_Corridor,EVENT_SENSITIVE,4136,81,81.0,12.64,0.156,8.84,64.35,2,Normal,Good,0,0,0,13.31,6.77,53.95,0.0,0.0,0.0,0.198,16.82,10.16,59.76,1.25,0.0,0.0,0.216,-0.67,2.07,10.4,2.0,-0.042,0.0,-5.03,30.58,19.28,3.056,-1.309,-0.488,-2.292,0.0
Zone_19,16,Industrial_Corridor,EVENT_SENSITIVE,4136,81,81.0,19.12,0.236,10.8,61.66,3,Normal,Good,0,1,1,12.64,8.84,64.35,2.0,0.0,0.0,0.156,15.96,9.53,60.17,1.5,0.0,0.0,0.206,6.48,1.96,-2.69,1.0,0.08,0.0,51.27,22.17,-4.18,4.623,-1.103,-2.111,0.554,0.0
Zone_19,17,Industrial_Corridor,EVENT_SENSITIVE,4136,81,81.0,20.51,0.253,11.83,62.51,1,Normal,Good,0,0,0,19.12,10.8,61.66,3.0,1.0,1.0,0.236,16.44,9.5,60.7,1.75,1.0,0.25,0.211,1.39,1.03,0.85,-2.0,0.017,1.0,7.27,9.54,1.38,4.959,-0.03,-0.535,0.686,0.3
Zone_19,18,Industrial_Corridor,EVENT_SENSITIVE,4136,81,81.0,15.75,0.194,9.32,62.99,2,Normal,Good,0,0,0,20.51,11.83,62.51,1.0,0.0,0.0,0.253,16.4,9.56,60.62,1.5,1.0,0.25,0.211,-4.76,-2.51,0.48,1.0,-0.059,-1.0,-23.21,-21.22,0.77,3.808,1.714,2.808,2.299,0.1
Zone_19,19,Industrial_Corridor,EVENT_SENSITIVE,4136,81,81.0,21.23,0.262,11.46,64.26,3,Normal,Good,0,0,0,15.75,9.32,62.99,2.0,0.0,0.0,0.194,17.0,10.2,62.88,2.0,1.0,0.25,0.21,5.48,2.14,1.27,1.0,0.068,0.0,34.79,22.96,2.02,5.133,0.247,1.072,-0.323,-0.1
Zone_19,20,Industrial_Corridor,EVENT_SENSITIVE,4136,81,81.0,17.09,0.211,10.71,64.14,2,Normal,Good,0,0,0,21.23,11.46,64.26,3.0,0.0,0.0,0.262,19.15,10.85,62.86,2.25,1.0,0.25,0.236,-4.14,-0.75,-0.12,-1.0,-0.051,0.0,-19.5,-6.54,-0.19,4.132,-0.053,0.157,0.828,-0.3
Zone_19,21,Industrial_Corridor,EVENT_SENSITIVE,4136,81,81.0,22.33,0.276,14.53,62.93,0,Normal,Good,0,0,0,17.09,10.71,64.14,2.0,0.0,0.0,0.211,18.64,10.83,63.48,2.0,0.0,0.0,0.23,5.24,3.82,-1.21,-2.0,0.065,0.0,30.66,35.67,-1.89,5.399,-0.122,-0.478,0.616,0.0
Zone_19,22,Industrial_Corridor,EVENT_SENSITIVE,4136,81,81.0,23.87,0.295,17.16,60.55,2,Normal,Good,0,0,0,22.33,14.53,62.93,0.0,0.0,0.0,0.276,19.1,11.5,63.58,1.75,0.0,0.0,0.236,1.54,2.63,-2.38,2.0,0.019,0.0,6.9,18.1,-3.78,5.771,1.488,1.56,-0.03,0.0
Zone_19,23,Industrial_Corridor,EVENT_SENSITIVE,4136,81,67.07,16.66,0.248,13.02,58.16,5,Light Rain,Moderate,0,0,0,23.87,17.16,60.55,2.0,0.0,0.0,0.295,21.13,13.46,62.97,1.75,0.0,0.0,0.261,-7.21,-4.14,-2.39,3.0,-0.047,0.0,-30.21,-24.13,-3.95,4.028,2.092,1.316,-1.234,0.0
Zone_19,24,Industrial_Corridor,EVENT_SENSITIVE,4136,81,71.28,16.08,0.226,8.3,62.84,5,Normal,Good,1,0,0,16.66,13.02,58.16,5.0,0.0,0.0,0.248,19.99,13.86,61.44,2.25,0.0,0.0,0.258,-0.58,-4.72,4.68,0.0,-0.022,0.0,-3.48,-36.25,8.05,3.888,0.956,0.025,-2.032,0.0
Zone_19,25,Industrial_Corridor,EVENT_SENSITIVE,4136,81,81.0,21.43,0.265,8.59,60.32,4,Normal,Good,0,1,1,16.08,8.3,62.84,5.0,0.0,0.0,0.226,19.74,13.25,61.12,3.0,0.0,0.0,0.261,5.35,0.29,-2.52,-1.0,0.039,0.0,33.27,3.49,-4.01,5.181,-2.283,-2.596,-0.266,0.0
Zone_19,26,Industrial_Corridor,EVENT_SENSITIVE,4136,81,81.0,19.39,0.239,12.24,63.37,1,Normal,Good,0,0,0,21.43,8.59,60.32,4.0,1.0,1.0,0.265,19.51,11.77,60.47,4.0,1.0,0.25,0.258,-2.04,3.65,3.05,-3.0,-0.026,1.0,-9.52,42.49,5.06,4.688,-3.043,-0.79,0.399,0.3
Zone_19,27,Industrial_Corridor,EVENT_SENSITIVE,4136,81,81.0,8.78,0.108,7.7,64.9,1,Normal,Good,0,0,0,19.39,12.24,63.37,1.0,0.0,0.0,0.239,18.39,10.54,61.17,3.75,1.0,0.25,0.245,-10.61,-4.54,1.53,0.0,-0.131,-1.0,-54.72,-37.09,2.41,2.123,-0.205,1.354,1.311,0.1
Zone_19,28,Industrial_Corridor,EVENT_SENSITIVE,4136,81,81.0,7.33,0.09,8.74,65.12,1,Normal,Good,0,0,0,8.78,7.7,64.9,1.0,0.0,0.0,0.108,16.42,9.21,62.86,2.75,1.0,0.25,0.21,-1.45,1.04,0.22,0.0,-0.018,0.0,-16.51,13.51,0.34,1.772,0.185,-2.394,0.923,-0.1
Zone_19,29,Industrial_Corridor,EVENT_SENSITIVE,4136,81,81.0,11.34,0.14,6.65,63.99,0,Normal,Good,0,0,0,7.33,8.74,65.12,1.0,0.0,0.0,0.09,14.23,9.32,63.43,1.75,1.0,0.25,0.176,4.01,-2.09,-1.13,-1.0,0.05,0.0,54.71,-23.91,-1.74,2.742,-0.409,-5.291,1.593,-0.3
Zone_19,30,Industrial_Corridor,EVENT_SENSITIVE,4136,81,81.0,12.83,0.158,8.53,62.35,0,Normal,Good,0,0,0,11.34,6.65,63.99,0.0,0.0,0.0,0.14,11.71,8.83,64.34,0.75,0.0,0.0,0.144,1.49,1.88,-1.64,0.0,0.018,0.0,13.14,28.27,-2.56,3.102,-1.573,-2.56,0.208,0.0
Zone_19,31,Industrial_Corridor,EVENT_SENSITIVE,4136,81,81.0,12.5,0.154,7.6,60.45,4,Normal,Good,0,0,0,12.83,8.53,62.35,0.0,0.0,0.0,0.158,10.07,7.9,64.09,0.5,0.0,0.0,0.124,-0.33,-0.93,-1.9,4.0,-0.004,0.0,-2.57,-10.9,-3.05,3.022,0.04,1.616,-0.878,0.0
Zone_19,32,Industrial_Corridor,EVENT_SENSITIVE,4136,81,47.38,20.44,0.431,23.54,39.1,5,Heavy Rain,Poor,0,0,0,12.5,7.6,60.45,4.0,0.0,0.0,0.154,11.0,7.88,62.98,1.25,0.0,0.0,0.136,7.94,15.94,-21.35,1.0,0.277,0.0,63.52,209.73,-35.32,4.942,-0.154,1.7,-1.565,0.0
Zone_19,33,Industrial_Corridor,EVENT_SENSITIVE,4136,81,47.38,17.41,0.367,22.11,35.8,3,Heavy Rain,Poor,0,1,1,20.44,23.54,39.1,5.0,0.0,0.0,0.431,14.28,11.58,56.47,2.25,0.0,0.0,0.221,-3.03,-1.43,-3.3,-2.0,-0.064,0.0,-14.82,-6.07,-8.44,4.209,4.974,2.697,-7.657,0.0
Zone_19,34,Industrial_Corridor,EVENT_SENSITIVE,4136,81,47.38,14.6,0.308,15.07,42.14,3,Heavy Rain,Poor,0,1,1,17.41,22.11,35.8,3.0,1.0,1.0,0.367,15.79,15.44,49.42,3.0,1.0,0.25,0.277,-2.81,-7.04,6.34,0.0,-0.059,1.0,-16.14,-31.84,17.71,3.53,5.668,2.168,-10.1,0.3
Zone_19,35,Industrial_Corridor,EVENT_SENSITIVE,4136,81,47.38,22.33,0.471,25.62,37.89,6,Heavy Rain,Poor,0,2,1,14.6,15.07,42.14,3.0,1.0,1.0,0.308,16.24,17.08,44.37,3.75,2.0,0.5,0.315,7.73,10.55,-4.25,3.0,0.163,0.0,52.94,70.01,-10.09,5.399,2.098,0.327,-5.823,0.4
Zone_19,36,Industrial_Corridor,EVENT_SENSITIVE,4136,81,67.07,13.33,0.199,8.93,54.94,2,Light Rain,Moderate,0,0,0,22.33,25.62,37.89,6.0,2.0,1.0,0.471,18.7,21.58,38.73,4.25,4.0,0.75,0.394,-9.0,-16.69,17.05,-4.0,-0.272,1.0,-40.3,-65.14,45.0,3.223,-0.08,0.286,0.271,0.3
Zone_19,37,Industrial_Corridor,EVENT_SENSITIVE,4136,81,81.0,18.92,0.234,7.6,64.91,5,Normal,Good,0,0,0,13.33,8.93,54.94,2.0,0.0,0.0,0.199,16.92,17.93,42.69,3.5,4.0,0.75,0.336,5.59,-1.33,9.97,3.0,0.035,-2.0,41.94,-14.89,18.15,4.574,-2.899,-0.451,5.317,-0.3
Zone_19,38,Industrial_Corridor,EVENT_SENSITIVE,4136,81,81.0,20.84,0.257,14.8,63.67,3,Normal,Good,0,0,0,18.92,7.6,64.91,5.0,0.0,0.0,0.234,17.3,14.3,49.97,4.0,3.0,0.5,0.303,1.92,7.2,-1.24,-2.0,0.023,0.0,10.15,94.74,-1.91,5.039,-3.91,0.396,8.536,-0.4
Zone_19,39,Industrial_Corridor,EVENT_SENSITIVE,4136,81,81.0,21.59,0.267,14.59,66.06,3,Normal,Good,0,0,0,20.84,14.8,63.67,3.0,0.0,0.0,0.257,18.86,14.24,55.35,4.0,2.0,0.25,0.29,0.75,-0.21,2.39,0.0,0.01,0.0,3.6,-1.42,3.75,5.22,-3.379,0.112,8.731,-0.3
Zone_19,40,Industrial_Corridor,EVENT_SENSITIVE,4136,81,81.0,18.18,0.224,11.77,63.22,2,Normal,Good,0,0,0,21.59,14.59,66.06,3.0,0.0,0.0,0.267,18.67,11.48,62.4,3.25,0.0,0.0,0.239,-3.41,-2.82,-2.84,-1.0,-0.043,0.0,-15.79,-19.33,-4.3,4.396,2.418,2.67,3.212,0.0
Zone_19,41,Industrial_Corridor,EVENT_SENSITIVE,4136,81,81.0,17.58,0.217,10.37,64.78,6,Normal,Good,0,2,1,18.18,11.77,63.22,2.0,0.0,0.0,0.224,19.88,12.19,64.46,3.25,0.0,0.0,0.246,-0.6,-1.4,1.56,4.0,-0.007,0.0,-3.3,-11.89,2.47,4.25,1.23,-0.147,-0.268,0.0
Zone_19,42,Industrial_Corridor,EVENT_SENSITIVE,4136,81,71.28,18.1,0.254,13.48,66.36,10,Normal,Good,1,0,0,17.58,10.37,64.78,6.0,2.0,1.0,0.217,19.55,12.88,64.43,3.5,2.0,0.25,0.241,0.52,3.11,1.58,4.0,0.037,2.0,2.96,29.99,2.44,4.376,-1.611,-1.319,0.049,0.3
Zone_19,43,Industrial_Corridor,EVENT_SENSITIVE,4136,81,81.0,15.6,0.193,11.67,64.99,1,Normal,Good,0,0,0,18.1,13.48,66.36,10.0,0.0,0.0,0.254,18.86,12.55,65.1,5.25,2.0,0.25,0.24,-2.5,-1.81,-1.37,-9.0,-0.061,-2.0,-13.81,-13.43,-2.06,3.772,-0.473,-1.107,0.246,0.1
Zone_19,44,Industrial_Corridor,EVENT_SENSITIVE,4136,81,81.0,5.62,0.069,5.69,63.24,0,Normal,Good,0,0,0,15.6,11.67,64.99,1.0,0.0,0.0,0.193,17.36,11.82,64.84,4.75,2.0,0.25,0.222,-9.98,-5.98,-1.75,-1.0,-0.124,0.0,-63.97,-51.24,-2.69,1.359,0.281,-0.722,0.689,-0.1
Zone_19,45,Industrial_Corridor,EVENT_SENSITIVE,4136,81,67.07,13.3,0.198,10.13,54.83,2,Light Rain,Moderate,0,1,1,5.62,5.69,63.24,0.0,0.0,0.0,0.069,14.22,10.3,64.84,4.25,2.0,0.25,0.183,7.68,4.44,-8.41,2.0,0.129,0.0,136.65,78.03,-13.3,3.216,-1.585,-3.838,-0.599,-0.3
Zone_19,46,Industrial_Corridor,EVENT_SENSITIVE,4136,81,81.0,12.88,0.159,8.52,63.0,3,Normal,Good,0,0,0,13.3,10.13,54.83,2.0,1.0,1.0,0.198,13.16,10.24,62.36,3.25,1.0,0.25,0.178,-0.42,-1.61,8.17,1.0,-0.039,1.0,-3.16,-15.89,14.9,3.114,-1.603,-2.438,-3.634,0.3
Zone_19,47,Industrial_Corridor,EVENT_SENSITIVE,4136,81,67.07,14.33,0.214,7.89,56.27,2,Light Rain,Moderate,0,0,0,12.88,8.52,63.0,3.0,0.0,0.0,0.159,11.85,9.0,61.52,1.5,1.0,0.25,0.155,1.45,-0.63,-6.73,-1.0,0.055,-1.0,11.26,-7.39,-10.68,3.465,-0.501,-0.048,-1.438,0.1
Zone_19,48,Industrial_Corridor,EVENT_SENSITIVE,4136,81,81.0,15.19,0.188,7.83,65.11,3,Normal,Good,0,0,0,14.33,7.89,56.27,2.0,0.0,0.0,0.214,11.53,8.06,59.33,1.75,1.0,0.25,0.16,0.86,-0.06,8.84,1.0,-0.026,0.0,6.0,-0.76,15.71,3.673,0.499,2.571,-1.274,-0.1
Zone_19,49,Industrial_Corridor,EVENT_SENSITIVE,4136,81,81.0,12.22,0.151,7.07,64.2,3,Normal,Good,0,0,0,15.19,7.83,65.11,3.0,0.0,0.0,0.188,13.92,8.59,59.8,2.5,1.0,0.25,0.19,-2.97,-0.76,-0.91,0.0,-0.037,0.0,-19.55,-9.71,-1.4,2.955,-0.753,0.712,2.411,-0.3
Zone_19,50,Industrial_Corridor,EVENT_SENSITIVE,4136,81,67.07,6.96,0.104,6.15,51.89,5,Light Rain,Moderate,0,0,0,12.22,7.07,64.2,3.0,0.0,0.0,0.151,13.66,7.83,62.14,2.75,0.0,0.0,0.178,-5.26,-0.92,-12.31,2.0,-0.047,0.0,-43.04,-13.01,-19.17,1.683,-0.441,-0.112,1.244,0.0
Zone_19,51,Industrial_Corridor,EVENT_SENSITIVE,4136,81,67.07,10.71,0.16,9.9,54.2,0,Light Rain,Moderate,0,0,0,6.96,6.15,51.89,5.0,0.0,0.0,0.104,12.18,7.24,59.37,3.25,0.0,0.0,0.164,3.75,3.75,2.31,-5.0,0.056,0.0,53.88,60.97,4.45,2.589,-0.598,-2.508,-1.405,0.0
Zone_19,52,Industrial_Corridor,EVENT_SENSITIVE,4136,81,67.07,14.62,0.218,13.09,54.51,3,Light Rain,Moderate,0,0,0,10.71,9.9,54.2,0.0,0.0,0.0,0.16,11.27,7.74,58.85,2.75,0.0,0.0,0.151,3.91,3.19,0.31,3.0,0.058,0.0,36.51,32.22,0.57,3.535,0.529,-1.87,-4.504,0.0
Zone_20,1,Commercial_Downtown,STABLE,3700,73,73.0,19.15,0.262,13.18,62.64,4,Normal,Good,0,0,0,,,,,,,,,,,,,,,,,,,,,,,,5.176,,,,
Zone_20,2,Commercial_Downtown,STABLE,3700,73,73.0,28.3,0.388,15.57,60.69,3,Normal,Good,0,1,1,19.15,13.18,62.64,4.0,0.0,0.0,0.262,,,,,,,,9.15,2.39,-1.95,-1.0,0.126,,47.78,18.13,-3.11,7.649,,,,
Zone_20,3,Commercial_Downtown,STABLE,3700,73,73.0,26.7,0.366,16.46,60.37,5,Normal,Good,0,0,0,28.3,15.57,60.69,3.0,1.0,1.0,0.388,,,,,,,,-1.6,0.89,-0.32,2.0,-0.022,1.0,-5.65,5.72,-0.53,7.216,,,,
Zone_20,4,Commercial_Downtown,STABLE,3700,73,73.0,19.23,0.263,9.65,64.02,3,Normal,Good,0,1,1,26.7,16.46,60.37,5.0,0.0,0.0,0.366,,,,,,,,-7.47,-6.81,3.65,-2.0,-0.103,-1.0,-27.98,-41.37,6.05,5.197,,,,
Zone_20,5,Commercial_Downtown,STABLE,3700,73,73.0,21.77,0.298,7.77,68.15,1,Normal,Good,0,0,0,19.23,9.65,64.02,3.0,1.0,1.0,0.263,23.34,13.72,61.93,3.75,2.0,0.5,0.32,2.54,-1.88,4.13,-2.0,0.035,1.0,13.21,-19.48,6.45,5.884,-0.97,-0.136,0.382,0.2
Zone_20,6,Commercial_Downtown,STABLE,3700,73,73.0,15.29,0.209,7.36,63.59,5,Normal,Good,0,0,0,21.77,7.77,68.15,1.0,0.0,0.0,0.298,24.0,12.36,63.31,3.0,2.0,0.5,0.329,-6.48,-0.41,-4.56,4.0,-0.089,-1.0,-29.77,-5.28,-6.69,4.132,-3.021,-2.706,2.603,-0.2
Zone_20,7,Commercial_Downtown,STABLE,3700,73,73.0,14.35,0.197,4.79,64.15,6,Normal,Good,0,0,0,15.29,7.36,63.59,5.0,0.0,0.0,0.209,20.75,10.31,64.03,3.5,1.0,0.25,0.284,-0.94,-2.57,0.56,1.0,-0.012,0.0,-6.15,-34.92,0.88,3.878,-2.918,-3.169,1.379,-0.1
Zone_20,8,Commercial_Downtown,STABLE,3700,73,60.44,14.42,0.239,9.22,54.33,3,Light Rain,Moderate,0,0,0,14.35,4.79,64.15,6.0,0.0,0.0,0.197,17.66,7.39,64.98,3.75,1.0,0.25,0.242,0.07,4.43,-9.82,-3.0,0.042,0.0,0.49,92.48,-15.31,3.897,-1.499,-2.112,-0.417,-0.3
Zone_20,9,Commercial_Downtown,STABLE,3700,73,73.0,12.23,0.168,9.89,65.32,5,Normal,Good,0,0,0,14.42,9.22,54.33,3.0,0.0,0.0,0.239,16.46,7.28,62.56,3.75,0.0,0.0,0.236,-2.19,0.67,10.99,2.0,-0.071,0.0,-15.19,7.27,20.23,3.305,0.178,-2.299,-4.09,0.0
Zone_20,10,Commercial_Downtown,STABLE,3700,73,73.0,13.0,0.178,7.23,64.69,3,Normal,Good,0,0,0,12.23,9.89,65.32,5.0,0.0,0.0,0.168,14.07,7.82,61.85,4.75,0.0,0.0,0.203,0.77,-2.66,-0.63,-2.0,0.01,0.0,6.3,-26.9,-0.96,3.514,1.202,-0.911,-0.463,0.0
Zone_20,11,Commercial_Downtown,STABLE,3700,73,73.0,16.44,0.225,17.07,62.29,5,Normal,Good,0,0,0,13.0,7.23,64.69,3.0,0.0,0.0,0.178,13.5,7.78,62.12,4.25,0.0,0.0,0.196,3.44,9.84,-2.4,2.0,0.047,0.0,26.46,136.1,-3.71,4.443,0.799,-0.624,1.261,0.0
Zone_20,12,Commercial_Downtown,STABLE,3700,73,73.0,17.31,0.237,12.96,63.08,5,Normal,Good,0,0,0,16.44,17.07,62.29,5.0,0.0,0.0,0.225,14.02,10.85,61.66,4.0,0.0,0.0,0.202,0.87,-4.11,0.79,0.0,0.012,0.0,5.29,-24.08,1.27,4.678,2.089,0.683,2.325,0.0
Zone_20,13,Commercial_Downtown,STABLE,3700,73,73.0,14.28,0.196,9.68,61.37,5,Normal,Good,0,0,0,17.31,12.96,63.08,5.0,0.0,0.0,0.237,14.74,11.79,63.84,4.5,0.0,0.0,0.202,-3.03,-3.28,-1.71,0.0,-0.041,0.0,-17.5,-25.31,-2.71,3.859,1.905,1.868,-0.912,0.0
Zone_20,14,Commercial_Downtown,STABLE,3700,73,73.0,18.15,0.249,14.55,61.78,6,Normal,Good,0,0,0,14.28,9.68,61.37,5.0,0.0,0.0,0.196,15.26,11.74,62.86,4.5,0.0,0.0,0.209,3.87,4.87,0.41,1.0,0.053,0.0,27.1,50.31,0.67,4.905,0.324,0.471,-0.917,0.0
Zone_20,15,Commercial_Downtown,STABLE,3700,73,73.0,19.19,0.263,9.13,64.38,3,Normal,Good,0,0,0,18.15,14.55,61.78,6.0,0.0,0.0,0.249,16.55,13.57,62.13,5.25,0.0,0.0,0.227,1.04,-5.42,2.6,-3.0,0.014,0.0,5.73,-37.25,4.21,5.186,-1.084,0.21,-0.324,0.0
Zone_20,16,Commercial_Downtown,STABLE,3700,73,60.44,15.44,0.255,12.86,55.11,2,Light Rain,Moderate,0,1,1,19.19,9.13,64.38,3.0,0.0,0.0,0.263,17.23,11.58,62.65,4.75,0.0,0.0,0.236,-3.75,3.73,-9.27,-1.0,-0.008,0.0,-19.54,40.85,-14.4,4.173,-0.662,0.951,0.431,0.0
Zone_20,17,Commercial_Downtown,STABLE,3700,73,73.0,17.67,0.242,16.59,61.35,5,Normal,Good,0,0,0,15.44,12.86,55.11,2.0,1.0,1.0,0.255,16.76,11.56,60.66,4.0,1.0,0.25,0.241,2.23,3.73,6.24,3.0,-0.013,1.0,14.44,29.0,11.32,4.776,0.412,0.452,-1.618,0.3
Zone_20,18,Commercial_Downtown,STABLE,3700,73,62.05,21.0,0.338,14.05,62.21,9,Normal,Good,1,0,0,17.67,16.59,61.35,5.0,0.0,0.0,0.242,17.61,13.28,60.66,4.0,1.0,0.25,0.252,3.33,-2.54,0.86,4.0,0.096,-1.0,18.85,-15.31,1.4,5.676,0.985,-0.519,-1.056,0.1
Zone_20,19,Commercial_Downtown,STABLE,3700,73,62.05,19.6,0.316,9.53,60.06,6,Normal,Good,1,0,0,21.0,14.05,62.21,9.0,0.0,0.0,0.338,18.33,13.16,60.76,4.75,1.0,0.25,0.274,-1.4,-4.52,-2.15,-3.0,-0.022,0.0,-6.67,-32.17,-3.46,5.297,1.849,0.766,-0.027,-0.1
Zone_20,20,Commercial_Downtown,STABLE,3700,73,73.0,21.82,0.299,14.6,65.17,6,Normal,Good,0,0,0,19.6,9.53,60.06,6.0,0.0,0.0,0.316,18.43,13.26,59.68,5.5,1.0,0.25,0.288,2.22,5.07,5.11,0.0,-0.017,0.0,11.33,53.2,8.51,5.897,-1.253,1.581,1.571,-0.3
Zone_20,21,Commercial_Downtown,STABLE,3700,73,73.0,24.26,0.332,14.21,61.88,5,Normal,Good,0,0,0,21.82,14.6,65.17,6.0,0.0,0.0,0.299,20.02,13.69,62.2,6.5,0.0,0.0,0.299,2.44,-0.39,-3.29,-1.0,0.033,0.0,11.18,-2.67,-5.05,6.557,-1.049,1.105,0.931,0.0
Zone_20,22,Commercial_Downtown,STABLE,3700,73,73.0,23.29,0.319,14.94,59.35,9,Normal,Good,0,0,0,24.26,14.21,61.88,5.0,0.0,0.0,0.332,21.67,13.1,62.33,6.5,0.0,0.0,0.321,-0.97,0.73,-2.53,4.0,-0.013,0.0,-4.0,5.14,-4.09,6.295,0.555,1.2,0.412,0.0
Zone_20,23,Commercial_Downtown,STABLE,3700,73,73.0,25.05,0.343,17.95,59.41,6,Normal,Good,0,0,0,23.29,14.94,59.35,9.0,0.0,0.0,0.319,22.24,13.32,61.62,6.5,0.0,0.0,0.316,1.76,3.01,0.06,-3.0,0.024,0.0,7.56,20.15,0.1,6.77,1.584,1.351,-0.542,0.0
Zone_20,24,Commercial_Downtown,STABLE,3700,73,73.0,23.82,0.326,13.21,62.12,4,Normal,Good,0,0,0,25.05,17.95,59.41,6.0,0.0,0.0,0.343,23.61,15.42,61.45,6.5,0.0,0.0,0.323,-1.23,-4.74,2.71,-2.0,-0.017,0.0,-4.91,-26.41,4.56,6.438,1.078,0.872,-1.981,0.0
Zone_20,25,Commercial_Downtown,STABLE,3700,73,73.0,18.77,0.257,8.34,63.28,2,Normal,Good,0,0,0,23.82,13.21,62.12,4.0,0.0,0.0,0.326,24.1,15.08,60.69,6.0,0.0,0.0,0.33,-5.05,-4.87,1.16,-2.0,-0.069,0.0,-21.2,-36.87,1.87,5.073,0.001,0.044,0.078,0.0
Zone_20,26,Commercial_Downtown,STABLE,3700,73,73.0,10.6,0.145,5.79,63.71,3,Normal,Good,0,0,0,18.77,8.34,63.28,2.0,0.0,0.0,0.257,22.73,13.61,61.04,5.25,0.0,0.0,0.311,-8.17,-2.55,0.43,1.0,-0.112,0.0,-43.53,-30.58,0.68,2.865,-2.454,-1.479,1.45,0.0
Zone_20,27,Commercial_Downtown,STABLE,3700,73,73.0,9.71,0.133,9.56,62.8,2,Normal,Good,0,0,0,10.6,5.79,63.71,3.0,0.0,0.0,0.145,19.56,11.32,62.13,3.75,0.0,0.0,0.268,-0.89,3.77,-0.91,-1.0,-0.012,0.0,-8.4,65.11,-1.43,2.624,-4.135,-4.84,1.406,0.0
Zone_20,28,Commercial_Downtown,STABLE,3700,73,73.0,7.39,0.101,8.49,59.65,6,Normal,Good,0,0,0,9.71,9.56,62.8,2.0,0.0,0.0,0.133,15.72,9.23,62.98,2.75,0.0,0.0,0.215,-2.32,-1.07,-3.15,4.0,-0.032,0.0,-23.89,-11.19,-5.02,1.997,-1.35,-5.05,0.247,0.0
Zone_20,29,Commercial_Downtown,STABLE,3700,73,60.44,7.82,0.129,8.23,58.42,6,Light Rain,Moderate,0,0,0,7.39,8.49,59.65,6.0,0.0,0.0,0.101,11.62,8.04,62.36,3.25,0.0,0.0,0.159,0.43,-0.26,-1.23,0.0,0.028,0.0,5.82,-3.06,-2.06,2.114,0.422,-3.503,-1.18,0.0
Zone_20,30,Commercial_Downtown,STABLE,3700,73,73.0,7.15,0.098,11.02,57.49,0,Normal,Good,0,0,0,7.82,8.23,58.42,6.0,0.0,0.0,0.129,8.88,8.02,61.14,4.25,0.0,0.0,0.127,-0.67,2.79,-0.93,-6.0,-0.031,0.0,-8.57,33.9,-1.59,1.932,0.625,-1.066,-1.902,0.0
Zone_20,31,Commercial_Downtown,STABLE,3700,73,42.71,9.66,0.226,10.49,41.45,5,Heavy Rain,Poor,0,0,0,7.15,11.02,57.49,0.0,0.0,0.0,0.098,8.02,9.33,59.59,3.5,0.0,0.0,0.115,2.51,-0.53,-16.04,5.0,0.128,0.0,35.1,-4.81,-27.9,2.611,0.412,-0.725,-1.716,0.0
Zone_20,32,Commercial_Downtown,STABLE,3700,73,42.71,11.5,0.269,16.76,39.45,5,Heavy Rain,Poor,0,0,0,9.66,10.49,41.45,5.0,0.0,0.0,0.226,8.0,9.56,54.25,4.25,0.0,0.0,0.138,1.84,6.27,-2.0,0.0,0.043,0.0,19.05,59.77,-4.83,3.108,0.879,0.614,-5.553,0.0
Zone_20,33,Commercial_Downtown,STABLE,3700,73,73.0,15.87,0.217,9.89,65.66,3,Normal,Good,0,0,0,11.5,16.76,39.45,5.0,0.0,0.0,0.269,9.03,11.62,49.2,4.0,0.0,0.0,0.18,4.37,-6.87,26.21,-2.0,-0.052,0.0,38.0,-40.99,66.44,4.289,2.506,1.355,-7.295,0.0
Zone_20,34,Commercial_Downtown,STABLE,3700,73,42.71,13.99,0.328,18.83,42.54,8,Heavy Rain,Poor,0,0,0,15.87,9.89,65.66,3.0,0.0,0.0,0.217,11.04,12.04,51.01,3.25,0.0,0.0,0.202,-1.88,8.94,-23.12,5.0,0.111,0.0,-11.85,90.39,-35.21,3.781,0.288,2.8,2.251,0.0
Zone_20,35,Commercial_Downtown,STABLE,3700,73,42.71,13.76,0.322,21.34,39.12,6,Heavy Rain,Poor,0,0,0,13.99,18.83,42.54,8.0,0.0,0.0,0.328,12.76,13.99,47.28,5.25,0.0,0.0,0.26,-0.23,2.51,-3.42,-2.0,-0.006,0.0,-1.64,13.33,-8.04,3.719,1.815,1.736,2.948,0.0
Zone_20,36,Commercial_Downtown,STABLE,3700,73,60.44,10.31,0.171,10.31,56.39,3,Light Rain,Moderate,0,0,0,13.76,21.34,39.12,6.0,0.0,0.0,0.322,13.78,16.71,46.69,5.5,0.0,0.0,0.284,-3.45,-11.03,17.27,-3.0,-0.151,0.0,-25.07,-51.69,44.15,2.786,2.268,0.49,-2.411,0.0
Zone_20,37,Commercial_Downtown,STABLE,3700,73,73.0,11.99,0.164,5.82,65.89,0,Normal,Good,0,0,0,10.31,10.31,56.39,3.0,0.0,0.0,0.171,13.48,15.09,50.93,5.0,0.0,0.0,0.26,1.68,-4.49,9.5,-3.0,-0.007,0.0,16.29,-43.55,16.85,3.241,0.377,-1.691,-3.123,0.0
Zone_20,38,Commercial_Downtown,STABLE,3700,73,58.4,16.47,0.282,15.57,63.11,4,Normal,Good,1,0,0,11.99,5.82,65.89,0.0,0.0,0.0,0.164,12.51,14.08,50.98,4.25,0.0,0.0,0.246,4.48,9.75,-2.78,4.0,0.118,0.0,37.36,167.52,-4.22,4.451,-5.006,-0.945,8.732,0.0
Zone_20,39,Commercial_Downtown,STABLE,3700,73,58.4,29.49,0.505,22.95,61.07,10,Normal,Good,1,0,0,16.47,15.57,63.11,4.0,0.0,0.0,0.282,13.13,13.26,56.13,3.25,0.0,0.0,0.235,13.02,7.38,-2.04,6.0,0.223,0.0,79.05,47.4,-3.23,7.97,-2.18,0.981,8.147,0.0
Zone_20,40,Commercial_Downtown,STABLE,3700,73,58.4,26.51,0.454,20.87,61.45,8,Normal,Good,1,0,0,29.49,22.95,61.07,10.0,0.0,0.0,0.505,17.07,13.66,61.61,4.25,0.0,0.0,0.28,-2.98,-2.08,0.38,-2.0,-0.051,0.0,-10.11,-9.06,0.62,7.165,4.767,6.202,1.126,0.0
Zone_20,41,Commercial_Downtown,STABLE,3700,73,73.0,30.27,0.415,15.11,65.26,5,Normal,Good,0,1,1,26.51,20.87,61.45,8.0,0.0,0.0,0.454,21.12,16.3,62.88,5.5,0.0,0.0,0.351,3.76,-5.76,3.81,-3.0,-0.039,0.0,14.18,-27.6,6.2,8.181,5.253,5.658,-1.536,0.0
Zone_20,42,Commercial_Downtown,STABLE,3700,73,73.0,20.85,0.286,13.14,65.77,6,Normal,Good,0,0,0,30.27,15.11,65.26,5.0,1.0,1.0,0.415,25.68,18.62,62.72,6.75,1.0,0.25,0.414,-9.42,-1.97,0.51,1.0,-0.129,1.0,-31.12,-13.04,0.78,5.635,-0.346,3.842,0.683,0.3
Zone_20,43,Commercial_Downtown,STABLE,3700,73,73.0,26.67,0.365,14.64,62.96,3,Normal,Good,0,0,0,20.85,13.14,65.77,6.0,0.0,0.0,0.286,26.78,18.02,63.39,7.25,1.0,0.25,0.415,5.82,1.5,-2.81,-3.0,0.079,-1.0,27.91,11.42,-4.27,7.208,-3.519,-2.216,1.791,0.1
Zone_20,44,Commercial_Downtown,STABLE,3700,73,73.0,22.86,0.313,14.18,62.02,2,Normal,Good,0,0,0,26.67,14.64,62.96,3.0,0.0,0.0,0.365,26.08,15.94,63.86,5.5,1.0,0.25,0.38,-3.81,-0.46,-0.94,-1.0,-0.052,0.0,-14.29,-3.14,-1.49,6.178,-2.066,-0.894,0.504,-0.1
Zone_20,45,Commercial_Downtown,STABLE,3700,73,73.0,20.59,0.282,12.58,63.22,6,Normal,Good,0,0,0,22.86,14.18,62.02,2.0,0.0,0.0,0.313,25.16,14.27,64.0,4.0,1.0,0.25,0.345,-2.27,-1.6,1.2,4.0,-0.031,0.0,-9.93,-11.28,1.93,5.565,-0.129,-1.641,-1.253,-0.3
Zone_20,46,Commercial_Downtown,STABLE,3700,73,73.0,23.16,0.317,12.43,60.93,3,Normal,Good,0,0,0,20.59,12.58,63.22,6.0,0.0,0.0,0.282,22.74,13.64,63.49,4.25,0.0,0.0,0.311,2.57,-0.15,-2.29,-3.0,0.035,0.0,12.48,-1.19,-3.62,6.259,-0.214,-0.459,-0.859,0.0
Zone_20,47,Commercial_Downtown,STABLE,3700,73,73.0,24.0,0.329,14.5,64.01,4,Normal,Good,0,0,0,23.16,12.43,60.93,3.0,0.0,0.0,0.317,23.32,13.46,62.28,3.5,0.0,0.0,0.319,0.84,2.07,3.08,1.0,0.012,0.0,3.63,16.65,5.05,6.486,-0.823,-1.28,-0.489,0.0
Zone_20,48,Commercial_Downtown,STABLE,3700,73,73.0,16.53,0.226,5.67,64.61,3,Normal,Good,0,0,0,24.0,14.5,64.01,4.0,0.0,0.0,0.329,22.65,13.42,62.54,3.75,0.0,0.0,0.31,-7.47,-8.83,0.6,-1.0,-0.103,0.0,-31.12,-60.9,0.94,4.468,0.081,0.599,0.368,0.0
Zone_20,49,Commercial_Downtown,STABLE,3700,73,60.44,11.96,0.198,8.63,52.34,2,Light Rain,Moderate,0,0,0,16.53,5.67,64.61,3.0,0.0,0.0,0.226,21.07,11.3,63.19,4.0,0.0,0.0,0.288,-4.57,2.96,-12.27,-1.0,-0.028,0.0,-27.65,52.2,-18.99,3.232,-1.866,-1.134,0.725,0.0
Zone_20,50,Commercial_Downtown,STABLE,3700,73,60.44,5.94,0.098,7.47,55.14,6,Light Rain,Moderate,0,0,0,11.96,8.63,52.34,2.0,0.0,0.0,0.198,18.91,10.31,60.47,3.0,0.0,0.0,0.267,-6.02,-1.16,2.8,4.0,-0.1,0.0,-50.33,-13.44,5.35,1.605,-2.023,-4.107,-2.517,0.0
Zone_20,51,Commercial_Downtown,STABLE,3700,73,60.44,22.39,0.37,15.6,56.17,4,Light Rain,Moderate,0,0,0,5.94,7.47,55.14,6.0,0.0,0.0,0.098,14.61,9.07,59.02,3.75,0.0,0.0,0.213,16.45,8.13,1.03,-2.0,0.272,0.0,276.93,108.83,1.87,6.051,-1.813,-5.875,-3.888,0.0
Zone_20,52,Commercial_Downtown,STABLE,3700,73,73.0,23.75,0.325,15.84,59.99,4,Normal,Good,0,0,0,22.39,15.6,56.17,4.0,0.0,0.0,0.37,14.21,9.34,57.06,3.75,0.0,0.0,0.223,1.36,0.24,3.82,0.0,-0.045,0.0,6.07,1.54,6.8,6.419,2.863,1.156,-2.252,0.0
Zone_21,1,Residential,GRADUAL_DETERIORATION,11645,74,74.0,39.07,0.528,25.66,58.37,5,Normal,Good,0,0,0,,,,,,,,,,,,,,,,,,,,,,,,3.355,,,,
Zone_21,2,Residential,GRADUAL_DETERIORATION,11645,74,74.0,39.55,0.534,27.35,55.53,2,Normal,Good,0,0,0,39.07,25.66,58.37,5.0,0.0,0.0,0.528,,,,,,,,0.48,1.69,-2.84,-3.0,0.006,,1.23,6.59,-4.87,3.396,,,,
Zone_21,3,Residential,GRADUAL_DETERIORATION,11645,74,74.0,35.0,0.473,22.6,61.61,1,Normal,Good,0,0,0,39.55,27.35,55.53,2.0,0.0,0.0,0.534,,,,,,,,-4.55,-4.75,6.08,-1.0,-0.061,0.0,-11.5,-17.37,10.95,3.006,,,,
Zone_21,4,Residential,GRADUAL_DETERIORATION,11645,74,74.0,34.64,0.468,17.46,58.85,3,Normal,Good,0,0,0,35.0,22.6,61.61,1.0,0.0,0.0,0.473,,,,,,,,-0.36,-5.14,-2.76,2.0,-0.005,0.0,-1.03,-22.74,-4.48,2.975,,,,
Zone_21,5,Residential,GRADUAL_DETERIORATION,11645,74,74.0,39.28,0.531,24.85,61.19,6,Normal,Good,0,0,0,34.64,17.46,58.85,3.0,0.0,0.0,0.468,37.06,23.27,58.59,2.75,0.0,0.0,0.501,4.64,7.39,2.34,3.0,0.063,0.0,13.39,42.33,3.98,3.373,-2.935,-1.784,0.752,0.0
Zone_21,6,Residential,GRADUAL_DETERIORATION,11645,74,74.0,39.16,0.529,22.55,59.94,5,Normal,Good,0,0,0,39.28,24.85,61.19,6.0,0.0,0.0,0.531,37.12,23.06,59.3,3.0,0.0,0.0,0.502,-0.12,-2.3,-1.25,-1.0,-0.002,0.0,-0.31,-9.26,-2.04,3.363,-1.264,-0.117,1.422,0.0
Zone_21,7,Residential,GRADUAL_DETERIORATION,11645,74,74.0,37.24,0.503,26.85,59.78,4,Normal,Good,0,0,0,39.16,22.55,59.94,5.0,0.0,0.0,0.529,37.02,21.86,60.4,3.75,0.0,0.0,0.5,-1.92,4.3,-0.16,-1.0,-0.026,0.0,-4.9,19.07,-0.27,3.198,0.724,1.712,-0.267,0.0
Zone_21,8,Residential,GRADUAL_DETERIORATION,11645,74,74.0,37.65,0.509,24.47,61.22,5,Normal,Good,0,0,0,37.24,26.85,59.78,4.0,0.0,0.0,0.503,37.58,22.93,59.94,4.5,0.0,0.0,0.508,0.41,-2.38,1.44,1.0,0.006,0.0,1.1,-8.86,2.41,3.233,2.587,0.768,0.154,0.0
Zone_21,9,Residential,GRADUAL_DETERIORATION,11645,74,74.0,36.63,0.495,21.95,60.84,0,Normal,Good,0,0,0,37.65,24.47,61.22,5.0,0.0,0.0,0.509,38.33,24.68,60.53,5.0,0.0,0.0,0.518,-1.02,-2.52,-0.38,-5.0,-0.014,0.0,-2.71,-10.3,-0.62,3.146,0.316,-0.681,-0.007,0.0
Zone_21,10,Residential,GRADUAL_DETERIORATION,11645,74,74.0,35.46,0.479,25.17,58.11,2,Normal,Good,0,0,0,36.63,21.95,60.84,0.0,0.0,0.0,0.495,37.67,23.96,60.44,3.5,0.0,0.0,0.509,-1.17,3.22,-2.73,2.0,-0.016,0.0,-3.19,14.67,-4.49,3.045,-0.418,-0.718,0.414,0.0
Zone_21,11,Residential,GRADUAL_DETERIORATION,11645,74,74.0,34.04,0.46,23.2,61.29,0,Normal,Good,0,0,0,35.46,25.17,58.11,2.0,0.0,0.0,0.479,36.75,24.61,59.99,2.75,0.0,0.0,0.497,-1.42,-1.97,3.18,-2.0,-0.019,0.0,-4.0,-7.83,5.47,2.923,-0.756,-0.636,-0.539,0.0
Zone_21,12,Residential,GRADUAL_DETERIORATION,11645,74,74.0,25.99,0.351,14.23,61.92,2,Normal,Good,0,0,0,34.04,23.2,61.29,0.0,0.0,0.0,0.46,35.94,23.7,60.36,1.75,0.0,0.0,0.486,-8.05,-8.97,0.63,2.0,-0.109,0.0,-23.65,-38.66,1.03,2.232,-0.059,-1.2,-0.252,0.0
Zone_21,13,Residential,GRADUAL_DETERIORATION,11645,74,74.0,29.66,0.401,21.64,64.11,1,Normal,Good,0,0,0,25.99,14.23,61.92,2.0,0.0,0.0,0.351,33.03,21.14,60.54,1.0,0.0,0.0,0.446,3.67,7.41,2.19,-1.0,0.05,0.0,14.12,52.07,3.54,2.547,-2.513,-3.334,0.642,0.0
Zone_21,14,Residential,GRADUAL_DETERIORATION,11645,74,74.0,31.11,0.42,18.37,57.59,2,Normal,Good,0,0,0,29.66,21.64,64.11,1.0,0.0,0.0,0.401,31.29,21.06,61.36,1.25,0.0,0.0,0.423,1.45,-3.27,-6.52,1.0,0.019,0.0,4.89,-15.11,-10.17,2.672,-1.956,-2.545,1.863,0.0
Zone_21,15,Residential,GRADUAL_DETERIORATION,11645,74,74.0,29.99,0.405,16.4,58.46,2,Normal,Good,0,0,0,31.11,18.37,57.59,2.0,0.0,0.0,0.42,30.2,19.36,61.23,1.25,0.0,0.0,0.408,-1.12,-1.97,0.87,0.0,-0.015,0.0,-3.6,-10.72,1.51,2.575,-0.708,-0.512,-0.891,0.0
Zone_21,16,Residential,GRADUAL_DETERIORATION,11645,74,74.0,33.85,0.457,19.43,62.09,2,Normal,Good,0,0,0,29.99,16.4,58.46,2.0,0.0,0.0,0.405,29.19,17.66,60.52,1.75,0.0,0.0,0.394,3.86,3.03,3.63,0.0,0.052,0.0,12.87,18.48,6.21,2.907,0.324,1.345,-1.69,0.0
Zone_21,17,Residential,GRADUAL_DETERIORATION,11645,74,74.0,41.54,0.561,29.39,55.57,4,Normal,Good,0,0,0,33.85,19.43,62.09,2.0,0.0,0.0,0.457,31.15,18.96,60.56,1.75,0.0,0.0,0.421,7.69,9.96,-6.52,2.0,0.104,0.0,22.72,51.26,-10.5,3.567,-0.86,1.145,-0.519,0.0
Zone_21,18,Residential,GRADUAL_DETERIORATION,11645,74,74.0,38.9,0.526,21.52,59.7,2,Normal,Good,0,0,0,41.54,29.39,55.57,4.0,0.0,0.0,0.561,34.12,20.9,58.43,2.5,0.0,0.0,0.461,-2.64,-7.87,4.13,-2.0,-0.035,0.0,-6.36,-26.78,7.43,3.34,3.609,3.515,-0.243,0.0
Zone_21,19,Residential,GRADUAL_DETERIORATION,11645,74,61.27,46.83,0.764,46.95,42.33,4,Light Rain,Moderate,0,2,1,38.9,21.52,59.7,2.0,0.0,0.0,0.526,36.07,21.68,58.96,2.5,0.0,0.0,0.487,7.93,25.43,-17.37,2.0,0.238,0.0,20.39,118.17,-29.1,4.021,2.532,3.442,-0.28,0.0
Zone_21,20,Residential,GRADUAL_DETERIORATION,11645,74,74.0,46.48,0.628,28.21,58.11,5,Normal,Good,0,0,0,46.83,46.95,42.33,4.0,2.0,1.0,0.764,40.28,29.32,54.92,3.0,2.0,0.25,0.577,-0.35,-18.74,15.78,1.0,-0.136,2.0,-0.75,-39.91,37.28,3.991,7.469,3.63,-5.515,0.3
Zone_21,21,Residential,GRADUAL_DETERIORATION,11645,74,74.0,56.09,0.758,40.59,56.05,8,Normal,Good,0,0,0,46.48,28.21,58.11,5.0,0.0,0.0,0.628,43.44,31.52,53.93,3.75,2.0,0.25,0.62,9.61,12.38,-2.06,3.0,0.13,-2.0,20.68,43.88,-3.54,4.817,2.189,2.275,-0.975,0.1
Zone_21,22,Residential,GRADUAL_DETERIORATION,11645,74,61.27,55.76,0.91,62.29,38.1,5,Light Rain,Moderate,0,0,0,56.09,40.59,56.05,8.0,0.0,0.0,0.758,47.08,34.32,54.05,4.75,2.0,0.25,0.669,-0.33,21.7,-17.95,-3.0,0.152,0.0,-0.59,53.46,-32.02,4.788,3.847,5.122,0.483,-0.1
Zone_21,23,Residential,GRADUAL_DETERIORATION,11645,74,74.0,45.88,0.62,30.97,56.55,4,Normal,Good,0,0,0,55.76,62.29,38.1,5.0,0.0,0.0,0.91,51.29,44.51,48.65,5.5,2.0,0.25,0.765,-9.88,-31.32,18.45,-1.0,-0.29,0.0,-17.72,-50.28,48.43,3.94,5.84,3.64,-1.475,-0.3
Zone_21,24,Residential,GRADUAL_DETERIORATION,11645,74,74.0,41.9,0.566,25.95,59.75,2,Normal,Good,0,0,0,45.88,30.97,56.55,4.0,0.0,0.0,0.62,51.05,40.52,52.2,5.5,0.0,0.0,0.729,-3.98,-5.02,3.2,-2.0,-0.054,0.0,-8.67,-16.21,5.66,3.598,2.998,-0.213,-2.263,0.0
Zone_21,25,Residential,GRADUAL_DETERIORATION,11645,74,74.0,46.18,0.624,35.75,59.29,5,Normal,Good,0,0,0,41.9,25.95,59.75,2.0,0.0,0.0,0.566,49.91,39.95,52.61,4.75,0.0,0.0,0.714,4.28,9.8,-0.46,3.0,0.058,0.0,10.21,37.76,-0.77,3.966,-7.524,-5.245,2.955,0.0
Zone_21,26,Residential,GRADUAL_DETERIORATION,11645,74,74.0,44.46,0.601,29.01,58.21,2,Normal,Good,0,0,0,46.18,35.75,59.29,5.0,0.0,0.0,0.624,47.43,38.74,53.42,4.0,0.0,0.0,0.68,-1.72,-6.74,-1.08,-3.0,-0.023,0.0,-3.72,-18.85,-1.82,3.818,-8.464,-3.272,6.677,0.0
Zone_21,27,Residential,GRADUAL_DETERIORATION,11645,74,74.0,42.49,0.574,30.0,59.98,2,Normal,Good,0,0,0,44.46,29.01,58.21,2.0,0.0,0.0,0.601,44.6,30.42,58.45,3.25,0.0,0.0,0.603,-1.97,0.99,1.77,0.0,-0.027,0.0,-4.43,3.41,3.04,3.649,0.392,0.002,0.452,0.0
Zone_21,28,Residential,GRADUAL_DETERIORATION,11645,74,74.0,40.5,0.547,25.28,57.44,2,Normal,Good,0,0,0,42.49,30.0,59.98,2.0,0.0,0.0,0.574,43.76,30.18,59.31,2.75,0.0,0.0,0.591,-1.99,-4.72,-2.54,0.0,-0.027,0.0,-4.68,-15.73,-4.23,3.478,0.541,0.005,-0.039,0.0
Zone_21,29,Residential,GRADUAL_DETERIORATION,11645,74,74.0,41.92,0.566,27.62,59.63,3,Normal,Good,0,0,0,40.5,25.28,57.44,2.0,0.0,0.0,0.547,43.41,30.01,58.73,2.75,0.0,0.0,0.586,1.42,2.34,2.19,1.0,0.019,0.0,3.51,9.26,3.81,3.6,-3.042,-1.901,-0.378,0.0
Zone_21,30,Residential,GRADUAL_DETERIORATION,11645,74,74.0,49.97,0.675,36.66,53.02,3,Normal,Good,0,0,0,41.92,27.62,59.63,3.0,0.0,0.0,0.566,42.34,27.98,58.82,2.25,0.0,0.0,0.572,8.05,9.04,-6.61,0.0,0.109,0.0,19.2,32.73,-11.09,4.291,-0.889,-0.961,0.172,0.0
Zone_21,31,Residential,GRADUAL_DETERIORATION,11645,74,61.27,53.36,0.871,56.87,42.27,5,Light Rain,Moderate,0,2,1,49.97,36.66,53.02,3.0,0.0,0.0,0.675,43.72,29.89,57.52,2.5,0.0,0.0,0.59,3.39,20.21,-10.75,2.0,0.196,0.0,6.78,55.13,-20.28,4.582,2.232,2.386,-1.869,0.0
Zone_21,32,Residential,GRADUAL_DETERIORATION,11645,74,74.0,48.61,0.657,32.96,59.46,6,Normal,Good,0,0,0,53.36,56.87,42.27,5.0,2.0,1.0,0.871,46.44,36.61,53.09,3.25,2.0,0.25,0.665,-4.75,-23.91,17.19,1.0,-0.214,2.0,-8.9,-42.04,40.67,4.174,10.381,4.663,-5.212,0.3
Zone_21,33,Residential,GRADUAL_DETERIORATION,11645,74,43.29,49.23,1.137,88.44,11.49,7,Heavy Rain,Poor,0,3,1,48.61,32.96,59.46,6.0,0.0,0.0,0.657,48.46,38.53,53.6,4.25,2.0,0.25,0.692,0.62,55.48,-47.97,1.0,0.48,-2.0,1.28,168.32,-80.68,4.228,3.623,2.346,-1.126,0.1
Zone_21,34,Residential,GRADUAL_DETERIORATION,11645,74,61.27,47.46,0.775,51.88,41.56,3,Light Rain,Moderate,0,0,0,49.23,88.44,11.49,7.0,3.0,1.0,1.137,50.29,53.73,41.56,5.25,5.0,0.5,0.835,-1.77,-36.56,30.07,-4.0,-0.362,3.0,-3.6,-41.34,261.7,4.076,13.143,-0.697,-10.74,0.2
Zone_21,35,Residential,GRADUAL_DETERIORATION,11645,74,74.0,50.78,0.686,37.94,57.34,4,Normal,Good,0,0,0,47.46,51.88,41.56,3.0,0.0,0.0,0.775,49.66,57.54,38.7,5.25,5.0,0.5,0.86,3.32,-13.94,15.78,1.0,-0.089,-3.0,7.0,-26.87,37.97,4.361,4.051,-1.708,-5.01,-0.2
Zone_21,36,Residential,GRADUAL_DETERIORATION,11645,74,43.29,46.04,1.064,86.31,12.04,4,Heavy Rain,Poor,0,4,1,50.78,37.94,57.34,4.0,0.0,0.0,0.686,49.02,52.8,42.46,5.0,3.0,0.25,0.814,-4.74,48.37,-45.3,0.0,0.378,0.0,-9.33,127.49,-79.0,3.954,-2.162,0.474,2.371,-0.1
Zone_21,37,Residential,GRADUAL_DETERIORATION,11645,74,74.0,47.12,0.637,34.65,56.11,2,Normal,Good,0,0,0,46.04,86.31,12.04,4.0,4.0,1.0,1.064,48.38,66.14,30.61,4.5,7.0,0.5,0.916,1.08,-51.66,44.07,-2.0,-0.427,4.0,2.35,-59.85,366.03,4.046,-2.033,-0.625,1.743,0.0
Zone_21,38,Residential,GRADUAL_DETERIORATION,11645,74,74.0,45.59,0.616,26.42,59.83,2,Normal,Good,0,0,0,47.12,34.65,56.11,2.0,0.0,0.0,0.637,47.85,52.7,41.76,3.25,4.0,0.25,0.791,-1.53,-8.23,3.72,0.0,-0.021,-4.0,-3.25,-23.75,6.63,3.915,-0.332,-0.576,-0.165,0.1
Zone_21,39,Residential,GRADUAL_DETERIORATION,11645,74,74.0,53.99,0.73,34.25,58.97,5,Normal,Good,0,0,0,45.59,26.42,59.83,2.0,0.0,0.0,0.616,47.38,46.33,46.33,3.0,4.0,0.25,0.751,8.4,7.83,-0.86,3.0,0.114,0.0,18.43,29.64,-1.44,4.636,-8.622,-1.449,5.154,-0.1
Zone_21,40,Residential,GRADUAL_DETERIORATION,11645,74,74.0,54.87,0.741,38.0,53.24,6,Normal,Good,0,0,0,53.99,34.25,58.97,5.0,0.0,0.0,0.73,48.18,45.41,46.74,3.25,4.0,0.25,0.762,0.88,3.75,-5.73,1.0,0.011,0.0,1.63,10.95,-9.72,4.712,-16.441,2.232,14.451,-0.3
Zone_21,41,Residential,GRADUAL_DETERIORATION,11645,74,61.27,57.46,0.938,67.32,32.56,7,Light Rain,Moderate,0,2,1,54.87,38.0,53.24,6.0,0.0,0.0,0.741,50.39,33.33,57.04,3.75,0.0,0.0,0.681,2.59,29.32,-20.68,1.0,0.197,0.0,4.72,77.16,-38.84,4.934,1.788,3.165,-0.947,0.0
Zone_21,42,Residential,GRADUAL_DETERIORATION,11645,74,74.0,60.11,0.812,50.66,47.57,7,Normal,Good,0,0,0,57.46,67.32,32.56,7.0,2.0,1.0,0.938,52.98,41.5,51.15,5.0,2.0,0.25,0.756,2.65,-16.66,15.01,0.0,-0.126,2.0,4.61,-24.75,46.1,5.162,12.645,3.649,-8.754,0.3
Zone_21,43,Residential,GRADUAL_DETERIORATION,11645,74,74.0,56.08,0.758,34.98,58.04,6,Normal,Good,0,0,0,60.11,50.66,47.57,7.0,0.0,0.0,0.812,56.61,47.56,48.08,6.25,2.0,0.25,0.805,-4.03,-15.68,10.47,-1.0,-0.054,-2.0,-6.7,-30.95,22.01,4.816,7.855,2.095,-5.488,0.1
Zone_21,44,Residential,GRADUAL_DETERIORATION,11645,74,61.27,54.37,0.887,57.16,39.38,6,Light Rain,Moderate,0,3,1,56.08,34.98,58.04,6.0,0.0,0.0,0.758,57.13,47.74,47.85,6.5,2.0,0.25,0.812,-1.71,22.18,-18.66,0.0,0.129,0.0,-3.05,63.41,-32.15,4.669,-2.572,0.628,2.941,-0.1
Zone_21,45,Residential,GRADUAL_DETERIORATION,11645,74,74.0,51.89,0.701,37.43,53.3,1,Normal,Good,0,0,0,54.37,57.16,39.38,6.0,3.0,1.0,0.887,57.0,52.53,44.39,6.5,5.0,0.5,0.849,-2.48,-19.73,13.92,-5.0,-0.186,3.0,-4.56,-34.52,35.35,4.456,-4.616,-1.33,3.093,0.0
Zone_21,46,Residential,GRADUAL_DETERIORATION,11645,74,74.0,47.79,0.646,33.91,56.34,4,Normal,Good,0,0,0,51.89,37.43,53.3,1.0,0.0,0.0,0.701,55.61,45.06,49.57,5.0,3.0,0.25,0.79,-4.1,-3.52,3.04,3.0,-0.055,-3.0,-7.9,-9.4,5.7,4.104,-1.751,-2.637,-0.147,0.1
Zone_21,47,Residential,GRADUAL_DETERIORATION,11645,74,74.0,52.18,0.705,42.2,52.03,7,Normal,Good,0,0,0,47.79,33.91,56.34,4.0,0.0,0.0,0.646,52.53,40.87,51.76,4.25,3.0,0.25,0.748,4.39,8.29,-4.31,3.0,0.059,0.0,9.19,24.45,-7.65,4.481,-2.294,-2.735,0.882,-0.1
Zone_21,48,Residential,GRADUAL_DETERIORATION,11645,74,74.0,51.06,0.69,36.06,56.54,4,Normal,Good,0,0,0,52.18,42.2,52.03,7.0,0.0,0.0,0.705,51.56,42.68,50.26,4.5,3.0,0.25,0.735,-1.12,-6.14,4.51,-3.0,-0.015,0.0,-2.15,-14.55,8.67,4.385,-4.84,-1.067,4.099,-0.3
Zone_21,49,Residential,GRADUAL_DETERIORATION,11645,74,61.27,59.47,0.971,66.65,33.13,8,Light Rain,Moderate,0,0,0,51.06,36.06,56.54,4.0,0.0,0.0,0.69,50.73,37.4,54.55,4.0,0.0,0.0,0.685,8.41,30.59,-23.41,4.0,0.281,0.0,16.47,84.83,-41.4,5.107,0.418,0.19,0.541,0.0
Zone_21,50,Residential,GRADUAL_DETERIORATION,11645,74,61.27,59.85,0.977,69.39,32.92,14,Light Rain,Moderate,0,2,1,59.47,66.65,33.13,8.0,0.0,0.0,0.971,52.62,44.7,49.51,5.75,0.0,0.0,0.753,0.38,2.74,-0.21,6.0,0.006,0.0,0.64,4.11,-0.63,5.14,9.208,3.392,-6.512,0.0
Zone_21,51,Residential,GRADUAL_DETERIORATION,11645,74,61.27,61.64,1.006,72.85,31.66,3,Light Rain,Moderate,0,1,1,59.85,69.39,32.92,14.0,2.0,1.0,0.977,55.64,53.58,43.66,8.25,2.0,0.25,0.836,1.79,3.46,-1.26,-11.0,0.029,2.0,2.99,4.99,-3.83,5.293,11.216,3.142,-8.074,0.3
Zone_21,52,Residential,GRADUAL_DETERIORATION,11645,74,74.0,66.8,0.903,55.53,45.21,6,Normal,Good,0,0,0,61.64,72.85,31.66,3.0,1.0,1.0,1.006,58.0,61.24,38.56,7.25,3.0,0.5,0.911,5.16,-17.32,13.55,3.0,-0.103,-1.0,8.37,-23.77,42.8,5.736,11.311,3.212,-7.485,0.4
Zone_22,1,University_District,GRADUAL_DETERIORATION,7570,76,76.0,29.42,0.387,12.48,61.68,6,Normal,Good,0,0,0,,,,,,,,,,,,,,,,,,,,,,,,3.886,,,,
Zone_22,2,University_District,GRADUAL_DETERIORATION,7570,76,76.0,32.83,0.432,15.61,63.4,2,Normal,Good,0,0,0,29.42,12.48,61.68,6.0,0.0,0.0,0.387,,,,,,,,3.41,3.13,1.72,-4.0,0.045,,11.59,25.08,2.79,4.337,,,,
Zone_22,3,University_District,GRADUAL_DETERIORATION,7570,76,76.0,35.58,0.468,21.8,59.47,1,Normal,Good,0,1,1,32.83,15.61,63.4,2.0,0.0,0.0,0.432,,,,,,,,2.75,6.19,-3.93,-1.0,0.036,0.0,8.38,39.65,-6.2,4.7,,,,
Zone_22,4,University_District,GRADUAL_DETERIORATION,7570,76,76.0,36.07,0.475,22.54,59.36,2,Normal,Good,0,1,1,35.58,21.8,59.47,1.0,1.0,1.0,0.468,,,,,,,,0.49,0.74,-0.11,1.0,0.007,1.0,1.38,3.39,-0.18,4.765,,,,
Zone_22,5,University_District,GRADUAL_DETERIORATION,7570,76,76.0,29.84,0.393,16.28,62.18,1,Normal,Good,0,0,0,36.07,22.54,59.36,2.0,1.0,1.0,0.475,33.48,18.11,60.98,2.75,2.0,0.5,0.44,-6.23,-6.26,2.82,-1.0,-0.082,0.0,-17.27,-27.77,4.75,3.942,3.637,2.27,-1.089,0.4
Zone_22,6,University_District,GRADUAL_DETERIORATION,7570,76,76.0,28.59,0.376,20.87,62.08,6,Normal,Good,0,0,0,29.84,16.28,62.18,1.0,0.0,0.0,0.393,33.58,19.06,61.1,1.5,2.0,0.5,0.442,-1.25,4.59,-0.1,5.0,-0.017,-1.0,-4.19,28.19,-0.16,3.777,0.275,-0.848,-0.377,0.0
Zone_22,7,University_District,GRADUAL_DETERIORATION,7570,76,76.0,23.56,0.31,14.24,60.36,5,Normal,Good,0,1,1,28.59,20.87,62.08,6.0,0.0,0.0,0.376,32.52,20.37,60.77,2.5,2.0,0.5,0.428,-5.03,-6.63,-1.72,-1.0,-0.066,0.0,-17.59,-31.77,-2.77,3.112,-0.905,-2.72,1.065,-0.4
Zone_22,8,University_District,GRADUAL_DETERIORATION,7570,76,76.0,23.62,0.311,18.19,59.77,2,Normal,Good,0,0,0,23.56,14.24,60.36,5.0,1.0,1.0,0.31,29.52,18.48,61.0,3.5,2.0,0.5,0.388,0.06,3.95,-0.59,-3.0,0.001,1.0,0.25,27.74,-0.98,3.12,-2.031,-3.878,0.29,0.0
Zone_22,9,University_District,GRADUAL_DETERIORATION,7570,76,76.0,33.94,0.447,20.43,64.53,2,Normal,Good,0,0,0,23.62,18.19,59.77,2.0,0.0,0.0,0.311,26.4,17.4,61.1,3.5,1.0,0.25,0.348,10.32,2.24,4.76,0.0,0.136,-1.0,43.69,12.31,7.96,4.483,-0.09,-2.369,-0.895,0.1
Zone_22,10,University_District,GRADUAL_DETERIORATION,7570,76,76.0,31.63,0.416,18.99,60.76,3,Normal,Good,0,0,0,33.94,20.43,64.53,2.0,0.0,0.0,0.447,27.43,18.43,61.68,3.75,1.0,0.25,0.361,-2.31,-1.44,-3.77,1.0,-0.031,0.0,-6.81,-7.05,-5.84,4.178,0.263,1.611,0.676,-0.1
Zone_22,11,University_District,GRADUAL_DETERIORATION,7570,76,76.0,35.42,0.466,27.34,59.44,1,Normal,Good,0,0,0,31.63,18.99,60.76,3.0,0.0,0.0,0.416,28.19,17.96,61.36,3.0,1.0,0.25,0.371,3.79,8.35,-1.32,-2.0,0.05,0.0,11.98,43.97,-2.17,4.679,1.649,3.453,0.596,-0.3
Zone_22,12,University_District,GRADUAL_DETERIORATION,7570,76,76.0,32.22,0.424,19.68,62.22,2,Normal,Good,0,0,0,35.42,27.34,59.44,1.0,0.0,0.0,0.466,31.15,21.24,61.12,2.0,0.0,0.0,0.41,-3.2,-7.66,2.78,1.0,-0.042,0.0,-9.03,-28.02,4.68,4.256,2.601,3.309,-0.476,0.0
Zone_22,13,University_District,GRADUAL_DETERIORATION,7570,76,62.93,29.45,0.468,21.18,50.86,2,Light Rain,Moderate,0,0,0,32.22,19.68,62.22,2.0,0.0,0.0,0.424,33.3,21.61,61.74,2.0,0.0,0.0,0.438,-2.77,1.5,-11.36,0.0,0.044,0.0,-8.6,7.62,-18.26,3.89,0.61,-0.137,-0.825,0.0
Zone_22,14,University_District,GRADUAL_DETERIORATION,7570,76,76.0,36.5,0.48,23.77,58.72,2,Normal,Good,0,0,0,29.45,21.18,50.86,2.0,0.0,0.0,0.468,32.18,21.8,58.32,2.0,0.0,0.0,0.444,7.05,2.59,7.86,0.0,0.012,0.0,23.94,12.23,15.45,4.822,-0.109,-0.974,-2.692,0.0
Zone_22,15,University_District,GRADUAL_DETERIORATION,7570,76,76.0,42.59,0.56,31.32,61.12,1,Normal,Good,0,1,1,36.5,23.77,58.72,2.0,0.0,0.0,0.48,33.4,22.99,57.81,1.75,0.0,0.0,0.46,6.09,7.55,2.4,-1.0,0.08,0.0,16.68,31.76,4.09,5.626,-0.921,0.047,-1.352,0.0
Zone_22,16,University_District,GRADUAL_DETERIORATION,7570,76,76.0,41.08,0.541,27.06,57.34,3,Normal,Good,0,0,0,42.59,31.32,61.12,1.0,1.0,1.0,0.56,35.19,23.99,58.23,1.75,1.0,0.25,0.483,-1.51,-4.26,-3.78,2.0,-0.019,1.0,-3.55,-13.6,-6.18,5.427,3.751,3.816,0.456,0.3
Zone_22,17,University_District,GRADUAL_DETERIORATION,7570,76,76.0,43.03,0.566,24.02,60.6,2,Normal,Good,0,0,0,41.08,27.06,57.34,3.0,0.0,0.0,0.541,37.4,25.83,57.01,2.0,1.0,0.25,0.512,1.95,-3.04,3.26,-1.0,0.025,-1.0,4.75,-11.23,5.69,5.684,2.519,4.098,2.184,0.1
Zone_22,18,University_District,GRADUAL_DETERIORATION,7570,76,64.6,47.15,0.73,38.68,54.97,8,Normal,Good,1,1,1,43.03,24.02,60.6,2.0,0.0,0.0,0.566,40.8,26.54,59.44,2.0,1.0,0.25,0.537,4.12,14.66,-5.63,6.0,0.164,0.0,9.57,61.03,-9.29,6.229,-0.351,1.808,0.186,-0.1
Zone_22,19,University_District,GRADUAL_DETERIORATION,7570,76,64.6,51.07,0.791,45.74,49.51,5,Normal,Good,1,0,0,47.15,38.68,54.97,8.0,1.0,1.0,0.73,43.46,30.27,58.51,3.5,2.0,0.5,0.599,3.92,7.06,-5.46,-3.0,0.061,1.0,8.31,18.25,-9.93,6.746,1.904,1.563,-1.519,0.0
Zone_22,20,University_District,GRADUAL_DETERIORATION,7570,76,76.0,47.3,0.622,29.51,58.28,6,Normal,Good,0,0,0,51.07,45.74,49.51,5.0,0.0,0.0,0.791,45.58,33.88,55.6,4.5,1.0,0.25,0.657,-3.77,-16.23,8.77,1.0,-0.169,-1.0,-7.38,-35.48,17.71,6.248,7.07,3.409,-2.912,0.1
Zone_22,21,University_District,GRADUAL_DETERIORATION,7570,76,76.0,44.8,0.589,28.84,56.22,6,Normal,Good,0,0,0,47.3,29.51,58.28,6.0,0.0,0.0,0.622,47.14,34.49,55.84,5.25,1.0,0.25,0.677,-2.5,-0.67,-2.06,0.0,-0.033,0.0,-5.29,-2.27,-3.53,5.918,2.353,1.673,-1.242,-0.1
Zone_22,22,University_District,GRADUAL_DETERIORATION,7570,76,76.0,52.72,0.694,40.23,52.02,3,Normal,Good,0,0,0,44.8,28.84,56.22,6.0,0.0,0.0,0.589,47.58,35.69,54.74,6.25,1.0,0.25,0.683,7.92,11.39,-4.2,-3.0,0.105,0.0,17.68,39.49,-7.47,6.964,-4.575,-1.082,1.252,-0.3
Zone_22,23,University_District,GRADUAL_DETERIORATION,7570,76,76.0,51.24,0.674,35.6,53.65,4,Normal,Good,0,0,0,52.72,40.23,52.02,3.0,0.0,0.0,0.694,48.97,36.08,54.01,5.0,0.0,0.0,0.674,-1.48,-4.63,1.63,1.0,-0.02,0.0,-2.81,-11.51,3.13,6.769,-1.72,0.245,0.547,0.0
Zone_22,24,University_District,GRADUAL_DETERIORATION,7570,76,76.0,53.87,0.709,33.82,55.87,2,Normal,Good,0,0,0,51.24,35.6,53.65,4.0,0.0,0.0,0.674,49.02,33.54,55.04,4.75,0.0,0.0,0.645,2.63,-1.78,2.22,-2.0,0.035,0.0,5.13,-5.0,4.14,7.116,2.966,1.974,-1.809,0.0
Zone_22,25,University_District,GRADUAL_DETERIORATION,7570,76,76.0,49.43,0.65,35.34,55.37,4,Normal,Good,0,0,0,53.87,33.82,55.87,2.0,0.0,0.0,0.709,50.66,34.62,54.44,3.75,0.0,0.0,0.666,-4.44,1.52,-0.5,2.0,-0.059,0.0,-8.24,4.49,-0.89,6.53,1.031,2.573,0.058,0.0
Zone_22,26,University_District,GRADUAL_DETERIORATION,7570,76,76.0,55.23,0.727,41.52,51.72,2,Normal,Good,0,0,0,49.43,35.34,55.37,4.0,0.0,0.0,0.65,51.82,36.25,54.23,3.25,0.0,0.0,0.682,5.8,6.18,-3.65,-2.0,0.077,0.0,11.73,17.49,-6.59,7.296,-1.645,-0.724,1.227,0.0
Zone_22,27,University_District,GRADUAL_DETERIORATION,7570,76,76.0,50.37,0.663,39.02,55.75,7,Normal,Good,0,1,1,55.23,41.52,51.72,2.0,0.0,0.0,0.727,52.44,36.57,54.15,3.0,0.0,0.0,0.69,-4.86,-2.5,4.03,5.0,-0.064,0.0,-8.8,-6.02,7.79,6.654,1.928,0.753,-0.629,0.0
Zone_22,28,University_District,GRADUAL_DETERIORATION,7570,76,76.0,44.83,0.59,28.39,57.58,2,Normal,Good,0,0,0,50.37,39.02,55.75,7.0,1.0,1.0,0.663,52.22,37.43,54.68,3.75,1.0,0.25,0.687,-5.54,-10.63,1.83,-5.0,-0.073,1.0,-11.0,-27.24,3.28,5.922,2.178,-0.47,-0.401,0.3
Zone_22,29,University_District,GRADUAL_DETERIORATION,7570,76,76.0,44.95,0.591,35.14,54.97,5,Normal,Good,0,1,1,44.83,28.39,57.58,2.0,0.0,0.0,0.59,49.96,36.07,55.1,3.75,1.0,0.25,0.658,0.12,6.75,-2.61,3.0,0.001,-1.0,0.27,23.78,-4.53,5.938,-2.335,-1.866,1.066,0.1
Zone_22,30,University_District,GRADUAL_DETERIORATION,7570,76,76.0,49.21,0.647,30.69,57.25,4,Normal,Good,0,0,0,44.95,35.14,54.97,5.0,1.0,1.0,0.591,48.84,36.02,55.0,4.0,2.0,0.5,0.643,4.26,-4.45,2.28,-1.0,0.056,1.0,9.48,-12.66,4.15,6.501,-2.977,-3.638,1.158,0.2
Zone_22,31,University_District,GRADUAL_DETERIORATION,7570,76,44.46,43.48,0.978,77.19,14.73,7,Heavy Rain,Poor,0,3,1,49.21,30.69,57.25,4.0,0.0,0.0,0.647,47.34,33.31,56.39,4.5,2.0,0.5,0.623,-5.73,46.5,-42.52,3.0,0.331,-1.0,-11.64,151.51,-74.27,5.744,-1.824,-0.336,0.189,-0.2
Zone_22,32,University_District,GRADUAL_DETERIORATION,7570,76,76.0,45.79,0.603,29.22,56.67,4,Normal,Good,0,0,0,43.48,77.19,14.73,7.0,3.0,1.0,0.978,45.62,42.85,46.13,4.5,4.0,0.5,0.702,2.31,-47.97,41.94,-3.0,-0.375,3.0,5.31,-62.15,284.72,6.049,14.195,0.021,-12.627,0.2
Zone_22,33,University_District,GRADUAL_DETERIORATION,7570,76,44.46,47.99,1.079,89.83,11.34,10,Heavy Rain,Poor,0,2,1,45.79,29.22,56.67,4.0,0.0,0.0,0.603,45.86,43.06,45.9,5.0,4.0,0.5,0.705,2.2,60.61,-45.33,6.0,0.476,-3.0,4.8,207.43,-79.99,6.339,2.874,-0.321,-3.742,-0.2
Zone_22,34,University_District,GRADUAL_DETERIORATION,7570,76,44.46,42.18,0.949,71.89,20.85,6,Heavy Rain,Poor,0,2,1,47.99,89.83,11.34,10.0,2.0,1.0,1.079,46.62,56.73,35.0,6.25,5.0,0.5,0.827,-5.81,-17.94,9.51,-4.0,-0.13,2.0,-12.11,-19.97,83.86,5.572,12.945,-0.135,-9.579,0.2
Zone_22,35,University_District,GRADUAL_DETERIORATION,7570,76,62.93,34.7,0.551,25.66,48.96,3,Light Rain,Moderate,0,2,1,42.18,71.89,20.85,6.0,2.0,1.0,0.949,44.86,67.03,25.9,6.75,7.0,0.75,0.902,-7.48,-46.23,28.11,-3.0,-0.398,0.0,-17.73,-64.31,134.82,4.584,4.471,-0.17,-2.697,0.1
Zone_22,36,University_District,GRADUAL_DETERIORATION,7570,76,62.93,40.02,0.636,41.92,46.17,5,Light Rain,Moderate,0,0,0,34.7,25.66,48.96,3.0,2.0,1.0,0.551,42.66,54.15,34.46,5.75,6.0,0.75,0.796,5.32,16.26,-2.79,2.0,0.085,0.0,15.33,63.37,-5.7,5.287,-2.862,-3.908,-1.362,0.3
Zone_22,37,University_District,GRADUAL_DETERIORATION,7570,76,76.0,46.81,0.616,33.77,56.2,2,Normal,Good,0,0,0,40.02,41.92,46.17,5.0,0.0,0.0,0.636,41.22,57.32,31.83,6.0,6.0,0.75,0.804,6.79,-8.15,10.03,-3.0,-0.02,-2.0,16.97,-19.44,21.72,6.184,-18.996,-3.139,13.26,-0.3
Zone_22,38,University_District,GRADUAL_DETERIORATION,7570,76,76.0,43.23,0.569,29.69,58.4,3,Normal,Good,0,0,0,46.81,33.77,56.2,2.0,0.0,0.0,0.616,40.93,43.31,43.04,4.0,4.0,0.5,0.688,-3.58,-4.08,2.2,1.0,-0.047,0.0,-7.65,-12.08,3.91,5.711,-9.81,1.921,10.326,-0.4
Zone_22,39,University_District,GRADUAL_DETERIORATION,7570,76,76.0,46.18,0.608,30.22,58.52,9,Normal,Good,0,0,0,43.23,29.69,58.4,3.0,0.0,0.0,0.569,41.19,32.76,52.43,3.25,2.0,0.25,0.593,2.95,0.53,0.12,6.0,0.039,0.0,6.82,1.79,0.21,6.1,0.394,3.238,3.835,-0.3
Zone_22,40,University_District,GRADUAL_DETERIORATION,7570,76,76.0,45.36,0.597,27.72,59.07,0,Normal,Good,0,0,0,46.18,30.22,58.52,9.0,0.0,0.0,0.608,44.06,33.9,54.82,4.75,0.0,0.0,0.607,-0.82,-2.5,0.55,-9.0,-0.011,0.0,-1.78,-8.27,0.94,5.992,-3.918,1.49,3.925,0.0
Zone_22,41,University_District,GRADUAL_DETERIORATION,7570,76,76.0,44.55,0.586,29.23,58.72,2,Normal,Good,0,0,0,45.36,27.72,59.07,0.0,0.0,0.0,0.597,45.4,30.35,58.05,3.5,0.0,0.0,0.597,-0.81,1.51,-0.35,2.0,-0.011,0.0,-1.79,5.45,-0.59,5.885,-1.762,-0.14,0.873,0.0
Zone_22,42,University_District,GRADUAL_DETERIORATION,7570,76,76.0,40.45,0.532,23.2,58.48,3,Normal,Good,0,0,0,44.55,29.23,58.72,2.0,0.0,0.0,0.586,44.83,29.21,58.68,3.5,0.0,0.0,0.59,-4.1,-6.03,-0.24,1.0,-0.054,0.0,-9.2,-20.63,-0.41,5.343,-0.388,0.314,0.151,0.0
Zone_22,43,University_District,GRADUAL_DETERIORATION,7570,76,76.0,40.54,0.533,24.09,59.23,1,Normal,Good,0,0,0,40.45,23.2,58.48,3.0,0.0,0.0,0.532,44.14,27.59,58.7,3.5,0.0,0.0,0.581,0.09,0.89,0.75,-2.0,0.001,0.0,0.22,3.84,1.28,5.355,-1.955,-1.8,-0.047,0.0
Zone_22,44,University_District,GRADUAL_DETERIORATION,7570,76,76.0,41.82,0.55,29.77,56.5,3,Normal,Good,0,0,0,40.54,24.09,59.23,1.0,0.0,0.0,0.533,42.72,26.06,58.87,1.5,0.0,0.0,0.562,1.28,5.68,-2.73,2.0,0.017,0.0,3.16,23.58,-4.61,5.524,-1.692,-1.856,0.024,0.0
Zone_22,45,University_District,GRADUAL_DETERIORATION,7570,76,76.0,35.85,0.472,21.23,58.78,1,Normal,Good,0,0,0,41.82,29.77,56.5,3.0,0.0,0.0,0.55,41.84,26.57,58.23,2.25,0.0,0.0,0.55,-5.97,-8.54,2.28,-2.0,-0.078,0.0,-14.28,-28.69,4.04,4.736,0.251,-0.81,-0.591,0.0
Zone_22,46,University_District,GRADUAL_DETERIORATION,7570,76,76.0,45.38,0.597,27.93,56.74,4,Normal,Good,0,0,0,35.85,21.23,58.78,1.0,0.0,0.0,0.472,39.67,24.57,58.25,2.0,0.0,0.0,0.522,9.53,6.7,-2.04,3.0,0.125,0.0,26.58,31.56,-3.47,5.995,-0.023,-1.252,-0.183,0.0
Zone_22,47,University_District,GRADUAL_DETERIORATION,7570,76,76.0,50.15,0.66,31.64,59.44,4,Normal,Good,0,1,1,45.38,27.93,56.74,4.0,0.0,0.0,0.597,40.9,25.76,57.81,2.25,0.0,0.0,0.538,4.77,3.71,2.7,0.0,0.063,0.0,10.51,13.28,4.76,6.625,0.298,0.855,-0.519,0.0
Zone_22,48,University_District,GRADUAL_DETERIORATION,7570,76,76.0,56.07,0.738,41.05,54.25,1,Normal,Good,0,0,0,50.15,31.64,59.44,4.0,1.0,1.0,0.66,43.3,27.64,57.86,3.0,1.0,0.25,0.57,5.92,9.41,-5.19,-3.0,0.078,1.0,11.8,29.74,-8.73,7.407,1.231,3.452,0.678,0.3
Zone_22,49,University_District,GRADUAL_DETERIORATION,7570,76,62.93,50.88,0.809,52.19,39.93,6,Light Rain,Moderate,0,0,0,56.07,41.05,54.25,1.0,0.0,0.0,0.738,46.86,30.46,57.3,2.5,1.0,0.25,0.617,-5.19,11.14,-14.32,5.0,0.071,-1.0,-9.26,27.14,-26.4,6.721,6.317,6.543,-1.089,0.1
Zone_22,50,University_District,GRADUAL_DETERIORATION,7570,76,76.0,53.22,0.7,38.83,52.51,2,Normal,Good,0,0,0,50.88,52.19,39.93,6.0,0.0,0.0,0.809,50.62,38.2,52.59,3.75,1.0,0.25,0.701,2.34,-13.36,12.58,-4.0,-0.109,0.0,4.6,-25.6,31.51,7.03,8.219,2.242,-5.562,-0.1
Zone_22,51,University_District,GRADUAL_DETERIORATION,7570,76,76.0,55.81,0.734,39.61,54.84,3,Normal,Good,0,0,0,53.22,38.83,52.51,2.0,0.0,0.0,0.7,52.58,40.93,51.53,3.25,1.0,0.25,0.727,2.59,0.78,2.33,1.0,0.034,0.0,4.87,2.01,4.44,7.373,3.271,0.402,-3.511,-0.3
Zone_22,52,University_District,GRADUAL_DETERIORATION,7570,76,76.0,57.09,0.751,40.08,54.07,2,Normal,Good,0,0,0,55.81,39.61,54.84,3.0,0.0,0.0,0.734,54.0,42.92,50.38,3.0,0.0,0.0,0.745,1.28,0.47,-0.77,-1.0,0.017,0.0,2.29,1.19,-1.4,7.542,-1.768,0.156,1.435,0.0
Zone_23,1,Suburban_LowDensity,EVENT_SENSITIVE,2228,53,53.0,2.98,0.056,4.19,66.92,2,Normal,Good,0,0,0,,,,,,,,,,,,,,,,,,,,,,,,1.338,,,,
Zone_23,2,Suburban_LowDensity,EVENT_SENSITIVE,2228,53,53.0,5.37,0.101,6.01,63.4,4,Normal,Good,0,0,0,2.98,4.19,66.92,2.0,0.0,0.0,0.056,,,,,,,,2.39,1.82,-3.52,2.0,0.045,,80.2,43.44,-5.26,2.41,,,,
Zone_23,3,Suburban_LowDensity,EVENT_SENSITIVE,2228,53,53.0,9.03,0.17,3.98,63.5,2,Normal,Good,0,0,0,5.37,6.01,63.4,4.0,0.0,0.0,0.101,,,,,,,,3.66,-2.03,0.1,-2.0,0.069,0.0,68.16,-33.78,0.16,4.053,,,,
Zone_23,4,Suburban_LowDensity,EVENT_SENSITIVE,2228,53,53.0,10.23,0.193,8.24,65.56,1,Normal,Good,0,0,0,9.03,3.98,63.5,2.0,0.0,0.0,0.17,,,,,,,,1.2,4.26,2.06,-1.0,0.023,0.0,13.29,107.03,3.24,4.592,,,,
Zone_23,5,Suburban_LowDensity,EVENT_SENSITIVE,2228,53,53.0,0.62,0.012,5.8,63.6,2,Normal,Good,0,0,0,10.23,8.24,65.56,1.0,0.0,0.0,0.193,6.9,5.6,64.84,2.25,0.0,0.0,0.13,-9.61,-2.44,-1.96,1.0,-0.181,0.0,-93.94,-29.61,-2.99,0.278,1.012,2.541,-0.398,0.0
Zone_23,6,Suburban_LowDensity,EVENT_SENSITIVE,2228,53,53.0,0.0,0.0,7.67,64.23,2,Normal,Good,0,0,0,0.62,5.8,63.6,2.0,0.0,0.0,0.012,6.31,6.01,64.02,2.25,0.0,0.0,0.119,-0.62,1.87,0.63,0.0,-0.012,0.0,-99.98,32.24,0.99,0.0,0.363,-1.305,0.266,0.0
Zone_23,7,Suburban_LowDensity,EVENT_SENSITIVE,2228,53,53.0,0.0,0.0,5.71,67.03,1,Normal,Good,0,0,0,0.0,7.67,64.23,2.0,0.0,0.0,0.0,4.97,6.42,64.22,1.75,0.0,0.0,0.094,0.0,-1.96,2.8,-1.0,0.0,0.0,0.0,-25.55,4.36,0.0,0.863,-3.67,0.023,0.0
Zone_23,8,Suburban_LowDensity,EVENT_SENSITIVE,2228,53,46.64,4.2,0.09,4.96,65.78,5,Normal,Good,1,0,0,0.0,5.71,67.03,1.0,0.0,0.0,0.0,2.71,6.86,65.1,1.5,0.0,0.0,0.051,4.2,-0.75,-1.25,4.0,0.09,0.0,4200000.0,-13.13,-1.86,1.885,-0.572,-3.131,0.504,0.0
Zone_23,9,Suburban_LowDensity,EVENT_SENSITIVE,2228,53,53.0,2.69,0.051,6.19,64.71,1,Normal,Good,0,0,0,4.2,4.96,65.78,5.0,0.0,0.0,0.09,1.21,6.03,65.16,2.5,0.0,0.0,0.026,-1.51,1.23,-1.07,-4.0,-0.039,0.0,-35.95,24.8,-1.63,1.207,-0.448,1.074,0.934,0.0
Zone_23,10,Suburban_LowDensity,EVENT_SENSITIVE,2228,53,53.0,0.44,0.008,8.1,63.87,6,Normal,Good,0,0,0,2.69,6.19,64.71,1.0,0.0,0.0,0.051,1.72,6.13,65.44,2.25,0.0,0.0,0.035,-2.25,1.91,-0.84,5.0,-0.043,0.0,-83.64,30.86,-1.3,0.197,-0.519,1.227,0.019,0.0
Zone_23,11,Suburban_LowDensity,EVENT_SENSITIVE,2228,53,53.0,0.0,0.0,3.3,62.75,2,Normal,Good,0,0,0,0.44,8.1,63.87,6.0,0.0,0.0,0.008,1.83,6.24,65.35,3.25,0.0,0.0,0.037,-0.44,-4.8,-1.12,-4.0,-0.008,0.0,-99.98,-59.26,-1.75,0.0,0.84,-0.019,-1.055,0.0
Zone_23,12,Suburban_LowDensity,EVENT_SENSITIVE,2228,53,53.0,4.22,0.08,9.85,62.74,2,Normal,Good,0,0,0,0.0,3.3,62.75,2.0,0.0,0.0,0.0,1.83,5.64,64.28,3.5,0.0,0.0,0.037,4.22,6.55,-0.01,0.0,0.08,0.0,4220000.0,198.48,-0.02,1.894,-0.307,-1.485,-0.993,0.0
Zone_23,13,Suburban_LowDensity,EVENT_SENSITIVE,2228,53,53.0,0.0,0.0,4.92,67.87,0,Normal,Good,0,0,0,4.22,9.85,62.74,2.0,0.0,0.0,0.08,1.84,6.86,63.52,2.75,0.0,0.0,0.035,-4.22,-4.93,5.13,-2.0,-0.08,0.0,-100.0,-50.05,8.18,0.0,0.618,0.415,-0.703,0.0
Zone_23,14,Suburban_LowDensity,EVENT_SENSITIVE,2228,53,53.0,0.0,0.0,3.99,62.92,1,Normal,Good,0,0,0,0.0,4.92,67.87,0.0,0.0,0.0,0.0,1.17,6.54,64.31,2.5,0.0,0.0,0.022,0.0,-0.93,-4.95,1.0,0.0,0.0,0.0,-18.9,-7.29,0.0,-0.299,0.29,1.199,0.0
Zone_23,15,Suburban_LowDensity,EVENT_SENSITIVE,2228,53,53.0,3.12,0.059,3.86,64.94,0,Normal,Good,0,0,0,0.0,3.99,62.92,1.0,0.0,0.0,0.0,1.06,5.52,64.07,1.25,0.0,0.0,0.02,3.12,-0.13,2.02,-1.0,0.059,0.0,3120000.0,-3.26,3.21,1.4,-0.286,-0.422,0.564,0.0
Zone_23,16,Suburban_LowDensity,EVENT_SENSITIVE,2228,53,53.0,5.71,0.108,6.49,60.84,3,Normal,Good,0,0,0,3.12,3.86,64.94,0.0,0.0,0.0,0.059,1.84,5.66,64.62,0.75,0.0,0.0,0.035,2.59,2.63,-4.1,3.0,0.049,0.0,83.01,68.13,-6.31,2.563,-1.89,-0.33,0.165,0.0
Zone_23,17,Suburban_LowDensity,EVENT_SENSITIVE,2228,53,53.0,3.58,0.068,3.51,63.88,0,Normal,Good,0,0,0,5.71,6.49,60.84,3.0,0.0,0.0,0.108,2.21,4.81,64.14,1.0,0.0,0.0,0.042,-2.13,-2.98,3.04,-3.0,-0.04,0.0,-37.3,-45.92,5.0,1.607,0.458,2.025,-1.907,0.0
Zone_23,18,Suburban_LowDensity,EVENT_SENSITIVE,2228,53,53.0,0.0,0.0,5.58,61.96,1,Normal,Good,0,0,0,3.58,3.51,63.88,0.0,0.0,0.0,0.068,3.1,4.46,63.14,1.0,0.0,0.0,0.059,-3.58,2.07,-1.92,1.0,-0.068,0.0,-100.0,58.97,-3.01,0.0,0.119,1.333,-0.122,0.0
Zone_23,19,Suburban_LowDensity,EVENT_SENSITIVE,2228,53,53.0,0.0,0.0,3.44,62.99,2,Normal,Good,0,0,0,0.0,5.58,61.96,1.0,0.0,0.0,0.0,3.1,4.86,62.9,1.0,0.0,0.0,0.059,0.0,-2.14,1.03,1.0,0.0,0.0,0.0,-38.35,1.66,0.0,0.218,-1.149,-0.59,0.0
Zone_23,20,Suburban_LowDensity,EVENT_SENSITIVE,2228,53,53.0,2.61,0.049,8.1,63.07,1,Normal,Good,0,0,0,0.0,3.44,62.99,2.0,0.0,0.0,0.0,2.32,4.76,62.42,1.5,0.0,0.0,0.044,2.61,4.66,0.08,-1.0,0.049,0.0,2610000.0,135.46,0.13,1.171,-0.708,-2.071,0.453,0.0
Zone_23,21,Suburban_LowDensity,EVENT_SENSITIVE,2228,53,53.0,4.0,0.075,4.9,64.04,1,Normal,Good,0,0,0,2.61,8.1,63.07,1.0,0.0,0.0,0.049,1.55,5.16,62.97,1.0,0.0,0.0,0.029,1.39,-3.2,0.97,0.0,0.026,0.0,53.25,-39.51,1.54,1.795,1.163,-0.291,-0.14,0.0
Zone_23,22,Suburban_LowDensity,EVENT_SENSITIVE,2228,53,53.0,1.54,0.029,3.03,64.64,2,Normal,Good,0,0,0,4.0,4.9,64.04,1.0,0.0,0.0,0.075,1.65,5.5,63.02,1.25,0.0,0.0,0.031,-2.46,-1.87,0.6,1.0,-0.046,0.0,-61.5,-38.16,0.94,0.691,0.262,1.461,0.632,0.0
Zone_23,23,Suburban_LowDensity,EVENT_SENSITIVE,2228,53,53.0,0.0,0.0,7.12,64.53,1,Normal,Good,0,1,1,1.54,3.03,64.64,2.0,0.0,0.0,0.029,2.04,4.87,63.68,1.5,0.0,0.0,0.038,-1.54,4.09,-0.11,-1.0,-0.029,0.0,-99.99,134.98,-0.17,0.0,-0.443,0.601,0.592,0.0
Zone_23,24,Suburban_LowDensity,EVENT_SENSITIVE,2228,53,38.62,8.48,0.22,7.24,56.61,4,Light Rain,Moderate,1,0,0,0.0,7.12,64.53,1.0,1.0,1.0,0.0,2.04,5.79,64.07,1.25,1.0,0.25,0.038,8.48,0.12,-7.92,3.0,0.22,1.0,8480000.0,1.69,-12.27,3.806,-0.481,-1.029,0.498,0.3
Zone_23,25,Suburban_LowDensity,EVENT_SENSITIVE,2228,53,53.0,7.08,0.134,9.82,63.08,3,Normal,Good,0,0,0,8.48,7.24,56.61,4.0,0.0,0.0,0.22,3.51,5.57,62.46,2.0,1.0,0.25,0.081,-1.4,2.58,6.47,-1.0,-0.086,-1.0,-16.51,35.63,11.43,3.178,1.111,1.19,-2.24,0.1
Zone_23,26,Suburban_LowDensity,EVENT_SENSITIVE,2228,53,53.0,6.28,0.118,11.18,61.12,2,Normal,Good,0,0,0,7.08,9.82,63.08,3.0,0.0,0.0,0.134,4.28,6.8,62.22,2.5,1.0,0.25,0.096,-0.8,1.36,-1.96,-1.0,-0.016,0.0,-11.3,13.85,-3.11,2.819,2.049,2.51,-1.26,-0.1
Zone_23,27,Suburban_LowDensity,EVENT_SENSITIVE,2228,53,43.88,6.94,0.158,9.51,52.39,1,Light Rain,Moderate,0,0,0,6.28,11.18,61.12,2.0,0.0,0.0,0.118,5.46,8.84,61.34,2.5,1.0,0.25,0.118,0.66,-1.67,-8.73,-1.0,0.04,0.0,10.51,-14.94,-14.28,3.115,1.476,1.744,-0.376,-0.3
Zone_23,28,Suburban_LowDensity,EVENT_SENSITIVE,2228,53,53.0,2.4,0.045,7.84,62.77,2,Normal,Good,0,1,1,6.94,9.51,52.39,1.0,0.0,0.0,0.158,7.2,9.44,58.3,2.5,0.0,0.0,0.158,-4.54,-1.67,10.38,1.0,-0.113,0.0,-65.42,-17.56,19.81,1.077,0.817,-0.542,-1.462,0.0
Zone_23,29,Suburban_LowDensity,EVENT_SENSITIVE,2228,53,53.0,9.66,0.182,11.36,65.68,1,Normal,Good,0,0,0,2.4,7.84,62.77,2.0,1.0,1.0,0.045,5.68,9.59,59.84,2.0,1.0,0.25,0.114,7.26,3.52,2.91,-1.0,0.137,1.0,302.49,44.9,4.64,4.336,-0.761,-1.338,-0.966,0.3
Zone_23,30,Suburban_LowDensity,EVENT_SENSITIVE,2228,53,43.88,5.45,0.124,10.97,51.69,3,Light Rain,Moderate,0,0,0,9.66,11.36,65.68,1.0,0.0,0.0,0.182,6.32,9.97,60.49,1.5,1.0,0.25,0.126,-4.21,-0.39,-13.99,2.0,-0.058,-1.0,-43.58,-3.43,-21.3,2.446,-0.113,0.56,2.406,0.1
Zone_23,31,Suburban_LowDensity,EVENT_SENSITIVE,2228,53,43.88,9.11,0.208,7.27,55.69,0,Light Rain,Moderate,0,0,0,5.45,10.97,51.69,3.0,0.0,0.0,0.124,6.11,9.92,58.13,1.75,1.0,0.25,0.127,3.66,-3.7,4.0,-3.0,0.084,0.0,67.15,-33.73,7.74,4.089,0.79,0.279,0.081,-0.1
Zone_23,32,Suburban_LowDensity,EVENT_SENSITIVE,2228,53,43.88,12.31,0.281,17.68,51.93,2,Light Rain,Moderate,0,0,0,9.11,7.27,55.69,0.0,0.0,0.0,0.208,6.66,9.36,58.96,1.5,1.0,0.25,0.14,3.2,10.41,-3.76,2.0,0.073,0.0,35.13,143.19,-6.75,5.525,-0.21,1.592,-3.523,-0.3
Zone_23,33,Suburban_LowDensity,EVENT_SENSITIVE,2228,53,31.01,4.85,0.156,17.38,40.99,4,Heavy Rain,Poor,0,0,0,12.31,17.68,51.93,2.0,0.0,0.0,0.281,9.13,11.82,56.25,1.5,0.0,0.0,0.199,-7.46,-0.3,-10.94,2.0,-0.125,0.0,-60.6,-1.7,-21.07,2.177,1.526,1.161,-3.725,0.0
Zone_23,34,Suburban_LowDensity,EVENT_SENSITIVE,2228,53,31.01,6.44,0.208,16.6,38.58,1,Heavy Rain,Poor,0,2,1,4.85,17.38,40.99,4.0,0.0,0.0,0.156,7.93,13.32,50.08,2.25,0.0,0.0,0.192,1.59,-0.78,-2.41,-3.0,0.052,0.0,32.78,-4.49,-5.88,2.89,2.964,0.14,-3.586,0.0
Zone_23,35,Suburban_LowDensity,EVENT_SENSITIVE,2228,53,43.88,6.05,0.138,7.49,55.44,3,Light Rain,Moderate,0,0,0,6.44,16.6,38.58,1.0,2.0,1.0,0.208,8.18,14.73,46.8,1.75,2.0,0.25,0.213,-0.39,-9.11,16.86,2.0,-0.07,2.0,-6.06,-54.88,43.7,2.715,2.769,-1.547,-6.227,0.3
Zone_23,36,Suburban_LowDensity,EVENT_SENSITIVE,2228,53,31.01,6.71,0.216,12.56,41.74,3,Heavy Rain,Poor,0,0,0,6.05,7.49,55.44,3.0,0.0,0.0,0.138,7.41,14.79,46.74,2.5,2.0,0.25,0.196,0.66,5.07,-13.7,0.0,0.078,-2.0,10.91,67.69,-24.71,3.012,-3.135,-1.719,0.812,0.1
Zone_23,37,Suburban_LowDensity,EVENT_SENSITIVE,2228,53,53.0,3.42,0.065,8.01,65.83,4,Normal,Good,0,0,0,6.71,12.56,41.74,3.0,0.0,0.0,0.216,6.01,13.51,44.19,2.75,2.0,0.25,0.18,-3.29,-4.55,24.09,1.0,-0.151,0.0,-49.03,-36.23,57.71,1.535,-2.357,0.519,1.911,-0.1
Zone_23,38,Suburban_LowDensity,EVENT_SENSITIVE,2228,53,53.0,10.48,0.198,7.98,63.85,1,Normal,Good,0,0,0,3.42,8.01,65.83,4.0,0.0,0.0,0.065,5.66,11.16,50.4,2.75,2.0,0.25,0.157,7.06,-0.03,-1.98,-3.0,0.133,0.0,206.43,-0.37,-3.01,4.704,-2.07,-0.84,6.805,-0.3
Zone_23,39,Suburban_LowDensity,EVENT_SENSITIVE,2228,53,53.0,7.62,0.144,7.22,64.05,2,Normal,Good,0,0,0,10.48,7.98,63.85,1.0,0.0,0.0,0.198,6.67,9.01,56.72,2.75,0.0,0.0,0.154,-2.86,-0.76,0.2,1.0,-0.054,0.0,-27.29,-9.52,0.31,3.42,-0.308,1.0,4.932,0.0
Zone_23,40,Suburban_LowDensity,EVENT_SENSITIVE,2228,53,53.0,6.22,0.117,5.54,64.93,3,Normal,Good,0,0,0,7.62,7.22,64.05,2.0,0.0,0.0,0.144,7.06,8.94,58.87,2.5,0.0,0.0,0.156,-1.4,-1.68,0.88,1.0,-0.027,0.0,-18.37,-23.27,1.37,2.792,-1.605,0.979,6.495,0.0
Zone_23,41,Suburban_LowDensity,EVENT_SENSITIVE,2228,53,53.0,6.29,0.119,10.26,66.47,1,Normal,Good,0,0,0,6.22,5.54,64.93,3.0,0.0,0.0,0.117,6.94,7.19,64.67,2.5,0.0,0.0,0.131,0.07,4.72,1.54,-2.0,0.002,0.0,1.13,85.2,2.37,2.823,-0.817,0.554,-0.25,0.0
Zone_23,42,Suburban_LowDensity,EVENT_SENSITIVE,2228,53,38.62,14.01,0.363,16.75,51.77,7,Light Rain,Moderate,1,0,0,6.29,10.26,66.47,1.0,0.0,0.0,0.119,7.65,7.75,64.82,1.75,0.0,0.0,0.144,7.72,6.49,-14.7,6.0,0.244,0.0,122.73,63.25,-22.12,6.288,0.516,-1.397,0.874,0.0
Zone_23,43,Suburban_LowDensity,EVENT_SENSITIVE,2228,53,43.88,11.45,0.261,15.22,54.39,4,Light Rain,Moderate,0,0,0,14.01,16.75,51.77,7.0,0.0,0.0,0.363,8.54,9.94,61.81,3.25,0.0,0.0,0.186,-2.56,-1.53,2.62,-3.0,-0.102,0.0,-18.27,-9.13,5.06,5.139,3.331,1.924,-3.53,0.0
Zone_23,44,Suburban_LowDensity,EVENT_SENSITIVE,2228,53,43.88,14.54,0.331,17.43,50.8,2,Light Rain,Moderate,0,0,0,11.45,15.22,54.39,4.0,0.0,0.0,0.261,9.49,11.94,59.39,3.75,0.0,0.0,0.215,3.09,2.21,-3.59,-2.0,0.07,0.0,26.99,14.52,-6.6,6.526,3.553,2.341,-4.632,0.0
Zone_23,45,Suburban_LowDensity,EVENT_SENSITIVE,2228,53,53.0,7.34,0.138,12.53,63.14,1,Normal,Good,0,0,0,14.54,17.43,50.8,2.0,0.0,0.0,0.331,11.57,14.91,55.86,3.5,0.0,0.0,0.268,-7.2,-4.9,12.34,-1.0,-0.193,0.0,-49.52,-28.11,24.29,3.294,1.998,2.219,-4.439,0.0
Zone_23,46,Suburban_LowDensity,EVENT_SENSITIVE,2228,53,53.0,0.0,0.0,1.59,64.05,2,Normal,Good,0,0,0,7.34,12.53,63.14,1.0,0.0,0.0,0.138,11.84,15.48,55.02,3.5,0.0,0.0,0.273,-7.34,-10.94,0.91,1.0,-0.138,0.0,-100.0,-87.31,1.44,0.0,-1.045,-1.692,3.052,0.0
Zone_23,47,Suburban_LowDensity,EVENT_SENSITIVE,2228,53,53.0,0.0,0.0,3.24,67.09,2,Normal,Good,0,0,0,0.0,1.59,64.05,2.0,0.0,0.0,0.0,8.33,11.69,58.1,2.25,0.0,0.0,0.182,0.0,1.65,3.04,0.0,0.0,0.0,0.0,103.77,4.75,0.0,-4.579,-4.155,4.132,0.0
Zone_23,48,Suburban_LowDensity,EVENT_SENSITIVE,2228,53,43.88,0.0,0.0,6.32,56.0,1,Light Rain,Moderate,0,0,0,0.0,3.24,67.09,2.0,0.0,0.0,0.0,5.47,8.7,61.27,1.75,0.0,0.0,0.117,0.0,3.08,-11.09,-1.0,0.0,0.0,0.0,95.06,-16.53,0.0,-5.351,-5.096,4.978,0.0
Zone_23,49,Suburban_LowDensity,EVENT_SENSITIVE,2228,53,53.0,2.7,0.051,4.71,62.69,2,Normal,Good,0,0,0,0.0,6.32,56.0,1.0,0.0,0.0,0.0,1.84,5.92,62.57,1.5,0.0,0.0,0.034,2.7,-1.61,6.69,1.0,0.051,0.0,2700000.0,-25.47,11.95,1.212,-1.698,-2.202,-1.838,0.0
Zone_23,50,Suburban_LowDensity,EVENT_SENSITIVE,2228,53,53.0,5.04,0.095,5.77,65.72,2,Normal,Good,0,1,1,2.7,4.71,62.69,2.0,0.0,0.0,0.051,0.68,3.96,62.46,1.75,0.0,0.0,0.013,2.34,1.06,3.03,0.0,0.044,0.0,86.66,22.5,4.83,2.262,1.244,0.81,-1.517,0.0
Zone_23,51,Suburban_LowDensity,EVENT_SENSITIVE,2228,53,53.0,9.51,0.179,6.93,60.71,2,Normal,Good,0,0,0,5.04,5.77,65.72,2.0,1.0,1.0,0.095,1.94,5.01,62.88,1.75,1.0,0.25,0.036,4.47,1.16,-5.01,0.0,0.084,1.0,88.69,20.1,-7.62,4.268,0.598,1.782,0.258,0.3
Zone_23,52,Suburban_LowDensity,EVENT_SENSITIVE,2228,53,53.0,12.53,0.236,7.77,65.31,3,Normal,Good,0,0,0,9.51,6.93,60.71,2.0,0.0,0.0,0.179,4.31,5.93,61.28,1.75,1.0,0.25,0.081,3.02,0.84,4.6,1.0,0.057,-1.0,31.76,12.12,7.58,5.624,0.289,3.087,1.716,0.1
Zone_24,1,Commercial_Downtown,GRADUAL_IMPROVEMENT,8634,99,99.0,39.51,0.399,18.47,60.26,4,Normal,Good,0,0,0,,,,,,,,,,,,,,,,,,,,,,,,4.576,,,,
Zone_24,2,Commercial_Downtown,GRADUAL_IMPROVEMENT,8634,99,99.0,32.84,0.332,15.1,58.74,5,Normal,Good,0,0,0,39.51,18.47,60.26,4.0,0.0,0.0,0.399,,,,,,,,-6.67,-3.37,-1.52,1.0,-0.067,,-16.88,-18.25,-2.52,3.804,,,,
Zone_24,3,Commercial_Downtown,GRADUAL_IMPROVEMENT,8634,99,99.0,32.36,0.327,16.58,62.63,4,Normal,Good,0,0,0,32.84,15.1,58.74,5.0,0.0,0.0,0.332,,,,,,,,-0.48,1.48,3.89,-1.0,-0.005,0.0,-1.46,9.8,6.62,3.748,,,,
Zone_24,4,Commercial_Downtown,GRADUAL_IMPROVEMENT,8634,99,81.97,37.81,0.461,23.36,51.0,10,Light Rain,Moderate,0,0,0,32.36,16.58,62.63,4.0,0.0,0.0,0.327,,,,,,,,5.45,6.78,-11.63,6.0,0.134,0.0,16.84,40.89,-18.57,4.379,,,,
Zone_24,5,Commercial_Downtown,GRADUAL_IMPROVEMENT,8634,99,99.0,41.06,0.415,20.95,58.22,3,Normal,Good,0,0,0,37.81,23.36,51.0,10.0,0.0,0.0,0.461,35.63,18.38,58.16,5.75,0.0,0.0,0.38,3.25,-2.41,7.22,-7.0,-0.046,0.0,8.6,-10.32,14.16,4.756,1.615,-0.558,-2.389,0.0
Zone_24,6,Commercial_Downtown,GRADUAL_IMPROVEMENT,8634,99,99.0,32.04,0.324,16.64,60.38,7,Normal,Good,0,0,0,41.06,20.95,58.22,3.0,0.0,0.0,0.415,36.02,19.0,57.65,5.5,0.0,0.0,0.384,-9.02,-4.31,2.16,4.0,-0.091,0.0,-21.97,-20.57,3.71,3.711,2.433,3.011,-1.319,0.0
Zone_24,7,Commercial_Downtown,GRADUAL_IMPROVEMENT,8634,99,99.0,31.44,0.318,16.97,61.62,10,Normal,Good,0,0,0,32.04,16.64,60.38,7.0,0.0,0.0,0.324,35.82,19.38,58.06,6.0,0.0,0.0,0.382,-0.6,0.33,1.24,3.0,-0.006,0.0,-1.87,1.98,2.05,3.641,-0.223,0.229,0.047,0.0
Zone_24,8,Commercial_Downtown,GRADUAL_IMPROVEMENT,8634,99,99.0,36.24,0.366,19.42,59.43,13,Normal,Good,0,0,0,31.44,16.97,61.62,10.0,0.0,0.0,0.318,35.59,19.48,57.8,7.5,0.0,0.0,0.38,4.8,2.45,-2.19,3.0,0.048,0.0,15.27,14.44,-3.55,4.197,-2.348,-2.813,3.402,0.0
Zone_24,9,Commercial_Downtown,GRADUAL_IMPROVEMENT,8634,99,99.0,29.87,0.302,11.55,63.26,1,Normal,Good,0,0,0,36.24,19.42,59.43,13.0,0.0,0.0,0.366,35.2,18.5,59.91,8.25,0.0,0.0,0.356,-6.37,-7.87,3.83,-12.0,-0.064,0.0,-17.58,-40.53,6.44,3.46,-0.426,-1.506,0.487,0.0
Zone_24,10,Commercial_Downtown,GRADUAL_IMPROVEMENT,8634,99,99.0,31.15,0.315,14.53,61.13,5,Normal,Good,0,0,0,29.87,11.55,63.26,1.0,0.0,0.0,0.302,32.4,16.14,61.17,7.75,0.0,0.0,0.327,1.28,2.98,-2.13,4.0,0.013,0.0,4.29,25.8,-3.37,3.608,-1.282,-0.171,0.645,0.0
Zone_24,11,Commercial_Downtown,GRADUAL_IMPROVEMENT,8634,99,99.0,40.45,0.409,17.87,63.53,2,Normal,Good,0,1,1,31.15,14.53,61.13,5.0,0.0,0.0,0.315,32.18,15.62,61.36,7.25,0.0,0.0,0.325,9.3,3.34,2.4,-3.0,0.094,0.0,29.86,22.99,3.93,4.685,-1.519,-0.724,0.236,0.0
Zone_24,12,Commercial_Downtown,GRADUAL_IMPROVEMENT,8634,99,81.97,44.33,0.541,29.1,48.14,5,Light Rain,Moderate,0,0,0,40.45,17.87,63.53,2.0,1.0,1.0,0.409,34.43,15.84,61.84,5.25,1.0,0.25,0.348,3.88,11.23,-15.39,3.0,0.132,1.0,9.59,62.84,-24.22,5.134,-0.167,1.391,1.017,0.3
Zone_24,13,Commercial_Downtown,GRADUAL_IMPROVEMENT,8634,99,99.0,44.09,0.445,22.95,57.95,8,Normal,Good,0,0,0,44.33,29.1,48.14,5.0,0.0,0.0,0.541,36.45,18.26,59.02,3.25,1.0,0.25,0.392,-0.24,-6.15,9.81,3.0,-0.096,-1.0,-0.54,-21.13,20.38,5.107,5.599,5.268,-4.296,0.1
Zone_24,14,Commercial_Downtown,GRADUAL_IMPROVEMENT,8634,99,99.0,38.65,0.39,16.53,62.32,5,Normal,Good,0,0,0,44.09,22.95,57.95,8.0,0.0,0.0,0.445,40.0,21.11,57.69,5.0,1.0,0.25,0.428,-5.44,-6.42,4.37,-3.0,-0.055,0.0,-12.34,-27.97,7.54,4.476,3.649,4.27,-2.493,-0.1
Zone_24,15,Commercial_Downtown,GRADUAL_IMPROVEMENT,8634,99,99.0,37.21,0.376,19.8,62.88,4,Normal,Good,0,0,0,38.65,16.53,62.32,5.0,0.0,0.0,0.39,41.88,21.61,57.99,5.0,1.0,0.25,0.446,-1.44,3.27,0.56,-1.0,-0.014,0.0,-3.73,19.78,0.9,4.31,-1.017,-0.564,0.618,-0.3
Zone_24,16,Commercial_Downtown,GRADUAL_IMPROVEMENT,8634,99,99.0,37.4,0.378,19.17,57.92,1,Normal,Good,0,0,0,37.21,19.8,62.88,4.0,0.0,0.0,0.376,41.07,22.1,57.82,5.5,0.0,0.0,0.438,0.19,-0.63,-4.96,-3.0,0.002,0.0,0.51,-3.18,-7.89,4.332,-3.432,-2.68,4.859,0.0
Zone_24,17,Commercial_Downtown,GRADUAL_IMPROVEMENT,8634,99,99.0,44.69,0.451,17.89,62.14,7,Normal,Good,0,0,0,37.4,19.17,57.92,1.0,0.0,0.0,0.378,39.34,19.61,60.27,4.5,0.0,0.0,0.397,7.29,-1.28,4.22,6.0,0.073,0.0,19.49,-6.68,7.29,5.176,-0.807,-2.151,0.047,0.0
Zone_24,18,Commercial_Downtown,GRADUAL_IMPROVEMENT,8634,99,84.15,51.08,0.607,32.7,53.95,6,Normal,Good,1,1,1,44.69,17.89,62.14,7.0,0.0,0.0,0.451,39.49,18.35,61.32,4.25,0.0,0.0,0.399,6.39,14.81,-8.19,-1.0,0.156,0.0,14.3,82.78,-13.18,5.916,0.345,1.831,-0.55,0.0
Zone_24,19,Commercial_Downtown,GRADUAL_IMPROVEMENT,8634,99,84.15,52.61,0.625,34.96,54.7,14,Normal,Good,1,2,1,51.08,32.7,53.95,6.0,1.0,1.0,0.607,42.6,22.39,59.22,4.5,1.0,0.25,0.453,1.53,2.26,0.75,8.0,0.018,1.0,3.0,6.91,1.39,6.093,3.742,4.89,-2.257,0.3
Zone_24,20,Commercial_Downtown,GRADUAL_IMPROVEMENT,8634,99,81.97,46.55,0.568,31.21,49.9,5,Light Rain,Moderate,0,0,0,52.61,34.96,54.7,14.0,2.0,1.0,0.625,46.44,26.18,57.18,7.0,3.0,0.5,0.515,-6.06,-3.75,-4.8,-9.0,-0.057,1.0,-11.52,-10.73,-8.78,5.391,6.218,5.202,-1.785,0.4
Zone_24,21,Commercial_Downtown,GRADUAL_IMPROVEMENT,8634,99,99.0,47.68,0.482,20.18,64.39,5,Normal,Good,0,0,0,46.55,31.21,49.9,5.0,0.0,0.0,0.568,48.73,29.19,55.17,8.0,3.0,0.5,0.563,1.13,-11.03,14.49,0.0,-0.086,-2.0,2.43,-35.34,29.04,5.522,4.222,0.711,-3.597,0.0
Zone_24,22,Commercial_Downtown,GRADUAL_IMPROVEMENT,8634,99,99.0,47.38,0.479,27.65,61.37,4,Normal,Good,0,1,1,47.68,20.18,64.39,5.0,0.0,0.0,0.482,49.48,29.76,55.74,7.5,3.0,0.5,0.57,-0.3,7.47,-3.02,-1.0,-0.003,0.0,-0.63,37.02,-4.69,5.488,-4.131,-1.626,2.652,-0.4
Zone_24,23,Commercial_Downtown,GRADUAL_IMPROVEMENT,8634,99,99.0,44.72,0.452,22.77,59.96,5,Normal,Good,0,1,1,47.38,27.65,61.37,4.0,1.0,1.0,0.479,48.56,28.5,57.59,7.0,3.0,0.5,0.538,-2.66,-4.88,-1.41,1.0,-0.027,1.0,-5.61,-17.65,-2.3,5.18,-3.296,-1.456,3.45,0.0
Zone_24,24,Commercial_Downtown,GRADUAL_IMPROVEMENT,8634,99,99.0,35.78,0.361,18.89,64.69,3,Normal,Good,0,0,0,44.72,22.77,59.96,5.0,1.0,1.0,0.452,46.58,25.45,58.9,4.75,2.0,0.5,0.495,-8.94,-3.88,4.73,-2.0,-0.091,0.0,-19.99,-17.04,7.89,4.144,-1.785,-0.579,2.716,0.4
Zone_24,25,Commercial_Downtown,GRADUAL_IMPROVEMENT,8634,99,99.0,35.98,0.363,16.32,61.64,2,Normal,Good,0,0,0,35.78,18.89,64.69,3.0,0.0,0.0,0.361,43.89,22.37,62.6,4.25,2.0,0.5,0.443,0.2,-2.57,-3.05,-1.0,0.002,-1.0,0.56,-13.61,-4.71,4.167,-0.875,-3.836,-0.051,0.0
Zone_24,26,Commercial_Downtown,GRADUAL_IMPROVEMENT,8634,99,99.0,34.13,0.345,11.91,63.48,2,Normal,Good,0,0,0,35.98,16.32,61.64,2.0,0.0,0.0,0.363,40.96,21.41,61.92,3.5,2.0,0.5,0.414,-1.85,-4.41,1.84,0.0,-0.018,0.0,-5.14,-27.02,2.99,3.953,-3.787,-4.314,0.554,-0.4
Zone_24,27,Commercial_Downtown,GRADUAL_IMPROVEMENT,8634,99,99.0,28.91,0.292,13.9,64.39,3,Normal,Good,0,0,0,34.13,11.91,63.48,2.0,0.0,0.0,0.345,37.65,17.47,62.44,3.0,1.0,0.25,0.38,-5.22,1.99,0.91,1.0,-0.053,0.0,-15.29,16.71,1.43,3.348,-3.515,-3.157,0.751,-0.3
Zone_24,28,Commercial_Downtown,GRADUAL_IMPROVEMENT,8634,99,99.0,25.34,0.256,11.6,61.2,6,Normal,Good,0,1,1,28.91,13.9,64.39,3.0,0.0,0.0,0.292,33.7,15.26,63.55,2.5,0.0,0.0,0.34,-3.57,-2.3,-3.19,3.0,-0.036,0.0,-12.35,-16.55,-4.95,2.935,-1.938,-2.246,0.094,0.0
Zone_24,29,Commercial_Downtown,GRADUAL_IMPROVEMENT,8634,99,81.97,32.1,0.392,19.34,58.2,6,Light Rain,Moderate,0,0,0,25.34,11.6,61.2,6.0,1.0,1.0,0.256,31.09,13.43,62.68,3.25,1.0,0.25,0.314,6.76,7.74,-3.0,0.0,0.136,1.0,26.68,66.72,-4.9,3.718,-1.217,-3.714,-0.041,0.3
Zone_24,30,Commercial_Downtown,GRADUAL_IMPROVEMENT,8634,99,99.0,37.4,0.378,15.09,59.77,6,Normal,Good,0,0,0,32.1,19.34,58.2,6.0,0.0,0.0,0.392,30.12,14.19,61.82,4.25,1.0,0.25,0.321,5.3,-4.25,1.57,0.0,-0.014,-1.0,16.51,-21.98,2.7,4.332,1.999,-0.966,-1.903,0.1
Zone_24,31,Commercial_Downtown,GRADUAL_IMPROVEMENT,8634,99,57.91,36.01,0.622,36.93,35.1,5,Heavy Rain,Poor,0,2,1,37.4,15.09,59.77,6.0,0.0,0.0,0.378,30.94,14.98,60.89,5.25,1.0,0.25,0.33,-1.39,21.84,-24.67,-1.0,0.244,0.0,-3.72,144.73,-41.27,4.171,1.131,3.223,-1.686,-0.1
Zone_24,32,Commercial_Downtown,GRADUAL_IMPROVEMENT,8634,99,99.0,32.9,0.332,16.08,62.02,5,Normal,Good,0,0,0,36.01,36.93,35.1,5.0,2.0,1.0,0.622,32.71,20.74,53.57,5.75,3.0,0.5,0.412,-3.11,-20.85,26.92,0.0,-0.29,2.0,-8.64,-56.46,76.69,3.811,7.174,3.731,-7.673,0.0
Zone_24,33,Commercial_Downtown,GRADUAL_IMPROVEMENT,8634,99,81.97,35.2,0.429,22.26,52.17,5,Light Rain,Moderate,0,0,0,32.9,16.08,62.02,5.0,0.0,0.0,0.332,34.6,21.86,53.77,5.5,2.0,0.25,0.431,2.3,6.18,-9.85,0.0,0.097,-2.0,6.99,38.43,-15.88,4.077,1.206,0.101,-1.321,0.1
Zone_24,34,Commercial_Downtown,GRADUAL_IMPROVEMENT,8634,99,81.97,25.29,0.309,15.84,54.43,3,Light Rain,Moderate,0,0,0,35.2,22.26,52.17,5.0,0.0,0.0,0.429,35.38,22.59,52.26,5.25,2.0,0.25,0.44,-9.91,-6.42,2.26,-2.0,-0.12,0.0,-28.15,-28.84,4.33,2.929,0.066,-0.971,0.412,-0.1
Zone_24,35,Commercial_Downtown,GRADUAL_IMPROVEMENT,8634,99,57.91,27.34,0.472,30.21,34.81,4,Heavy Rain,Poor,0,0,0,25.29,15.84,54.43,3.0,0.0,0.0,0.309,32.35,22.78,50.93,4.5,2.0,0.25,0.423,2.05,14.37,-19.62,1.0,0.163,0.0,8.11,90.72,-36.05,3.167,-5.709,-2.986,4.814,-0.3
Zone_24,36,Commercial_Downtown,GRADUAL_IMPROVEMENT,8634,99,57.91,26.16,0.452,29.02,38.74,7,Heavy Rain,Poor,0,2,1,27.34,30.21,34.81,4.0,0.0,0.0,0.472,30.18,21.1,50.86,4.25,0.0,0.0,0.385,-1.18,-1.19,3.93,3.0,-0.02,0.0,-4.32,-3.94,11.29,3.03,3.597,-2.659,-7.937,0.0
Zone_24,37,Commercial_Downtown,GRADUAL_IMPROVEMENT,8634,99,99.0,26.77,0.27,15.58,59.05,4,Normal,Good,0,0,0,26.16,29.02,38.74,7.0,2.0,1.0,0.452,28.5,24.33,45.04,4.75,2.0,0.25,0.416,0.61,-13.44,20.31,-3.0,-0.182,2.0,2.33,-46.31,52.43,3.101,3.465,-2.507,-5.991,0.3
Zone_24,38,Commercial_Downtown,GRADUAL_IMPROVEMENT,8634,99,79.2,29.28,0.37,14.27,64.04,5,Normal,Good,1,1,1,26.77,15.58,59.05,4.0,0.0,0.0,0.27,26.39,22.66,46.76,4.5,2.0,0.25,0.376,2.51,-1.31,4.99,1.0,0.1,-2.0,9.38,-8.41,8.45,3.391,-0.197,0.326,1.779,0.1
Zone_24,39,Commercial_Downtown,GRADUAL_IMPROVEMENT,8634,99,79.2,34.09,0.43,23.07,59.77,7,Normal,Good,1,0,0,29.28,14.27,64.04,5.0,1.0,1.0,0.37,27.39,22.27,49.16,5.0,3.0,0.5,0.391,4.81,8.8,-4.27,2.0,0.06,1.0,16.43,61.67,-6.67,3.948,-6.126,0.643,10.8,0.2
Zone_24,40,Commercial_Downtown,GRADUAL_IMPROVEMENT,8634,99,79.2,42.14,0.532,30.74,60.15,7,Normal,Good,1,0,0,34.09,23.07,59.77,7.0,0.0,0.0,0.43,29.08,20.48,55.4,5.75,3.0,0.5,0.38,8.05,7.67,0.38,0.0,0.102,-1.0,23.61,33.25,0.64,4.881,-1.916,2.63,6.808,-0.2
Zone_24,41,Commercial_Downtown,GRADUAL_IMPROVEMENT,8634,99,99.0,34.76,0.351,22.11,57.02,5,Normal,Good,0,0,0,42.14,30.74,60.15,7.0,0.0,0.0,0.532,33.07,20.92,60.75,5.75,1.0,0.25,0.4,-7.38,-8.63,-3.13,-2.0,-0.181,0.0,-17.51,-28.07,-5.2,4.026,5.428,5.092,-0.097,-0.1
Zone_24,42,Commercial_Downtown,GRADUAL_IMPROVEMENT,8634,99,99.0,30.14,0.304,14.68,61.76,5,Normal,Good,0,0,0,34.76,22.11,57.02,5.0,0.0,0.0,0.351,35.07,22.55,60.24,6.0,1.0,0.25,0.421,-4.62,-7.43,4.74,0.0,-0.047,0.0,-13.29,-33.6,8.31,3.491,3.119,2.449,-2.068,-0.3
Zone_24,43,Commercial_Downtown,GRADUAL_IMPROVEMENT,8634,99,99.0,28.33,0.286,16.54,63.67,0,Normal,Good,0,0,0,30.14,14.68,61.76,5.0,0.0,0.0,0.304,35.28,22.65,59.68,6.0,0.0,0.0,0.404,-1.81,1.86,1.91,-5.0,-0.018,0.0,-6.01,12.67,3.09,3.281,-3.38,-1.923,0.284,0.0
Zone_24,44,Commercial_Downtown,GRADUAL_IMPROVEMENT,8634,99,99.0,30.45,0.308,15.47,63.47,4,Normal,Good,0,0,0,28.33,16.54,63.67,0.0,0.0,0.0,0.286,33.84,21.02,60.65,4.25,0.0,0.0,0.368,2.12,-1.07,-0.2,4.0,0.022,0.0,7.48,-6.47,-0.31,3.527,-5.003,-4.605,1.53,0.0
Zone_24,45,Commercial_Downtown,GRADUAL_IMPROVEMENT,8634,99,99.0,33.7,0.34,14.85,62.92,2,Normal,Good,0,0,0,30.45,15.47,63.47,4.0,0.0,0.0,0.308,30.92,17.2,61.48,3.5,0.0,0.0,0.312,3.25,-0.62,-0.55,-2.0,0.032,0.0,10.67,-4.01,-0.87,3.903,-1.806,-1.474,2.126,0.0
Zone_24,46,Commercial_Downtown,GRADUAL_IMPROVEMENT,8634,99,99.0,34.95,0.353,10.53,61.79,5,Normal,Good,0,0,0,33.7,14.85,62.92,2.0,0.0,0.0,0.34,30.65,15.39,62.96,2.75,0.0,0.0,0.31,1.25,-4.32,-1.13,3.0,0.013,0.0,3.71,-29.09,-1.8,4.048,-0.056,1.28,0.328,0.0
Zone_24,47,Commercial_Downtown,GRADUAL_IMPROVEMENT,8634,99,99.0,32.87,0.332,17.61,61.21,5,Normal,Good,0,0,0,34.95,10.53,61.79,5.0,0.0,0.0,0.353,31.86,14.35,62.96,2.75,0.0,0.0,0.322,-2.08,7.08,-0.58,0.0,-0.021,0.0,-5.95,67.24,-0.94,3.807,-1.865,2.311,-0.619,0.0
Zone_24,48,Commercial_Downtown,GRADUAL_IMPROVEMENT,8634,99,81.97,31.07,0.379,16.31,53.82,8,Light Rain,Moderate,0,0,0,32.87,17.61,61.21,5.0,0.0,0.0,0.332,32.99,14.61,62.35,4.0,0.0,0.0,0.333,-1.8,-1.3,-7.39,3.0,0.047,0.0,-5.48,-7.38,-12.07,3.599,0.21,0.851,-0.791,0.0
Zone_24,49,Commercial_Downtown,GRADUAL_IMPROVEMENT,8634,99,81.97,30.2,0.368,21.83,50.99,7,Light Rain,Moderate,0,0,0,31.07,16.31,53.82,8.0,0.0,0.0,0.379,33.15,14.82,59.94,5.0,0.0,0.0,0.351,-0.87,5.52,-2.83,-1.0,-0.011,0.0,-2.8,33.84,-5.26,3.498,1.146,-0.997,-2.788,0.0
Zone_24,50,Commercial_Downtown,GRADUAL_IMPROVEMENT,8634,99,81.97,26.77,0.327,20.61,54.94,5,Light Rain,Moderate,0,0,0,30.2,21.83,50.99,7.0,0.0,0.0,0.368,32.27,16.57,56.95,6.25,0.0,0.0,0.358,-3.43,-1.22,3.95,-2.0,-0.041,0.0,-11.36,-5.59,7.75,3.101,3.26,-1.605,-3.979,0.0
Zone_24,51,Commercial_Downtown,GRADUAL_IMPROVEMENT,8634,99,81.97,21.38,0.261,17.45,53.99,4,Light Rain,Moderate,0,0,0,26.77,20.61,54.94,5.0,0.0,0.0,0.327,30.23,19.09,55.24,6.25,0.0,0.0,0.352,-5.39,-3.16,-0.95,-1.0,-0.066,0.0,-20.13,-15.33,-1.73,2.476,1.452,-1.917,-2.164,0.0
Zone_24,52,Commercial_Downtown,GRADUAL_IMPROVEMENT,8634,99,99.0,14.1,0.142,4.95,64.8,5,Normal,Good,0,0,0,21.38,17.45,53.99,4.0,0.0,0.0,0.261,27.35,19.05,53.44,6.0,0.0,0.0,0.334,-7.28,-12.5,10.81,1.0,-0.119,0.0,-34.05,-71.63,20.02,1.633,0.22,-3.25,0.446,0.0
Zone_25,1,Residential,STABLE,10790,71,71.0,31.86,0.449,18.85,60.45,2,Normal,Good,0,0,0,,,,,,,,,,,,,,,,,,,,,,,,2.953,,,,
Zone_25,2,Residential,STABLE,10790,71,71.0,23.08,0.325,12.18,62.46,0,Normal,Good,0,0,0,31.86,18.85,60.45,2.0,0.0,0.0,0.449,,,,,,,,-8.78,-6.67,2.01,-2.0,-0.124,,-27.56,-35.38,3.33,2.139,,,,
Zone_25,3,Residential,STABLE,10790,71,71.0,28.24,0.398,19.51,60.04,3,Normal,Good,0,0,0,23.08,12.18,62.46,0.0,0.0,0.0,0.325,,,,,,,,5.16,7.33,-2.42,3.0,0.073,0.0,22.36,60.18,-3.87,2.617,,,,
Zone_25,4,Residential,STABLE,10790,71,71.0,32.98,0.465,18.22,62.24,1,Normal,Good,0,0,0,28.24,19.51,60.04,3.0,0.0,0.0,0.398,,,,,,,,4.74,-1.29,2.2,-2.0,0.067,0.0,16.78,-6.61,3.66,3.057,,,,
Zone_25,5,Residential,STABLE,10790,71,71.0,31.97,0.45,20.27,61.75,1,Normal,Good,0,0,0,32.98,18.22,62.24,1.0,0.0,0.0,0.465,29.04,17.19,61.3,1.5,0.0,0.0,0.409,-1.01,2.05,-0.49,0.0,-0.015,0.0,-3.06,11.25,-0.79,2.963,0.544,0.852,0.295,0.0
Zone_25,6,Residential,STABLE,10790,71,71.0,42.25,0.595,31.15,58.34,2,Normal,Good,0,0,0,31.97,20.27,61.75,1.0,0.0,0.0,0.45,29.07,17.55,61.62,1.25,0.0,0.0,0.41,10.28,10.88,-3.41,1.0,0.145,0.0,32.16,53.68,-5.52,3.916,2.298,3.141,0.007,0.0
Zone_25,7,Residential,STABLE,10790,71,71.0,41.9,0.59,24.85,61.12,1,Normal,Good,0,0,0,42.25,31.15,58.34,2.0,0.0,0.0,0.595,33.86,22.29,60.59,1.75,0.0,0.0,0.477,-0.35,-6.3,2.78,-1.0,-0.005,0.0,-0.83,-20.22,4.77,3.883,3.697,4.102,-0.559,0.0
Zone_25,8,Residential,STABLE,10790,71,71.0,41.72,0.588,33.87,56.44,5,Normal,Good,0,0,0,41.9,24.85,61.12,1.0,0.0,0.0,0.59,37.28,23.62,60.86,1.25,0.0,0.0,0.525,-0.18,9.02,-4.68,4.0,-0.002,0.0,-0.43,36.3,-7.66,3.867,3.077,3.704,-0.677,0.0
Zone_25,9,Residential,STABLE,10790,71,71.0,40.63,0.572,27.12,58.93,3,Normal,Good,0,0,0,41.72,33.87,56.44,5.0,0.0,0.0,0.588,39.46,27.53,59.41,2.25,0.0,0.0,0.556,-1.09,-6.75,2.49,-2.0,-0.016,0.0,-2.61,-19.93,4.41,3.766,3.45,2.89,-1.315,0.0
Zone_25,10,Residential,STABLE,10790,71,71.0,32.94,0.464,18.88,60.98,2,Normal,Good,0,0,0,40.63,27.12,58.93,3.0,0.0,0.0,0.572,41.62,29.25,58.71,2.75,0.0,0.0,0.586,-7.69,-8.24,2.05,-1.0,-0.108,0.0,-18.93,-30.38,3.48,3.053,-0.307,-0.504,-0.291,0.0
Zone_25,11,Residential,STABLE,10790,71,71.0,34.24,0.482,23.35,58.05,2,Normal,Good,0,0,0,32.94,18.88,60.98,2.0,0.0,0.0,0.464,39.3,26.18,59.37,2.75,0.0,0.0,0.554,1.3,4.47,-2.93,0.0,0.018,0.0,3.95,23.68,-4.8,3.173,-2.466,-2.797,0.207,0.0
Zone_25,12,Residential,STABLE,10790,71,58.79,34.5,0.587,31.17,50.12,4,Light Rain,Moderate,0,0,0,34.24,23.35,58.05,2.0,0.0,0.0,0.482,37.38,25.8,58.6,3.0,0.0,0.0,0.526,0.26,7.82,-7.93,2.0,0.105,0.0,0.76,33.49,-13.66,3.197,-3.98,-3.013,0.688,0.0
Zone_25,13,Residential,STABLE,10790,71,71.0,37.33,0.526,28.95,57.51,0,Normal,Good,0,2,1,34.5,31.17,50.12,4.0,0.0,0.0,0.587,35.58,25.13,57.02,2.75,0.0,0.0,0.526,2.83,-2.22,7.39,-4.0,-0.061,0.0,8.2,-7.12,14.74,3.46,1.662,-1.709,-2.936,0.0
Zone_25,14,Residential,STABLE,10790,71,58.79,30.65,0.521,23.35,51.67,5,Light Rain,Moderate,0,0,0,37.33,28.95,57.51,0.0,2.0,1.0,0.526,34.75,25.59,56.66,2.0,2.0,0.25,0.515,-6.68,-5.6,-5.84,5.0,-0.005,2.0,-17.89,-19.34,-10.15,2.841,3.803,1.343,-1.834,0.3
Zone_25,15,Residential,STABLE,10790,71,71.0,31.41,0.442,22.68,57.81,4,Normal,Good,0,0,0,30.65,23.35,51.67,5.0,0.0,0.0,0.521,34.18,26.7,54.34,2.75,2.0,0.25,0.529,0.76,-0.67,6.14,-1.0,-0.079,-2.0,2.48,-2.87,11.88,2.911,-0.222,-0.794,-1.175,0.1
Zone_25,16,Residential,STABLE,10790,71,71.0,33.44,0.471,20.36,59.04,7,Normal,Good,0,0,0,31.41,22.68,57.81,4.0,0.0,0.0,0.442,33.47,26.54,54.28,3.25,2.0,0.25,0.519,2.03,-2.32,1.23,3.0,0.029,0.0,6.46,-10.23,2.13,3.099,-3.107,-1.595,1.723,-0.1
Zone_25,17,Residential,STABLE,10790,71,71.0,33.85,0.477,20.08,60.91,1,Normal,Good,0,0,0,33.44,20.36,59.04,7.0,0.0,0.0,0.471,33.21,23.84,56.51,4.0,2.0,0.25,0.49,0.41,-0.28,1.87,-6.0,0.006,0.0,1.23,-1.38,3.17,3.137,-2.644,-1.091,1.073,-0.3
Zone_25,18,Residential,STABLE,10790,71,71.0,29.97,0.422,14.67,61.79,5,Normal,Good,0,0,0,33.85,20.08,60.91,1.0,0.0,0.0,0.477,32.34,21.62,57.36,4.25,0.0,0.0,0.478,-3.88,-5.41,0.88,4.0,-0.055,0.0,-11.46,-26.94,1.44,2.778,-1.213,1.163,2.895,0.0
Zone_25,19,Residential,STABLE,10790,71,71.0,36.99,0.521,23.56,60.82,2,Normal,Good,0,0,0,29.97,14.67,61.79,5.0,0.0,0.0,0.422,32.17,19.45,59.89,4.25,0.0,0.0,0.453,7.02,8.89,-0.97,-3.0,0.099,0.0,23.42,60.6,-1.57,3.428,-2.431,-0.391,1.381,0.0
Zone_25,20,Residential,STABLE,10790,71,58.79,36.47,0.62,30.98,53.12,3,Light Rain,Moderate,0,0,0,36.99,23.56,60.82,2.0,0.0,0.0,0.521,33.56,19.67,60.64,3.75,0.0,0.0,0.473,-0.52,7.42,-7.7,1.0,0.099,0.0,-1.41,31.49,-12.66,3.38,0.419,0.677,0.622,0.0
Zone_25,21,Residential,STABLE,10790,71,71.0,31.31,0.441,20.99,60.6,1,Normal,Good,0,0,0,36.47,30.98,53.12,3.0,0.0,0.0,0.62,34.32,22.32,59.16,2.75,0.0,0.0,0.51,-5.16,-9.99,7.48,-2.0,-0.179,0.0,-14.15,-32.25,14.08,2.902,4.159,1.488,-2.434,0.0
Zone_25,22,Residential,STABLE,10790,71,71.0,25.1,0.354,16.25,61.95,6,Normal,Good,0,0,0,31.31,20.99,60.6,1.0,0.0,0.0,0.441,33.68,22.55,59.08,2.75,0.0,0.0,0.501,-6.21,-4.74,1.35,5.0,-0.087,0.0,-19.83,-22.58,2.23,2.326,2.638,0.35,-1.127,0.0
Zone_25,23,Residential,STABLE,10790,71,71.0,19.17,0.27,13.61,61.29,1,Normal,Good,0,0,0,25.1,16.25,61.95,6.0,0.0,0.0,0.354,32.47,22.94,59.12,3.0,0.0,0.0,0.484,-5.93,-2.64,-0.66,-5.0,-0.084,0.0,-23.63,-16.25,-1.07,1.777,-3.192,-4.083,1.087,0.0
Zone_25,24,Residential,STABLE,10790,71,58.79,20.55,0.35,15.4,54.38,7,Light Rain,Moderate,0,0,0,19.17,13.61,61.29,1.0,0.0,0.0,0.27,28.01,20.46,59.24,2.75,0.0,0.0,0.421,1.38,1.79,-6.91,6.0,0.08,0.0,7.2,13.15,-11.27,1.905,-5.685,-5.811,2.586,0.0
Zone_25,25,Residential,STABLE,10790,71,71.0,28.55,0.402,18.8,61.03,1,Normal,Good,0,1,1,20.55,15.4,54.38,7.0,0.0,0.0,0.35,24.03,16.56,59.56,3.75,0.0,0.0,0.354,8.0,3.4,6.65,-6.0,0.052,0.0,38.93,22.08,12.23,2.646,-1.941,-3.821,-1.932,0.0
Zone_25,26,Residential,STABLE,10790,71,71.0,30.67,0.432,20.14,58.53,3,Normal,Good,0,0,0,28.55,18.8,61.03,1.0,1.0,1.0,0.402,23.34,16.02,59.66,3.75,1.0,0.25,0.344,2.12,1.34,-2.5,2.0,0.03,1.0,7.43,7.13,-4.1,2.842,0.944,1.173,-0.967,0.3
Zone_25,27,Residential,STABLE,10790,71,71.0,27.37,0.385,14.57,61.78,2,Normal,Good,0,0,0,30.67,20.14,58.53,3.0,0.0,0.0,0.432,24.74,16.99,58.81,3.0,1.0,0.25,0.364,-3.3,-5.57,3.25,-1.0,-0.047,-1.0,-10.76,-27.66,5.55,2.537,2.299,4.25,-0.163,0.1
Zone_25,28,Residential,STABLE,10790,71,71.0,36.13,0.509,20.44,56.41,2,Normal,Good,0,0,0,27.37,14.57,61.78,2.0,0.0,0.0,0.385,26.79,17.23,58.93,3.25,1.0,0.25,0.392,8.76,5.87,-5.37,0.0,0.124,0.0,32.01,40.29,-8.69,3.348,-0.115,2.258,1.97,-0.1
Zone_25,29,Residential,STABLE,10790,71,71.0,31.96,0.45,27.08,58.99,2,Normal,Good,0,0,0,36.13,20.44,56.41,2.0,0.0,0.0,0.509,30.68,18.49,59.44,2.0,1.0,0.25,0.432,-4.17,6.64,2.58,0.0,-0.059,0.0,-11.54,32.49,4.57,2.962,-0.065,1.944,-1.061,-0.3
Zone_25,30,Residential,STABLE,10790,71,58.79,27.67,0.471,23.41,53.82,1,Light Rain,Moderate,0,1,1,31.96,27.08,58.99,2.0,0.0,0.0,0.45,31.53,20.56,58.93,2.25,0.0,0.0,0.444,-4.29,-3.67,-5.17,-1.0,0.021,0.0,-13.42,-13.55,-8.76,2.564,2.669,1.263,-0.399,0.0
Zone_25,31,Residential,STABLE,10790,71,41.54,22.07,0.531,30.88,35.22,1,Heavy Rain,Poor,0,0,0,27.67,23.41,53.82,1.0,1.0,1.0,0.471,30.78,21.38,57.75,1.75,1.0,0.25,0.454,-5.6,7.47,-18.6,0.0,0.06,1.0,-20.24,31.91,-34.56,2.045,3.316,-0.327,-2.13,0.3
Zone_25,32,Residential,STABLE,10790,71,41.54,25.29,0.609,44.38,32.36,5,Heavy Rain,Poor,0,1,1,22.07,30.88,35.22,1.0,0.0,0.0,0.531,29.46,25.45,51.11,1.5,1.0,0.25,0.49,3.22,13.5,-2.86,4.0,0.078,-1.0,14.59,43.72,-8.12,2.344,2.765,-4.647,-6.874,0.1
Zone_25,33,Residential,STABLE,10790,71,41.54,28.84,0.694,47.27,33.45,6,Heavy Rain,Poor,0,3,1,25.29,44.38,32.36,5.0,1.0,1.0,0.609,26.75,31.44,45.1,2.25,2.0,0.5,0.515,3.55,2.89,1.09,1.0,0.085,1.0,14.04,6.51,3.37,2.673,5.937,-2.561,-9.849,0.2
Zone_25,34,Residential,STABLE,10790,71,58.79,28.41,0.483,26.77,50.45,2,Light Rain,Moderate,0,0,0,28.84,47.27,33.45,6.0,3.0,1.0,0.694,25.97,36.48,38.71,3.25,5.0,0.75,0.576,-0.43,-20.5,17.0,-4.0,-0.211,2.0,-1.49,-43.37,50.82,2.633,8.508,0.673,-6.397,0.1
Zone_25,35,Residential,STABLE,10790,71,71.0,29.5,0.415,18.94,62.75,5,Normal,Good,0,0,0,28.41,26.77,50.45,2.0,0.0,0.0,0.483,26.15,37.33,37.87,3.5,4.0,0.5,0.579,1.09,-7.83,12.3,3.0,-0.068,-3.0,3.84,-29.25,24.38,2.734,-0.944,2.257,4.678,0.0
Zone_25,36,Residential,STABLE,10790,71,58.79,30.24,0.514,28.99,50.3,4,Light Rain,Moderate,0,0,0,29.5,18.94,62.75,5.0,0.0,0.0,0.415,28.01,34.34,44.75,4.5,4.0,0.5,0.55,0.74,10.05,-12.45,-1.0,0.099,0.0,2.51,53.06,-19.84,2.803,-9.682,1.22,10.817,-0.4
Zone_25,37,Residential,STABLE,10790,71,71.0,29.16,0.411,14.25,61.07,4,Normal,Good,0,0,0,30.24,28.99,50.3,4.0,0.0,0.0,0.514,29.25,30.49,49.24,4.25,3.0,0.25,0.526,-1.08,-14.74,10.77,0.0,-0.103,0.0,-3.57,-50.84,21.41,2.703,-6.267,0.529,6.285,-0.3
Zone_25,38,Residential,STABLE,10790,71,71.0,32.77,0.462,24.01,61.04,0,Normal,Good,0,0,0,29.16,14.25,61.07,4.0,0.0,0.0,0.411,29.33,22.24,56.14,3.75,0.0,0.0,0.456,3.61,9.76,-0.03,-4.0,0.051,0.0,12.38,68.49,-0.05,3.037,-2.751,0.299,1.941,0.0
Zone_25,39,Residential,STABLE,10790,71,71.0,33.43,0.471,21.56,58.88,3,Normal,Good,0,0,0,32.77,24.01,61.04,0.0,0.0,0.0,0.462,30.42,21.55,58.79,3.25,0.0,0.0,0.45,0.66,-2.45,-2.16,3.0,0.009,0.0,2.01,-10.2,-3.54,3.098,0.047,0.873,0.564,0.0
Zone_25,40,Residential,STABLE,10790,71,58.79,28.54,0.485,24.09,53.68,3,Light Rain,Moderate,0,0,0,33.43,21.56,58.88,3.0,0.0,0.0,0.471,31.4,22.2,57.82,2.75,0.0,0.0,0.464,-4.89,2.53,-5.2,0.0,0.014,0.0,-14.63,11.73,-8.83,2.645,-1.253,1.318,2.571,0.0
Zone_25,41,Residential,STABLE,10790,71,71.0,28.74,0.405,18.39,60.96,2,Normal,Good,0,0,0,28.54,24.09,53.68,3.0,0.0,0.0,0.485,30.98,20.98,58.67,2.5,0.0,0.0,0.457,0.2,-5.7,7.28,-1.0,-0.08,0.0,0.7,-23.66,13.56,2.664,2.707,-0.12,-2.433,0.0
Zone_25,42,Residential,STABLE,10790,71,71.0,31.56,0.445,20.43,61.39,3,Normal,Good,0,0,0,28.74,18.39,60.96,2.0,0.0,0.0,0.405,30.87,22.01,58.64,2.0,0.0,0.0,0.456,2.82,2.04,0.43,1.0,0.04,0.0,9.81,11.09,0.71,2.925,-1.433,-1.698,-0.544,0.0
Zone_25,43,Residential,STABLE,10790,71,58.79,30.48,0.518,22.65,51.88,4,Light Rain,Moderate,0,0,0,31.56,20.43,61.39,3.0,0.0,0.0,0.445,30.57,21.12,58.73,2.75,0.0,0.0,0.452,-1.08,2.22,-9.51,1.0,0.073,0.0,-3.42,10.87,-15.49,2.825,-0.909,-0.541,1.481,0.0
Zone_25,44,Residential,STABLE,10790,71,71.0,33.19,0.467,18.01,62.27,0,Normal,Good,0,0,0,30.48,22.65,51.88,4.0,0.0,0.0,0.518,29.83,21.39,56.98,3.0,0.0,0.0,0.463,2.71,-4.64,10.39,-4.0,-0.051,0.0,8.89,-20.49,20.03,3.076,-0.228,0.864,-0.497,0.0
Zone_25,45,Residential,STABLE,10790,71,71.0,36.43,0.513,23.37,58.64,3,Normal,Good,0,0,0,33.19,18.01,62.27,0.0,0.0,0.0,0.467,30.99,19.87,59.12,2.25,0.0,0.0,0.459,3.24,5.36,-3.63,3.0,0.046,0.0,9.76,29.76,-5.83,3.376,0.108,1.227,-0.558,0.0
Zone_25,46,Residential,STABLE,10790,71,58.79,33.08,0.563,32.41,50.73,2,Light Rain,Moderate,0,0,0,36.43,23.37,58.64,3.0,0.0,0.0,0.513,32.92,21.12,58.54,2.5,0.0,0.0,0.486,-3.35,9.04,-7.91,-1.0,0.05,0.0,-9.2,38.68,-13.49,3.066,0.418,1.732,0.214,0.0
Zone_25,47,Residential,STABLE,10790,71,71.0,39.04,0.55,31.03,58.37,5,Normal,Good,0,2,1,33.08,32.41,50.73,2.0,0.0,0.0,0.563,33.29,24.11,55.88,2.25,0.0,0.0,0.515,5.96,-1.38,7.64,3.0,-0.013,0.0,18.02,-4.26,15.06,3.618,3.464,1.104,-0.708,0.0
Zone_25,48,Residential,STABLE,10790,71,71.0,40.6,0.572,27.93,57.66,4,Normal,Good,0,0,0,39.04,31.03,58.37,5.0,2.0,1.0,0.55,35.44,26.2,57.5,2.5,2.0,0.25,0.523,1.56,-3.1,-0.71,-1.0,0.022,2.0,4.0,-9.99,-1.22,3.763,4.81,1.42,-1.961,0.3
Zone_25,49,Residential,STABLE,10790,71,58.79,41.71,0.709,46.62,45.85,5,Light Rain,Moderate,0,1,1,40.6,27.93,57.66,4.0,0.0,0.0,0.572,37.29,28.68,56.35,3.5,2.0,0.25,0.55,1.11,18.69,-11.81,1.0,0.137,-2.0,2.73,66.92,-20.48,3.866,1.23,1.847,0.47,0.1
Zone_25,50,Residential,STABLE,10790,71,71.0,35.12,0.495,21.17,58.39,4,Normal,Good,0,0,0,41.71,46.62,45.85,5.0,1.0,1.0,0.709,38.61,34.5,53.15,4.0,3.0,0.5,0.598,-6.59,-25.45,12.54,-1.0,-0.214,1.0,-15.8,-54.59,27.35,3.255,3.953,2.745,-1.535,0.2
Zone_25,51,Residential,STABLE,10790,71,71.0,39.99,0.563,31.18,58.94,5,Normal,Good,0,0,0,35.12,21.17,58.39,4.0,0.0,0.0,0.495,39.12,31.69,55.07,4.5,3.0,0.5,0.582,4.87,10.01,0.55,1.0,0.068,-1.0,13.87,47.28,0.94,3.706,-1.089,-1.065,-1.175,-0.2
Zone_25,52,Residential,STABLE,10790,71,71.0,35.02,0.493,21.51,58.96,2,Normal,Good,0,0,0,39.99,31.18,58.94,5.0,0.0,0.0,0.563,39.36,31.72,55.21,4.5,1.0,0.25,0.585,-4.97,-9.67,0.02,-3.0,-0.07,0.0,-12.43,-31.01,0.03,3.246,-1.57,-0.842,1.638,-0.1
Zone_26,1,University_District,STABLE,7678,75,75.0,29.69,0.396,15.67,61.0,2,Normal,Good,0,0,0,,,,,,,,,,,,,,,,,,,,,,,,3.867,,,,
Zone_26,2,University_District,STABLE,7678,75,62.1,33.57,0.541,28.49,48.39,1,Light Rain,Moderate,0,0,0,29.69,15.67,61.0,2.0,0.0,0.0,0.396,,,,,,,,3.88,12.82,-12.61,-1.0,0.145,,13.07,81.81,-20.67,4.372,,,,
Zone_26,3,University_District,STABLE,7678,75,75.0,33.14,0.442,17.36,62.12,3,Normal,Good,0,0,0,33.57,28.49,48.39,1.0,0.0,0.0,0.541,,,,,,,,-0.43,-11.13,13.73,2.0,-0.099,0.0,-1.28,-39.07,28.37,4.316,,,,
Zone_26,4,University_District,STABLE,7678,75,75.0,27.09,0.361,13.71,61.45,5,Normal,Good,0,0,0,33.14,17.36,62.12,3.0,0.0,0.0,0.442,,,,,,,,-6.05,-3.65,-0.67,2.0,-0.081,0.0,-18.26,-21.03,-1.08,3.528,,,,
Zone_26,5,University_District,STABLE,7678,75,75.0,36.39,0.485,17.08,61.17,3,Normal,Good,0,0,0,27.09,13.71,61.45,5.0,0.0,0.0,0.361,30.87,18.81,58.24,2.75,0.0,0.0,0.435,9.3,3.37,-0.28,-2.0,0.124,0.0,34.33,24.58,-0.46,4.74,-1.701,-0.823,1.508,0.0
Zone_26,6,University_District,STABLE,7678,75,75.0,30.37,0.405,18.67,59.26,6,Normal,Good,0,0,0,36.39,17.08,61.17,3.0,0.0,0.0,0.485,32.55,19.16,58.28,3.0,0.0,0.0,0.457,-6.02,1.59,-1.91,3.0,-0.08,0.0,-16.54,9.31,-3.12,3.955,-3.788,0.241,3.767,0.0
Zone_26,7,University_District,STABLE,7678,75,62.1,28.08,0.452,23.01,51.53,1,Light Rain,Moderate,0,0,0,30.37,18.67,59.26,6.0,0.0,0.0,0.405,31.75,16.71,61.0,4.25,0.0,0.0,0.423,-2.29,4.34,-7.73,-5.0,0.047,0.0,-7.54,23.25,-13.04,3.657,0.73,0.099,-0.886,0.0
Zone_26,8,University_District,STABLE,7678,75,75.0,25.24,0.337,13.91,61.05,4,Normal,Good,0,0,0,28.08,23.01,51.53,1.0,0.0,0.0,0.452,30.48,18.12,58.35,3.75,0.0,0.0,0.426,-2.84,-9.1,9.52,3.0,-0.115,0.0,-10.11,-39.55,18.47,3.287,2.949,-0.305,-3.167,0.0
Zone_26,9,University_District,STABLE,7678,75,75.0,22.92,0.306,8.31,65.63,1,Normal,Good,0,0,0,25.24,13.91,61.05,4.0,0.0,0.0,0.337,30.02,18.17,58.25,3.5,0.0,0.0,0.42,-2.32,-5.6,4.58,-3.0,-0.031,0.0,-9.19,-40.26,7.5,2.985,-0.517,-3.574,-0.809,0.0
Zone_26,10,University_District,STABLE,7678,75,75.0,19.79,0.264,11.77,63.09,5,Normal,Good,0,0,0,22.92,8.31,65.63,1.0,0.0,0.0,0.306,26.65,15.98,59.37,3.0,0.0,0.0,0.375,-3.13,3.46,-2.54,4.0,-0.042,0.0,-13.66,41.64,-3.87,2.577,-4.018,-2.519,2.863,0.0
Zone_26,11,University_District,STABLE,7678,75,75.0,27.01,0.36,13.9,62.0,4,Normal,Good,0,0,0,19.79,11.77,63.09,5.0,0.0,0.0,0.264,24.01,14.25,60.32,2.75,0.0,0.0,0.34,7.22,2.13,-1.09,-1.0,0.096,0.0,36.48,18.1,-1.73,3.518,-3.932,-2.719,3.926,0.0
Zone_26,12,University_District,STABLE,7678,75,75.0,30.31,0.404,17.7,59.58,3,Normal,Good,0,0,0,27.01,13.9,62.0,4.0,0.0,0.0,0.36,23.74,11.97,62.94,3.5,0.0,0.0,0.317,3.3,3.8,-2.42,-1.0,0.044,0.0,12.22,27.34,-3.9,3.948,0.343,0.218,0.031,0.0
Zone_26,13,University_District,STABLE,7678,75,75.0,33.8,0.451,23.52,59.02,3,Normal,Good,0,0,0,30.31,17.7,59.58,3.0,0.0,0.0,0.404,25.01,12.92,62.58,3.25,0.0,0.0,0.334,3.49,5.82,-0.56,0.0,0.047,0.0,11.51,32.88,-0.94,4.402,3.03,2.939,-1.924,0.0
Zone_26,14,University_District,STABLE,7678,75,75.0,28.37,0.378,13.95,65.42,5,Normal,Good,0,0,0,33.8,23.52,59.02,3.0,0.0,0.0,0.451,27.73,16.72,60.92,3.75,0.0,0.0,0.37,-5.43,-9.57,6.4,2.0,-0.073,0.0,-16.07,-40.69,10.84,3.695,3.905,4.533,-1.463,0.0
Zone_26,15,University_District,STABLE,7678,75,62.1,35.7,0.575,35.83,46.58,5,Light Rain,Moderate,0,0,0,28.37,13.95,65.42,5.0,0.0,0.0,0.378,29.87,17.27,61.5,3.75,0.0,0.0,0.398,7.33,21.88,-18.84,0.0,0.197,0.0,25.84,156.84,-28.8,4.65,0.597,0.757,0.97,0.0
Zone_26,16,University_District,STABLE,7678,75,62.1,42.31,0.681,40.87,45.56,3,Light Rain,Moderate,0,0,0,35.7,35.83,46.58,5.0,0.0,0.0,0.575,32.04,22.75,57.65,4.0,0.0,0.0,0.452,6.61,5.04,-1.02,-2.0,0.106,0.0,18.52,14.07,-2.19,5.511,4.482,1.074,-3.26,0.0
Zone_26,17,University_District,STABLE,7678,75,75.0,35.7,0.476,24.62,62.29,4,Normal,Good,0,0,0,42.31,40.87,45.56,3.0,0.0,0.0,0.681,35.04,28.54,54.15,4.0,0.0,0.0,0.521,-6.61,-16.25,16.73,1.0,-0.205,0.0,-15.62,-39.76,36.72,4.65,7.393,3.286,-5.922,0.0
Zone_26,18,University_District,STABLE,7678,75,63.75,44.39,0.696,36.86,54.9,12,Normal,Good,1,0,0,35.7,24.62,62.29,4.0,0.0,0.0,0.476,35.52,28.82,54.96,4.25,0.0,0.0,0.528,8.69,12.24,-7.39,8.0,0.22,0.0,24.34,49.72,-11.86,5.781,3.705,2.86,-1.041,0.0
Zone_26,19,University_District,STABLE,7678,75,63.75,48.78,0.765,45.12,55.58,9,Normal,Good,1,1,1,44.39,36.86,54.9,12.0,0.0,0.0,0.696,39.52,34.54,52.33,6.0,0.0,0.0,0.607,4.39,8.26,0.68,-3.0,0.069,0.0,9.89,22.41,1.24,6.353,-1.316,1.946,4.169,0.0
Zone_26,20,University_District,STABLE,7678,75,75.0,37.34,0.498,24.37,56.64,1,Normal,Good,0,0,0,48.78,45.12,55.58,9.0,1.0,1.0,0.765,42.8,36.87,54.58,7.0,1.0,0.25,0.654,-11.44,-20.75,1.06,-8.0,-0.267,1.0,-23.45,-45.99,1.91,4.863,2.499,2.81,2.267,0.3
Zone_26,21,University_District,STABLE,7678,75,75.0,30.95,0.413,16.86,58.37,1,Normal,Good,0,0,0,37.34,24.37,56.64,1.0,0.0,0.0,0.498,41.55,32.74,57.35,6.5,1.0,0.25,0.609,-6.39,-7.51,1.73,0.0,-0.085,-1.0,-17.11,-30.82,3.05,4.031,0.751,0.931,-1.627,0.1
Zone_26,22,University_District,STABLE,7678,75,62.1,32.17,0.518,29.92,49.06,3,Light Rain,Moderate,0,1,1,30.95,16.86,58.37,1.0,0.0,0.0,0.413,40.36,30.8,56.37,5.75,1.0,0.25,0.593,1.22,13.06,-9.31,2.0,0.105,0.0,3.94,77.46,-15.95,4.19,-8.075,-5.176,1.147,-0.1
Zone_26,23,University_District,STABLE,7678,75,75.0,37.25,0.497,24.95,59.01,2,Normal,Good,0,0,0,32.17,29.92,49.06,3.0,1.0,1.0,0.518,37.31,29.07,54.91,3.5,2.0,0.5,0.548,5.08,-4.97,9.95,-1.0,-0.021,1.0,15.79,-16.61,20.28,4.852,-5.311,-5.622,-1.783,0.0
Zone_26,24,University_District,STABLE,7678,75,75.0,45.72,0.61,31.15,54.04,1,Normal,Good,0,0,0,37.25,24.95,59.01,2.0,0.0,0.0,0.497,34.43,24.02,55.77,1.75,1.0,0.25,0.481,8.47,6.2,-4.97,-1.0,0.113,-1.0,22.74,24.85,-8.42,5.955,1.48,0.095,-0.22,0.1
Zone_26,25,University_District,STABLE,7678,75,62.1,37.02,0.596,38.0,46.01,5,Light Rain,Moderate,0,1,1,45.72,31.15,54.04,1.0,0.0,0.0,0.61,36.52,25.72,55.12,1.75,1.0,0.25,0.51,-8.7,6.85,-8.03,4.0,-0.014,0.0,-19.03,21.99,-14.86,4.822,3.79,4.939,-0.304,-0.1
Zone_26,26,University_District,STABLE,7678,75,75.0,37.9,0.505,20.73,58.9,3,Normal,Good,0,0,0,37.02,38.0,46.01,5.0,1.0,1.0,0.596,38.04,31.01,52.03,2.75,2.0,0.5,0.555,0.88,-17.27,12.89,-2.0,-0.091,1.0,2.38,-45.45,28.02,4.936,3.044,2.302,-1.412,0.0
Zone_26,27,University_District,STABLE,7678,75,75.0,41.92,0.559,27.45,56.52,7,Normal,Good,0,0,0,37.9,20.73,58.9,3.0,0.0,0.0,0.505,39.47,28.71,54.49,2.75,1.0,0.25,0.552,4.02,6.72,-2.38,4.0,0.054,-1.0,10.61,32.42,-4.04,5.46,-0.581,-0.675,-0.836,0.1
Zone_26,28,University_District,STABLE,7678,75,75.0,35.8,0.477,22.9,58.18,3,Normal,Good,0,0,0,41.92,27.45,56.52,7.0,0.0,0.0,0.559,40.64,29.33,53.87,4.0,1.0,0.25,0.568,-6.12,-4.55,1.66,-4.0,-0.082,0.0,-14.6,-16.58,2.94,4.663,-2.837,-1.052,2.033,-0.1
Zone_26,29,University_District,STABLE,7678,75,75.0,36.38,0.485,23.48,61.11,7,Normal,Good,0,0,0,35.8,22.9,58.18,3.0,0.0,0.0,0.477,38.16,27.27,54.9,4.5,1.0,0.25,0.534,0.58,0.58,2.93,4.0,0.008,0.0,1.62,2.53,5.04,4.738,-3.858,0.036,3.413,-0.3
Zone_26,30,University_District,STABLE,7678,75,75.0,31.12,0.415,19.2,61.78,3,Normal,Good,0,0,0,36.38,23.48,61.11,7.0,0.0,0.0,0.485,38.0,23.64,58.68,5.0,0.0,0.0,0.506,-5.26,-4.28,0.67,-4.0,-0.07,0.0,-14.46,-18.23,1.1,4.053,0.37,-1.068,0.829,0.0
Zone_26,31,University_District,STABLE,7678,75,43.88,21.86,0.498,30.31,37.63,4,Heavy Rain,Poor,0,0,0,31.12,19.2,61.78,3.0,0.0,0.0,0.415,36.3,23.26,59.4,5.0,0.0,0.0,0.484,-9.26,11.11,-24.15,1.0,0.083,0.0,-29.76,57.86,-39.09,2.847,-2.417,-3.182,1.871,0.0
Zone_26,32,University_District,STABLE,7678,75,75.0,26.52,0.354,13.25,61.69,2,Normal,Good,0,0,0,21.86,30.31,37.63,4.0,0.0,0.0,0.498,31.29,23.97,54.68,4.25,0.0,0.0,0.469,4.66,-17.06,24.06,-2.0,-0.144,0.0,21.32,-56.28,63.94,3.454,1.795,-4.708,-6.098,0.0
Zone_26,33,University_District,STABLE,7678,75,62.1,35.25,0.568,24.71,48.91,4,Light Rain,Moderate,0,0,0,26.52,13.25,61.69,2.0,0.0,0.0,0.354,28.97,21.56,55.55,4.0,0.0,0.0,0.438,8.73,11.46,-12.78,2.0,0.214,0.0,32.92,86.49,-20.72,4.591,-1.958,-3.884,-2.241,0.0
Zone_26,34,University_District,STABLE,7678,75,43.88,35.88,0.818,64.07,23.93,3,Heavy Rain,Poor,0,2,1,35.25,24.71,48.91,4.0,0.0,0.0,0.568,28.69,21.87,52.5,3.25,0.0,0.0,0.459,0.63,39.36,-24.98,-1.0,0.25,0.0,1.79,159.29,-51.07,4.673,-0.053,1.705,-1.455,0.0
Zone_26,35,University_District,STABLE,7678,75,43.88,37.91,0.864,64.45,23.42,9,Heavy Rain,Poor,0,3,1,35.88,64.07,23.93,3.0,2.0,1.0,0.818,29.88,33.08,43.04,3.25,2.0,0.25,0.56,2.03,0.38,-0.51,6.0,0.046,2.0,5.66,0.59,-2.13,4.937,11.274,5.079,-5.388,0.3
Zone_26,36,University_District,STABLE,7678,75,43.88,32.73,0.746,54.42,28.44,6,Heavy Rain,Poor,0,2,1,37.91,64.45,23.42,9.0,3.0,1.0,0.864,33.89,41.62,39.49,4.5,5.0,0.5,0.651,-5.18,-10.03,5.02,-3.0,-0.118,1.0,-13.66,-15.56,21.43,4.263,19.296,3.48,-13.979,0.4
Zone_26,37,University_District,STABLE,7678,75,75.0,33.92,0.452,17.8,60.58,0,Normal,Good,0,0,0,32.73,54.42,28.44,6.0,2.0,1.0,0.746,35.44,51.91,31.18,5.5,7.0,0.75,0.749,1.19,-36.62,32.14,-6.0,-0.294,-1.0,3.64,-67.29,113.01,4.418,8.951,-0.553,-6.192,0.3
Zone_26,38,University_District,STABLE,7678,75,75.0,35.05,0.467,19.99,62.29,1,Normal,Good,0,0,0,33.92,17.8,60.58,0.0,0.0,0.0,0.452,35.11,50.18,34.09,4.5,7.0,0.75,0.72,1.13,2.19,1.71,1.0,0.015,-2.0,3.33,12.3,2.82,4.565,-14.884,-1.106,11.497,-0.3
Zone_26,39,University_District,STABLE,7678,75,75.0,31.75,0.423,17.38,61.08,4,Normal,Good,0,0,0,35.05,19.99,62.29,1.0,0.0,0.0,0.467,34.9,39.17,43.68,4.0,5.0,0.5,0.632,-3.3,-2.61,-1.21,3.0,-0.044,0.0,-9.42,-13.06,-1.94,4.135,-17.0,-0.739,14.875,-0.4
Zone_26,40,University_District,STABLE,7678,75,75.0,35.88,0.478,20.07,61.7,2,Normal,Good,0,0,0,31.75,17.38,61.08,4.0,0.0,0.0,0.423,33.36,27.4,53.1,2.75,2.0,0.25,0.522,4.13,2.69,0.62,-2.0,0.055,0.0,13.01,15.48,1.02,4.673,-10.893,-0.181,9.963,-0.3
Zone_26,41,University_District,STABLE,7678,75,75.0,36.77,0.49,23.54,63.22,3,Normal,Good,0,0,0,35.88,20.07,61.7,2.0,0.0,0.0,0.478,34.15,18.81,61.41,1.75,0.0,0.0,0.455,0.89,3.47,1.52,1.0,0.012,0.0,2.48,17.29,2.46,4.789,0.42,0.258,0.215,0.0
Zone_26,42,University_District,STABLE,7678,75,75.0,35.37,0.472,24.13,56.39,5,Normal,Good,0,0,0,36.77,23.54,63.22,3.0,0.0,0.0,0.49,34.86,20.24,62.07,2.5,0.0,0.0,0.464,-1.4,0.59,-6.83,2.0,-0.018,0.0,-3.81,2.51,-10.8,4.607,1.334,0.929,0.341,0.0
Zone_26,43,University_District,STABLE,7678,75,75.0,42.28,0.564,27.43,55.98,5,Normal,Good,0,0,0,35.37,24.13,56.39,5.0,0.0,0.0,0.472,34.94,21.28,60.6,3.5,0.0,0.0,0.466,6.91,3.3,-0.41,0.0,0.092,0.0,19.54,13.68,-0.73,5.507,2.372,1.175,-1.255,0.0
Zone_26,44,University_District,STABLE,7678,75,75.0,40.0,0.533,28.27,58.9,5,Normal,Good,0,1,1,42.28,27.43,55.98,5.0,0.0,0.0,0.564,37.58,23.79,59.32,3.75,0.0,0.0,0.501,-2.28,0.84,2.92,0.0,-0.031,0.0,-5.39,3.06,5.22,5.21,2.267,1.78,-2.399,0.0
Zone_26,45,University_District,STABLE,7678,75,75.0,37.23,0.496,23.06,60.73,3,Normal,Good,0,0,0,40.0,28.27,58.9,5.0,1.0,1.0,0.533,38.6,25.84,58.62,4.5,1.0,0.25,0.515,-2.77,-5.21,1.83,-2.0,-0.037,1.0,-6.92,-18.43,3.11,4.849,1.749,1.66,-1.337,0.3
Zone_26,46,University_District,STABLE,7678,75,62.1,42.23,0.68,40.47,45.99,5,Light Rain,Moderate,0,2,1,37.23,23.06,60.73,3.0,0.0,0.0,0.496,38.72,25.72,58.0,4.5,1.0,0.25,0.516,5.0,17.41,-14.74,2.0,0.184,-1.0,13.43,75.5,-24.27,5.5,-0.237,0.33,1.594,0.1
Zone_26,47,University_District,STABLE,7678,75,62.1,34.79,0.56,30.07,50.59,5,Light Rain,Moderate,0,0,0,42.23,40.47,45.99,5.0,2.0,1.0,0.68,40.43,29.81,55.4,4.5,3.0,0.5,0.568,-7.44,-10.4,4.6,0.0,-0.12,2.0,-17.62,-25.7,10.0,4.531,3.391,-0.292,-2.814,0.2
Zone_26,48,University_District,STABLE,7678,75,62.1,36.92,0.595,34.74,46.3,5,Light Rain,Moderate,0,0,0,34.79,30.07,50.59,5.0,0.0,0.0,0.56,38.56,30.47,54.05,4.5,3.0,0.5,0.567,2.13,4.67,-4.29,0.0,0.035,-2.0,6.12,15.53,-8.48,4.809,2.281,-1.063,-3.967,-0.2
Zone_26,49,University_District,STABLE,7678,75,75.0,35.48,0.473,20.62,58.43,3,Normal,Good,0,0,0,36.92,34.74,46.3,5.0,0.0,0.0,0.595,37.79,32.08,50.9,4.5,2.0,0.25,0.583,-1.44,-14.12,12.13,-2.0,-0.122,0.0,-3.9,-40.64,26.2,4.621,2.464,-0.837,-3.869,-0.1
Zone_26,50,University_District,STABLE,7678,75,75.0,34.3,0.457,23.28,62.68,5,Normal,Good,0,0,0,35.48,20.62,58.43,3.0,0.0,0.0,0.473,37.35,31.48,50.33,4.5,2.0,0.25,0.577,-1.18,2.66,4.25,2.0,-0.016,0.0,-3.33,12.9,7.27,4.467,-5.488,-1.812,3.303,-0.3
Zone_26,51,University_District,STABLE,7678,75,75.0,35.85,0.478,22.35,60.61,5,Normal,Good,0,0,0,34.3,23.28,62.68,5.0,0.0,0.0,0.457,35.37,27.18,54.5,4.5,0.0,0.0,0.521,1.55,-0.93,-2.07,0.0,0.021,0.0,4.52,-3.99,-3.3,4.669,-3.449,-0.291,4.84,0.0
Zone_26,52,University_District,STABLE,7678,75,75.0,35.57,0.474,23.18,61.04,2,Normal,Good,0,0,0,35.85,22.35,60.61,5.0,0.0,0.0,0.478,35.64,25.25,57.0,4.5,0.0,0.0,0.501,-0.28,0.83,0.43,-3.0,-0.004,0.0,-0.78,3.71,0.71,4.633,-3.451,-0.439,4.718,0.0
Zone_27,1,Suburban_LowDensity,PERIODIC_SPIKE,4357,81,81.0,16.17,0.2,5.55,64.49,0,Normal,Good,0,0,0,,,,,,,,,,,,,,,,,,,,,,,,3.711,,,,
Zone_27,2,Suburban_LowDensity,PERIODIC_SPIKE,4357,81,67.07,16.01,0.239,12.55,54.77,5,Light Rain,Moderate,0,0,0,16.17,5.55,64.49,0.0,0.0,0.0,0.2,,,,,,,,-0.16,7.0,-9.72,5.0,0.039,,-0.99,126.12,-15.07,3.675,,,,
Zone_27,3,Suburban_LowDensity,PERIODIC_SPIKE,4357,81,81.0,13.22,0.163,7.74,65.27,1,Normal,Good,0,0,0,16.01,12.55,54.77,5.0,0.0,0.0,0.239,,,,,,,,-2.79,-4.81,10.5,-4.0,-0.076,0.0,-17.43,-38.33,19.17,3.034,,,,
Zone_27,4,Suburban_LowDensity,PERIODIC_SPIKE,4357,81,81.0,13.7,0.169,6.3,64.47,5,Normal,Good,0,0,0,13.22,7.74,65.27,1.0,0.0,0.0,0.163,,,,,,,,0.48,-1.44,-0.8,4.0,0.006,0.0,3.63,-18.6,-1.23,3.144,,,,
Zone_27,5,Suburban_LowDensity,PERIODIC_SPIKE,4357,81,72.9,20.8,0.285,15.91,61.92,6,Normal,Good,1,0,0,13.7,6.3,64.47,5.0,0.0,0.0,0.169,14.78,8.04,62.25,2.75,0.0,0.0,0.193,7.1,9.61,-2.55,1.0,0.116,0.0,51.82,152.54,-3.96,4.774,-0.256,-1.02,1.044,0.0
Zone_27,6,Suburban_LowDensity,PERIODIC_SPIKE,4357,81,81.0,22.31,0.275,13.93,65.74,4,Normal,Good,0,0,0,20.8,15.91,61.92,6.0,0.0,0.0,0.285,15.93,10.62,61.61,4.25,0.0,0.0,0.214,1.51,-1.98,3.82,-2.0,-0.01,0.0,7.26,-12.44,6.17,5.12,0.864,1.485,2.065,0.0
Zone_27,7,Suburban_LowDensity,PERIODIC_SPIKE,4357,81,81.0,8.74,0.108,5.09,60.22,1,Normal,Good,0,0,0,22.31,13.93,65.74,4.0,0.0,0.0,0.275,17.51,10.97,64.35,4.0,0.0,0.0,0.223,-13.57,-8.84,-5.52,-3.0,-0.167,0.0,-60.82,-63.46,-8.4,2.006,2.818,3.437,-0.114,0.0
Zone_27,8,Suburban_LowDensity,PERIODIC_SPIKE,4357,81,81.0,9.84,0.121,4.17,65.5,1,Normal,Good,0,0,0,8.74,5.09,60.22,1.0,0.0,0.0,0.108,16.39,10.31,63.09,4.0,0.0,0.0,0.209,1.1,-0.92,5.28,0.0,0.013,0.0,12.59,-18.07,8.77,2.258,-0.561,-1.337,-0.893,0.0
Zone_27,9,Suburban_LowDensity,PERIODIC_SPIKE,4357,81,67.07,5.32,0.079,8.84,56.73,3,Light Rain,Moderate,0,0,0,9.84,4.17,65.5,1.0,0.0,0.0,0.121,15.42,9.78,63.34,3.0,0.0,0.0,0.197,-4.52,4.67,-8.77,2.0,-0.042,0.0,-45.93,111.99,-13.39,1.221,-4.406,-4.645,0.522,0.0
Zone_27,10,Suburban_LowDensity,PERIODIC_SPIKE,4357,81,72.9,11.0,0.151,6.35,64.34,2,Normal,Good,1,0,0,5.32,8.84,56.73,3.0,0.0,0.0,0.079,11.55,8.01,62.05,2.25,0.0,0.0,0.146,5.68,-2.49,7.61,-1.0,0.072,0.0,106.76,-28.17,13.41,2.525,-1.619,-4.987,-2.175,0.0
Zone_27,11,Suburban_LowDensity,PERIODIC_SPIKE,4357,81,81.0,10.59,0.131,7.12,63.78,0,Normal,Good,0,1,1,11.0,6.35,64.34,2.0,0.0,0.0,0.151,8.72,6.11,61.7,1.75,0.0,0.0,0.115,-0.41,0.77,-0.56,-2.0,-0.02,0.0,-3.73,12.13,-0.87,2.431,0.845,0.226,0.359,0.0
Zone_27,12,Suburban_LowDensity,PERIODIC_SPIKE,4357,81,81.0,8.48,0.105,4.73,65.86,3,Normal,Good,0,0,0,10.59,7.12,63.78,0.0,1.0,1.0,0.131,9.19,6.62,62.59,1.5,1.0,0.25,0.12,-2.11,-2.39,2.08,3.0,-0.026,1.0,-19.92,-33.57,3.26,1.946,0.636,0.793,0.245,0.3
Zone_27,13,Suburban_LowDensity,PERIODIC_SPIKE,4357,81,81.0,10.46,0.129,5.94,64.52,3,Normal,Good,0,0,0,8.48,4.73,65.86,3.0,0.0,0.0,0.105,8.85,6.76,62.68,2.0,1.0,0.25,0.116,1.98,1.21,-1.34,0.0,0.024,-1.0,23.35,25.58,-2.03,2.401,-1.156,0.907,2.683,0.1
Zone_27,14,Suburban_LowDensity,PERIODIC_SPIKE,4357,81,81.0,11.04,0.136,8.22,65.6,2,Normal,Good,0,0,0,10.46,5.94,64.52,3.0,0.0,0.0,0.129,10.13,6.04,64.62,2.0,1.0,0.25,0.129,0.58,2.28,1.08,-1.0,0.007,0.0,5.54,38.38,1.67,2.534,-0.362,-0.373,0.262,-0.1
Zone_27,15,Suburban_LowDensity,PERIODIC_SPIKE,4357,81,72.9,31.35,0.43,19.96,57.75,3,Normal,Good,1,1,1,11.04,8.22,65.6,2.0,0.0,0.0,0.136,10.14,6.5,64.94,2.0,1.0,0.25,0.125,20.31,11.74,-7.85,1.0,0.294,0.0,183.97,142.82,-11.97,7.195,0.451,0.333,0.412,-0.3
Zone_27,16,Suburban_LowDensity,PERIODIC_SPIKE,4357,81,81.0,18.19,0.225,13.64,61.15,2,Normal,Good,0,0,0,31.35,19.96,57.75,3.0,1.0,1.0,0.43,15.33,9.71,63.43,2.75,1.0,0.25,0.2,-13.16,-6.32,3.4,-1.0,-0.205,1.0,-41.98,-31.66,5.89,4.175,4.797,6.919,-2.325,0.3
Zone_27,17,Suburban_LowDensity,PERIODIC_SPIKE,4357,81,67.07,18.22,0.272,16.1,54.33,0,Light Rain,Moderate,0,0,0,18.19,13.64,61.15,2.0,0.0,0.0,0.225,17.76,11.94,62.26,2.5,1.0,0.25,0.23,0.03,2.46,-6.82,-2.0,0.047,-1.0,0.16,18.04,-11.15,4.182,3.484,4.35,-1.796,0.1
Zone_27,18,Suburban_LowDensity,PERIODIC_SPIKE,4357,81,81.0,10.34,0.128,11.46,62.3,0,Normal,Good,0,0,0,18.22,16.1,54.33,0.0,0.0,0.0,0.272,19.7,14.48,59.71,1.75,1.0,0.25,0.266,-7.88,-4.64,7.97,0.0,-0.144,0.0,-43.25,-28.82,14.67,2.373,1.732,0.838,-3.041,-0.1
Zone_27,19,Suburban_LowDensity,PERIODIC_SPIKE,4357,81,81.0,7.21,0.089,4.46,63.48,3,Normal,Good,0,0,0,10.34,11.46,62.3,0.0,0.0,0.0,0.128,19.52,15.29,58.88,1.25,1.0,0.25,0.264,-3.13,-7.0,1.18,3.0,-0.039,0.0,-30.27,-61.08,1.89,1.655,-2.304,-6.3,0.683,-0.3
Zone_27,20,Suburban_LowDensity,PERIODIC_SPIKE,4357,81,72.9,16.47,0.226,15.4,62.62,8,Normal,Good,1,1,1,7.21,4.46,63.48,3.0,0.0,0.0,0.089,13.49,11.42,60.32,1.25,0.0,0.0,0.179,9.26,10.94,-0.86,5.0,0.137,0.0,128.43,245.29,-1.35,3.78,-3.218,-4.082,1.496,0.0
Zone_27,21,Suburban_LowDensity,PERIODIC_SPIKE,4357,81,81.0,16.98,0.21,8.37,63.28,1,Normal,Good,0,0,0,16.47,15.4,62.62,8.0,1.0,1.0,0.226,13.06,11.86,60.68,2.75,1.0,0.25,0.179,0.51,-7.03,0.66,-7.0,-0.016,1.0,3.1,-45.65,1.05,3.897,-0.91,-0.838,2.605,0.3
Zone_27,22,Suburban_LowDensity,PERIODIC_SPIKE,4357,81,81.0,13.71,0.169,11.75,61.12,3,Normal,Good,0,0,0,16.98,8.37,63.28,1.0,0.0,0.0,0.21,12.75,9.92,62.92,3.0,1.0,0.25,0.163,-3.27,3.38,-2.16,2.0,-0.041,-1.0,-19.26,40.38,-3.41,3.147,0.167,2.918,0.208,0.1
Zone_27,23,Suburban_LowDensity,PERIODIC_SPIKE,4357,81,81.0,14.29,0.176,12.09,63.42,4,Normal,Good,0,0,0,13.71,11.75,61.12,3.0,0.0,0.0,0.169,13.59,9.99,62.62,3.75,1.0,0.25,0.174,0.58,0.34,2.3,1.0,0.007,0.0,4.23,2.89,3.76,3.28,1.484,2.001,-0.642,-0.1
Zone_27,24,Suburban_LowDensity,PERIODIC_SPIKE,4357,81,81.0,11.11,0.137,10.19,63.71,2,Normal,Good,0,0,0,14.29,12.09,63.42,4.0,0.0,0.0,0.176,15.36,11.9,62.61,4.0,1.0,0.25,0.195,-3.18,-1.9,0.29,-2.0,-0.039,0.0,-22.25,-15.72,0.46,2.55,-0.655,-0.981,0.024,-0.3
Zone_27,25,Suburban_LowDensity,PERIODIC_SPIKE,4357,81,72.9,18.54,0.254,9.38,64.01,9,Normal,Good,1,0,0,11.11,10.19,63.71,2.0,0.0,0.0,0.137,14.02,10.6,62.88,2.5,0.0,0.0,0.173,7.43,-0.81,0.3,7.0,0.117,0.0,66.88,-7.95,0.47,4.255,0.58,-1.703,0.359,0.0
Zone_27,26,Suburban_LowDensity,PERIODIC_SPIKE,4357,81,67.07,15.77,0.235,11.15,55.06,4,Light Rain,Moderate,0,0,0,18.54,9.38,64.01,9.0,0.0,0.0,0.254,14.41,10.85,63.06,4.5,0.0,0.0,0.184,-2.77,1.77,-8.95,-5.0,-0.019,0.0,-14.94,18.87,-13.98,3.619,-0.901,1.131,0.896,0.0
Zone_27,27,Suburban_LowDensity,PERIODIC_SPIKE,4357,81,81.0,10.74,0.133,12.1,63.05,3,Normal,Good,0,0,0,15.77,11.15,55.06,4.0,0.0,0.0,0.235,14.93,10.7,61.55,4.75,0.0,0.0,0.2,-5.03,0.95,7.99,-1.0,-0.102,0.0,-31.9,8.52,14.51,2.465,-0.363,1.187,-2.478,0.0
Zone_27,28,Suburban_LowDensity,PERIODIC_SPIKE,4357,81,81.0,13.04,0.161,7.71,64.91,5,Normal,Good,0,0,0,10.74,12.1,63.05,3.0,0.0,0.0,0.133,14.04,10.7,61.46,4.5,0.0,0.0,0.19,2.3,-4.39,1.86,2.0,0.028,0.0,21.42,-36.28,2.95,2.993,0.75,-0.388,-1.093,0.0
Zone_27,29,Suburban_LowDensity,PERIODIC_SPIKE,4357,81,81.0,11.68,0.144,10.0,60.71,2,Normal,Good,0,0,0,13.04,7.71,64.91,5.0,0.0,0.0,0.161,14.52,10.09,61.76,5.25,0.0,0.0,0.196,-1.36,2.29,-4.2,-3.0,-0.017,0.0,-10.43,29.7,-6.47,2.681,-0.406,-2.153,1.069,0.0
Zone_27,30,Suburban_LowDensity,PERIODIC_SPIKE,4357,81,72.9,16.14,0.221,14.38,63.02,6,Normal,Good,1,0,0,11.68,10.0,60.71,2.0,0.0,0.0,0.144,12.81,10.24,60.93,3.5,0.0,0.0,0.168,4.46,4.38,2.31,4.0,0.077,0.0,38.18,43.8,3.8,3.704,-0.784,-0.997,1.881,0.0
Zone_27,31,Suburban_LowDensity,PERIODIC_SPIKE,4357,81,47.38,13.9,0.293,17.28,38.35,6,Heavy Rain,Poor,0,1,1,16.14,14.38,63.02,6.0,0.0,0.0,0.221,12.9,11.05,62.92,4.0,0.0,0.0,0.165,-2.24,2.9,-24.67,0.0,0.072,0.0,-13.88,20.17,-39.15,3.19,0.913,1.484,-0.429,0.0
Zone_27,32,Suburban_LowDensity,PERIODIC_SPIKE,4357,81,67.07,14.61,0.218,14.43,55.33,0,Light Rain,Moderate,0,0,0,13.9,17.28,38.35,6.0,1.0,1.0,0.293,13.69,12.34,56.75,4.75,1.0,0.25,0.205,0.71,-2.85,16.98,-6.0,-0.075,1.0,5.11,-16.49,44.28,3.353,3.309,0.704,-7.737,0.3
Zone_27,33,Suburban_LowDensity,PERIODIC_SPIKE,4357,81,67.07,5.38,0.08,8.12,57.39,5,Light Rain,Moderate,0,0,0,14.61,14.43,55.33,0.0,0.0,0.0,0.218,14.08,14.02,54.35,3.5,1.0,0.25,0.219,-9.23,-6.31,2.06,5.0,-0.138,-1.0,-63.18,-43.73,3.72,1.235,1.619,0.655,-4.081,0.1
Zone_27,34,Suburban_LowDensity,PERIODIC_SPIKE,4357,81,81.0,10.27,0.127,8.0,63.82,1,Normal,Good,0,0,0,5.38,8.12,57.39,5.0,0.0,0.0,0.08,12.51,13.55,53.52,4.25,1.0,0.25,0.203,4.89,-0.12,6.43,-4.0,0.047,0.0,90.89,-1.48,11.2,2.357,-2.163,-3.157,0.009,-0.1
Zone_27,35,Suburban_LowDensity,PERIODIC_SPIKE,4357,81,42.65,16.03,0.376,20.27,38.9,5,Heavy Rain,Poor,1,0,0,10.27,8.0,63.82,1.0,0.0,0.0,0.127,11.04,11.96,53.72,3.0,1.0,0.25,0.18,5.76,12.27,-24.92,4.0,0.249,0.0,56.09,153.37,-39.05,3.679,-3.415,-2.012,7.847,-0.3
Zone_27,36,Suburban_LowDensity,PERIODIC_SPIKE,4357,81,81.0,21.35,0.264,14.99,60.83,1,Normal,Good,0,0,0,16.03,20.27,38.9,5.0,0.0,0.0,0.376,11.57,12.7,53.86,2.75,0.0,0.0,0.2,5.32,-5.28,21.93,-4.0,-0.112,0.0,33.19,-26.05,56.38,4.9,1.74,0.915,-4.286,0.0
Zone_27,37,Suburban_LowDensity,PERIODIC_SPIKE,4357,81,81.0,19.87,0.245,11.21,64.23,2,Normal,Good,0,0,0,21.35,14.99,60.83,1.0,0.0,0.0,0.264,13.26,12.84,55.24,3.0,0.0,0.0,0.212,-1.48,-3.78,3.4,1.0,-0.019,0.0,-6.93,-25.22,5.59,4.56,3.288,5.367,-1.46,0.0
Zone_27,38,Suburban_LowDensity,PERIODIC_SPIKE,4357,81,81.0,18.82,0.232,13.87,61.8,5,Normal,Good,0,0,0,19.87,11.21,64.23,2.0,0.0,0.0,0.245,16.88,13.62,56.94,2.25,0.0,0.0,0.253,-1.05,2.66,-2.43,3.0,-0.013,0.0,-5.28,23.73,-3.78,4.319,0.435,3.412,2.316,0.0
Zone_27,39,Suburban_LowDensity,PERIODIC_SPIKE,4357,81,81.0,11.42,0.141,6.17,65.86,1,Normal,Good,0,0,0,18.82,13.87,61.8,5.0,0.0,0.0,0.232,19.02,15.08,56.44,3.25,0.0,0.0,0.279,-7.4,-7.7,4.06,-4.0,-0.091,0.0,-39.32,-55.52,6.57,2.621,-2.298,0.689,7.21,0.0
Zone_27,40,Suburban_LowDensity,PERIODIC_SPIKE,4357,81,72.9,19.59,0.269,13.81,63.49,4,Normal,Good,1,0,0,11.42,6.17,65.86,1.0,0.0,0.0,0.141,17.87,11.56,63.18,2.25,0.0,0.0,0.221,8.17,7.64,-2.37,3.0,0.128,0.0,71.54,123.82,-3.6,4.496,-2.38,-3.084,1.266,0.0
Zone_27,41,Suburban_LowDensity,PERIODIC_SPIKE,4357,81,81.0,13.64,0.168,12.47,63.64,2,Normal,Good,0,0,0,19.59,13.81,63.49,4.0,0.0,0.0,0.269,17.42,11.26,63.84,3.0,0.0,0.0,0.222,-5.95,-1.34,0.15,-2.0,-0.101,0.0,-30.37,-9.7,0.24,3.131,0.01,-0.824,0.184,0.0
Zone_27,42,Suburban_LowDensity,PERIODIC_SPIKE,4357,81,81.0,19.64,0.242,9.14,63.76,0,Normal,Good,0,0,0,13.64,12.47,63.64,2.0,0.0,0.0,0.168,15.87,11.58,63.7,3.0,0.0,0.0,0.202,6.0,-3.33,0.12,-2.0,0.074,0.0,43.99,-26.7,0.19,4.508,0.344,-0.737,0.315,0.0
Zone_27,43,Suburban_LowDensity,PERIODIC_SPIKE,4357,81,81.0,10.19,0.126,7.5,61.68,1,Normal,Good,0,0,0,19.64,9.14,63.76,0.0,0.0,0.0,0.242,16.07,10.4,64.19,1.75,0.0,0.0,0.205,-9.45,-1.64,-2.08,1.0,-0.116,0.0,-48.12,-17.94,-3.26,2.339,0.757,1.871,-0.615,0.0
Zone_27,44,Suburban_LowDensity,PERIODIC_SPIKE,4357,81,81.0,11.99,0.148,9.12,61.21,5,Normal,Good,0,0,0,10.19,7.5,61.68,1.0,0.0,0.0,0.126,15.76,10.73,63.14,1.75,0.0,0.0,0.201,1.8,1.62,-0.47,4.0,0.022,0.0,17.66,21.6,-0.76,2.752,-2.226,-2.22,-0.531,0.0
Zone_27,45,Suburban_LowDensity,PERIODIC_SPIKE,4357,81,72.9,14.34,0.197,10.49,65.07,6,Normal,Good,1,0,0,11.99,9.12,61.21,5.0,0.0,0.0,0.148,13.86,9.56,62.57,2.0,0.0,0.0,0.171,2.35,1.37,3.86,1.0,0.049,0.0,19.6,15.02,6.31,3.291,-1.169,-1.44,-0.937,0.0
Zone_27,46,Suburban_LowDensity,PERIODIC_SPIKE,4357,81,81.0,4.12,0.051,7.22,62.76,1,Normal,Good,0,0,0,14.34,10.49,65.07,6.0,0.0,0.0,0.197,14.04,9.06,62.93,3.0,0.0,0.0,0.178,-10.22,-3.27,-2.31,-5.0,-0.146,0.0,-71.27,-31.17,-3.55,0.946,0.567,-1.41,0.346,0.0
Zone_27,47,Suburban_LowDensity,PERIODIC_SPIKE,4357,81,81.0,5.15,0.064,8.17,65.89,4,Normal,Good,0,0,0,4.12,7.22,62.76,1.0,0.0,0.0,0.051,10.16,8.58,62.68,3.25,0.0,0.0,0.13,1.03,0.95,3.13,3.0,0.013,0.0,25.0,13.16,4.99,1.182,0.053,-1.586,0.71,0.0
Zone_27,48,Suburban_LowDensity,PERIODIC_SPIKE,4357,81,81.0,12.27,0.151,8.86,64.53,1,Normal,Good,0,0,0,5.15,8.17,65.89,4.0,0.0,0.0,0.064,8.9,8.75,63.73,4.0,0.0,0.0,0.115,7.12,0.69,-1.36,-3.0,0.087,0.0,138.25,8.45,-2.06,2.816,-0.612,-3.074,1.173,0.0
Zone_27,49,Suburban_LowDensity,PERIODIC_SPIKE,4357,81,81.0,12.53,0.155,7.64,65.79,2,Normal,Good,0,0,0,12.27,8.86,64.53,1.0,0.0,0.0,0.151,8.97,8.68,64.56,3.0,0.0,0.0,0.116,0.26,-1.22,1.26,1.0,0.004,0.0,2.12,-13.77,1.95,2.876,-0.394,-0.518,0.151,0.0
Zone_27,50,Suburban_LowDensity,PERIODIC_SPIKE,4357,81,60.36,18.67,0.309,14.57,55.53,8,Light Rain,Moderate,1,0,0,12.53,7.64,65.79,2.0,0.0,0.0,0.155,8.52,7.97,64.74,2.0,0.0,0.0,0.105,6.14,6.93,-10.26,6.0,0.154,0.0,49.0,90.71,-15.6,4.285,0.195,3.235,0.773,0.0
Zone_27,51,Suburban_LowDensity,PERIODIC_SPIKE,4357,81,81.0,13.74,0.17,11.47,61.66,2,Normal,Good,0,0,0,18.67,14.57,55.53,8.0,0.0,0.0,0.309,12.16,9.81,62.94,3.75,0.0,0.0,0.17,-4.93,-3.1,6.13,-6.0,-0.139,0.0,-26.41,-21.28,11.04,3.154,1.798,4.082,-2.982,0.0
Zone_27,52,Suburban_LowDensity,PERIODIC_SPIKE,4357,81,67.07,17.94,0.267,9.68,54.91,1,Light Rain,Moderate,0,0,0,13.74,11.47,61.66,2.0,0.0,0.0,0.17,14.3,10.64,61.88,3.25,0.0,0.0,0.196,4.2,-1.79,-6.75,-1.0,0.097,0.0,30.57,-15.61,-10.95,4.118,1.476,1.055,-1.887,0.0
Zone_28,1,Highway_Junction,PERIODIC_SPIKE,1845,83,83.0,5.84,0.07,6.56,66.51,3,Normal,Good,0,1,1,,,,,,,,,,,,,,,,,,,,,,,,3.165,,,,
Zone_28,2,Highway_Junction,PERIODIC_SPIKE,1845,83,83.0,2.81,0.034,4.68,63.55,2,Normal,Good,0,0,0,5.84,6.56,66.51,3.0,1.0,1.0,0.07,,,,,,,,-3.03,-1.88,-2.96,-1.0,-0.036,,-51.88,-28.66,-4.45,1.523,,,,
Zone_28,3,Highway_Junction,PERIODIC_SPIKE,1845,83,83.0,1.83,0.022,7.04,65.91,4,Normal,Good,0,0,0,2.81,4.68,63.55,2.0,0.0,0.0,0.034,,,,,,,,-0.98,2.36,2.36,2.0,-0.012,-1.0,-34.87,50.43,3.71,0.992,,,,
Zone_28,4,Highway_Junction,PERIODIC_SPIKE,1845,83,83.0,2.06,0.025,1.99,66.69,1,Normal,Good,0,0,0,1.83,7.04,65.91,4.0,0.0,0.0,0.022,,,,,,,,0.23,-5.05,0.78,-3.0,0.003,0.0,12.57,-71.73,1.18,1.117,,,,
Zone_28,5,Highway_Junction,PERIODIC_SPIKE,1845,83,74.7,10.3,0.138,8.73,65.48,9,Normal,Good,1,0,0,2.06,1.99,66.69,1.0,0.0,0.0,0.025,3.14,5.07,65.66,2.5,1.0,0.25,0.038,8.24,6.74,-1.21,8.0,0.113,0.0,399.98,338.68,-1.81,5.583,-1.135,-1.232,0.29,-0.3
Zone_28,6,Highway_Junction,PERIODIC_SPIKE,1845,83,68.72,3.39,0.049,8.54,54.95,3,Light Rain,Moderate,0,0,0,10.3,8.73,65.48,9.0,0.0,0.0,0.138,4.25,5.61,65.41,4.0,0.0,0.0,0.055,-6.91,-0.19,-10.53,-6.0,-0.089,0.0,-67.09,-2.18,-16.08,1.837,0.71,2.27,0.657,0.0
Zone_28,7,Highway_Junction,PERIODIC_SPIKE,1845,83,83.0,4.5,0.054,1.99,63.3,1,Normal,Good,0,0,0,3.39,8.54,54.95,3.0,0.0,0.0,0.049,4.39,6.58,63.26,4.25,0.0,0.0,0.059,1.11,-6.55,8.35,-2.0,0.005,0.0,32.74,-76.7,15.2,2.439,1.124,1.292,-3.409,0.0
Zone_28,8,Highway_Junction,PERIODIC_SPIKE,1845,83,83.0,5.18,0.062,4.04,67.47,2,Normal,Good,0,0,0,4.5,1.99,63.3,1.0,0.0,0.0,0.054,5.06,5.31,62.6,3.5,0.0,0.0,0.066,0.68,2.05,4.17,1.0,0.008,0.0,15.11,103.01,6.59,2.808,-0.019,0.041,-2.07,0.0
Zone_28,9,Highway_Junction,PERIODIC_SPIKE,1845,83,83.0,9.49,0.114,13.82,58.29,2,Normal,Good,0,0,0,5.18,4.04,67.47,2.0,0.0,0.0,0.062,5.84,5.82,62.8,3.75,0.0,0.0,0.076,4.31,9.78,-9.18,0.0,0.052,0.0,83.2,242.07,-13.61,5.144,-2.062,-1.425,1.432,0.0
Zone_28,10,Highway_Junction,PERIODIC_SPIKE,1845,83,74.7,13.96,0.187,9.39,57.95,4,Normal,Good,1,0,0,9.49,13.82,58.29,2.0,0.0,0.0,0.114,5.64,7.1,61.0,2.0,0.0,0.0,0.07,4.47,-4.43,-0.34,2.0,0.073,0.0,47.1,-32.05,-0.58,7.566,1.789,1.898,1.419,0.0
Zone_28,11,Highway_Junction,PERIODIC_SPIKE,1845,83,83.0,15.64,0.188,12.0,60.81,10,Normal,Good,0,0,0,13.96,9.39,57.95,4.0,0.0,0.0,0.187,8.28,7.31,61.75,2.25,0.0,0.0,0.104,1.68,2.61,2.86,6.0,0.001,0.0,12.03,27.8,4.94,8.477,3.198,3.269,-2.523,0.0
Zone_28,12,Highway_Junction,PERIODIC_SPIKE,1845,83,83.0,13.99,0.169,8.2,63.66,2,Normal,Good,0,0,0,15.64,12.0,60.81,10.0,0.0,0.0,0.188,11.07,9.81,61.13,4.5,0.0,0.0,0.138,-1.65,-3.8,2.85,-8.0,-0.019,0.0,-10.55,-31.67,4.69,7.583,1.945,3.585,-2.032,0.0
Zone_28,13,Highway_Junction,PERIODIC_SPIKE,1845,83,83.0,7.08,0.085,9.6,63.02,2,Normal,Good,0,0,0,13.99,8.2,63.66,2.0,0.0,0.0,0.169,13.27,10.85,60.18,4.5,0.0,0.0,0.164,-6.91,1.4,-0.64,0.0,-0.084,0.0,-49.39,17.07,-1.01,3.837,-1.425,1.518,1.897,0.0
Zone_28,14,Highway_Junction,PERIODIC_SPIKE,1845,83,83.0,7.76,0.093,6.44,64.78,6,Normal,Good,0,0,0,7.08,9.6,63.02,2.0,0.0,0.0,0.085,12.67,9.8,61.36,4.5,0.0,0.0,0.157,0.68,-3.16,1.76,4.0,0.008,0.0,9.6,-32.92,2.79,4.206,-0.317,-2.229,1.806,0.0
Zone_28,15,Highway_Junction,PERIODIC_SPIKE,1845,83,74.7,7.28,0.097,10.08,62.87,3,Normal,Good,1,0,0,7.76,6.44,64.78,6.0,0.0,0.0,0.093,11.12,9.06,63.07,5.0,0.0,0.0,0.134,-0.48,3.64,-1.91,-3.0,0.004,0.0,-6.19,56.52,-2.95,3.946,-1.528,-3.055,1.127,0.0
Zone_28,16,Highway_Junction,PERIODIC_SPIKE,1845,83,83.0,11.96,0.144,7.28,64.81,5,Normal,Good,0,0,0,7.28,10.08,62.87,3.0,0.0,0.0,0.097,9.03,8.58,63.58,3.25,0.0,0.0,0.111,4.68,-2.8,1.94,2.0,0.047,0.0,64.28,-27.78,3.09,6.482,0.248,-1.945,-0.061,0.0
Zone_28,17,Highway_Junction,PERIODIC_SPIKE,1845,83,83.0,11.41,0.137,5.98,62.94,5,Normal,Good,0,0,0,11.96,7.28,64.81,5.0,0.0,0.0,0.144,8.52,8.35,63.87,4.0,0.0,0.0,0.105,-0.55,-1.3,-1.87,0.0,-0.007,0.0,-4.6,-17.86,-2.89,6.184,-0.332,1.416,0.346,0.0
Zone_28,18,Highway_Junction,PERIODIC_SPIKE,1845,83,68.72,4.87,0.071,8.27,56.8,3,Light Rain,Moderate,0,0,0,11.41,5.98,62.94,5.0,0.0,0.0,0.137,9.6,7.44,63.85,4.75,0.0,0.0,0.118,-6.54,2.29,-6.14,-2.0,-0.066,0.0,-57.32,38.29,-9.76,2.64,-0.418,1.563,-0.358,0.0
Zone_28,19,Highway_Junction,PERIODIC_SPIKE,1845,83,83.0,9.52,0.115,9.78,61.08,5,Normal,Good,0,0,0,4.87,8.27,56.8,3.0,0.0,0.0,0.071,8.88,7.9,61.86,4.0,0.0,0.0,0.112,4.65,1.51,4.28,2.0,0.044,0.0,95.48,18.26,7.54,5.16,-0.673,-0.778,-2.008,0.0
Zone_28,20,Highway_Junction,PERIODIC_SPIKE,1845,83,61.85,10.2,0.165,6.32,56.43,4,Light Rain,Moderate,1,0,0,9.52,9.78,61.08,5.0,0.0,0.0,0.115,9.44,7.83,61.41,4.5,0.0,0.0,0.117,0.68,-3.46,-4.65,-1.0,0.05,0.0,7.14,-35.38,-7.61,5.528,0.979,-1.386,-1.733,0.0
Zone_28,21,Highway_Junction,PERIODIC_SPIKE,1845,83,83.0,11.88,0.143,5.55,62.88,5,Normal,Good,0,0,0,10.2,6.32,56.43,4.0,0.0,0.0,0.165,9.0,7.59,59.31,4.25,0.0,0.0,0.122,1.68,-0.77,6.45,1.0,-0.022,0.0,16.47,-12.18,11.43,6.439,0.253,0.102,-1.525,0.0
Zone_28,22,Highway_Junction,PERIODIC_SPIKE,1845,83,68.72,8.47,0.123,11.4,57.67,5,Light Rain,Moderate,0,0,0,11.88,5.55,62.88,5.0,0.0,0.0,0.143,9.12,7.48,59.3,4.25,0.0,0.0,0.124,-3.41,5.85,-5.21,0.0,-0.02,0.0,-28.7,105.4,-8.29,4.591,-1.162,2.171,1.359,0.0
Zone_28,23,Highway_Junction,PERIODIC_SPIKE,1845,83,83.0,11.82,0.142,7.1,63.72,4,Normal,Good,0,0,0,8.47,11.4,57.67,5.0,0.0,0.0,0.123,10.02,8.26,59.52,4.75,0.0,0.0,0.136,3.35,-4.3,6.05,-1.0,0.019,0.0,39.55,-37.72,10.49,6.407,0.409,-0.147,-0.378,0.0
Zone_28,24,Highway_Junction,PERIODIC_SPIKE,1845,83,83.0,4.84,0.058,7.21,65.95,6,Normal,Good,0,0,0,11.82,7.1,63.72,4.0,0.0,0.0,0.142,10.59,7.59,60.18,4.5,0.0,0.0,0.143,-6.98,0.11,2.23,2.0,-0.084,0.0,-59.05,1.55,3.5,2.623,0.819,0.145,1.666,0.0
Zone_28,25,Highway_Junction,PERIODIC_SPIKE,1845,83,74.7,16.29,0.218,10.36,66.46,7,Normal,Good,1,0,0,4.84,7.21,65.95,6.0,0.0,0.0,0.058,9.25,7.82,62.56,5.0,0.0,0.0,0.116,11.45,3.15,0.51,1.0,0.16,0.0,236.57,43.69,0.77,8.829,0.068,-1.777,1.526,0.0
Zone_28,26,Highway_Junction,PERIODIC_SPIKE,1845,83,83.0,15.03,0.181,9.21,60.58,4,Normal,Good,0,0,0,16.29,10.36,66.46,7.0,0.0,0.0,0.218,10.36,9.02,63.45,5.5,0.0,0.0,0.135,-1.26,-1.15,-5.88,-3.0,-0.037,0.0,-7.73,-11.1,-8.85,8.146,-0.301,1.648,2.86,0.0
Zone_28,27,Highway_Junction,PERIODIC_SPIKE,1845,83,83.0,13.5,0.163,8.07,64.55,2,Normal,Good,0,0,0,15.03,9.21,60.58,4.0,0.0,0.0,0.181,12.0,8.47,64.18,5.25,0.0,0.0,0.15,-1.53,-1.14,3.97,-2.0,-0.018,0.0,-10.18,-12.38,6.55,7.317,0.948,2.108,-0.891,0.0
Zone_28,28,Highway_Junction,PERIODIC_SPIKE,1845,83,83.0,13.12,0.158,11.3,59.02,1,Normal,Good,0,0,0,13.5,8.07,64.55,2.0,0.0,0.0,0.163,12.42,8.71,64.39,4.75,0.0,0.0,0.155,-0.38,3.23,-5.53,-1.0,-0.005,0.0,-2.81,40.02,-8.57,7.111,0.143,2.472,-1.008,0.0
Zone_28,29,Highway_Junction,PERIODIC_SPIKE,1845,83,83.0,14.95,0.18,7.59,66.06,7,Normal,Good,0,0,0,13.12,11.3,59.02,1.0,0.0,0.0,0.158,14.48,9.74,62.65,3.5,0.0,0.0,0.18,1.83,-3.71,7.04,6.0,0.022,0.0,13.95,-32.83,11.93,8.103,0.168,-1.104,-1.835,0.0
Zone_28,30,Highway_Junction,PERIODIC_SPIKE,1845,83,74.7,19.62,0.263,13.34,59.71,9,Normal,Good,1,0,0,14.95,7.59,66.06,7.0,0.0,0.0,0.18,14.15,9.04,62.55,3.5,0.0,0.0,0.17,4.67,5.75,-6.35,2.0,0.083,0.0,31.24,75.76,-9.61,10.634,-0.163,-0.062,1.091,0.0
Zone_28,31,Highway_Junction,PERIODIC_SPIKE,1845,83,68.72,8.36,0.122,9.62,53.15,4,Light Rain,Moderate,0,0,0,19.62,13.34,59.71,9.0,0.0,0.0,0.263,15.3,10.07,62.34,4.75,0.0,0.0,0.191,-11.26,-3.72,-6.56,-5.0,-0.141,0.0,-57.39,-27.89,-10.99,4.531,1.21,2.019,-0.748,0.0
Zone_28,32,Highway_Junction,PERIODIC_SPIKE,1845,83,48.56,6.3,0.13,11.18,43.05,4,Heavy Rain,Poor,0,0,0,8.36,9.62,53.15,4.0,0.0,0.0,0.122,14.01,10.46,59.48,5.25,0.0,0.0,0.181,-2.06,1.56,-10.1,0.0,0.008,0.0,-24.64,16.22,-19.0,3.415,0.071,-0.961,-2.396,0.0
Zone_28,33,Highway_Junction,PERIODIC_SPIKE,1845,83,83.0,5.8,0.07,5.62,61.79,1,Normal,Good,0,0,0,6.3,11.18,43.05,4.0,0.0,0.0,0.13,12.31,10.43,55.49,6.0,0.0,0.0,0.174,-0.5,-5.56,18.74,-3.0,-0.06,0.0,-7.94,-49.73,43.53,3.144,0.705,-3.721,-7.559,0.0
Zone_28,34,Highway_Junction,PERIODIC_SPIKE,1845,83,83.0,6.42,0.077,7.03,64.91,3,Normal,Good,0,0,0,5.8,5.62,61.79,1.0,0.0,0.0,0.07,10.02,9.94,54.42,4.5,0.0,0.0,0.146,0.62,1.41,3.12,2.0,0.007,0.0,10.69,25.09,5.05,3.48,-2.16,-4.352,-0.386,0.0
Zone_28,35,Highway_Junction,PERIODIC_SPIKE,1845,83,43.7,10.72,0.245,17.1,42.24,6,Heavy Rain,Poor,1,1,1,6.42,7.03,64.91,3.0,0.0,0.0,0.077,6.72,8.36,55.72,3.0,0.0,0.0,0.1,4.3,10.07,-22.67,3.0,0.168,0.0,66.98,143.24,-34.93,5.81,-1.333,-0.632,5.402,0.0
Zone_28,36,Highway_Junction,PERIODIC_SPIKE,1845,83,83.0,12.02,0.145,8.95,67.34,1,Normal,Good,0,0,0,10.72,17.1,42.24,6.0,1.0,1.0,0.245,7.31,10.23,53.0,3.5,1.0,0.25,0.13,1.3,-8.15,25.1,-5.0,-0.1,1.0,12.13,-47.66,59.42,6.515,1.917,1.388,0.069,0.3
Zone_28,37,Highway_Junction,PERIODIC_SPIKE,1845,83,83.0,13.26,0.16,7.14,64.4,5,Normal,Good,0,0,0,12.02,8.95,67.34,1.0,0.0,0.0,0.145,8.74,9.68,59.07,2.75,1.0,0.25,0.134,1.24,-1.81,-2.94,4.0,0.015,-1.0,10.32,-20.22,-4.37,7.187,2.006,2.296,-0.602,0.1
Zone_28,38,Highway_Junction,PERIODIC_SPIKE,1845,83,66.4,13.36,0.201,12.84,59.54,6,Normal,Good,1,0,0,13.26,7.14,64.4,5.0,0.0,0.0,0.16,10.6,10.06,59.72,3.75,1.0,0.25,0.157,0.1,5.7,-4.86,1.0,0.041,0.0,0.75,79.83,-7.55,7.241,-0.782,2.182,2.357,-0.1
Zone_28,39,Highway_Junction,PERIODIC_SPIKE,1845,83,66.4,20.01,0.301,12.27,63.19,5,Normal,Good,1,0,0,13.36,12.84,59.54,6.0,0.0,0.0,0.201,12.34,11.51,58.38,4.5,1.0,0.25,0.188,6.65,-0.57,3.65,-1.0,0.1,0.0,49.78,-4.44,6.13,10.846,-1.459,0.916,4.896,-0.3
Zone_28,40,Highway_Junction,PERIODIC_SPIKE,1845,83,74.7,21.99,0.294,9.22,65.02,9,Normal,Good,1,0,0,20.01,12.27,63.19,5.0,0.0,0.0,0.301,14.66,10.3,63.62,4.25,0.0,0.0,0.202,1.98,-3.05,1.83,4.0,-0.007,0.0,9.9,-24.86,2.9,11.919,1.566,2.407,-1.731,0.0
Zone_28,41,Highway_Junction,PERIODIC_SPIKE,1845,83,83.0,17.91,0.216,7.36,65.3,4,Normal,Good,0,0,0,21.99,9.22,65.02,9.0,0.0,0.0,0.294,17.16,10.37,63.04,6.25,0.0,0.0,0.239,-4.08,-1.86,0.28,-5.0,-0.078,0.0,-18.55,-20.17,0.43,9.707,0.567,3.284,0.551,0.0
Zone_28,42,Highway_Junction,PERIODIC_SPIKE,1845,83,83.0,11.52,0.139,8.57,61.39,4,Normal,Good,0,0,0,17.91,7.36,65.3,4.0,0.0,0.0,0.216,18.32,10.42,63.26,6.0,0.0,0.0,0.253,-6.39,1.21,-3.91,0.0,-0.077,0.0,-35.68,16.44,-5.99,6.244,-1.949,1.563,1.911,0.0
Zone_28,43,Highway_Junction,PERIODIC_SPIKE,1845,83,83.0,8.29,0.1,5.0,66.53,3,Normal,Good,0,0,0,11.52,8.57,61.39,4.0,0.0,0.0,0.139,17.86,9.36,63.72,5.5,0.0,0.0,0.238,-3.23,-3.57,5.14,-1.0,-0.039,0.0,-28.04,-41.66,8.37,4.493,-1.296,-2.955,-0.512,0.0
Zone_28,44,Highway_Junction,PERIODIC_SPIKE,1845,83,83.0,18.92,0.228,8.08,58.96,5,Normal,Good,0,0,0,8.29,5.0,66.53,3.0,0.0,0.0,0.1,14.93,7.54,64.56,5.0,0.0,0.0,0.187,10.63,3.08,-7.57,2.0,0.128,0.0,128.23,61.6,-11.38,10.255,-1.145,-4.749,0.062,0.0
Zone_28,45,Highway_Junction,PERIODIC_SPIKE,1845,83,74.7,18.0,0.241,12.7,64.98,4,Normal,Good,1,0,0,18.92,8.08,58.96,5.0,0.0,0.0,0.228,14.16,7.25,63.04,4.0,0.0,0.0,0.171,-0.92,4.62,6.02,-1.0,0.013,0.0,-4.86,57.18,10.21,9.756,-0.141,-0.02,-1.388,0.0
Zone_28,46,Highway_Junction,PERIODIC_SPIKE,1845,83,83.0,11.43,0.138,11.9,61.89,4,Normal,Good,0,0,0,18.0,12.7,64.98,4.0,0.0,0.0,0.241,14.18,8.59,62.96,4.0,0.0,0.0,0.177,-6.57,-0.8,-3.09,0.0,-0.103,0.0,-36.5,-6.3,-4.76,6.195,1.547,3.007,0.32,0.0
Zone_28,47,Highway_Junction,PERIODIC_SPIKE,1845,83,83.0,7.08,0.085,4.93,64.2,4,Normal,Good,0,0,0,11.43,11.9,61.89,4.0,0.0,0.0,0.138,14.16,9.42,63.09,4.0,0.0,0.0,0.177,-4.35,-6.97,2.31,0.0,-0.053,0.0,-38.06,-58.57,3.73,3.837,2.532,0.85,-0.79,0.0
Zone_28,48,Highway_Junction,PERIODIC_SPIKE,1845,83,83.0,0.0,0.0,6.07,63.99,4,Normal,Good,0,0,0,7.08,4.93,64.2,4.0,0.0,0.0,0.085,13.86,9.4,62.51,4.25,0.0,0.0,0.173,-7.08,1.14,-0.21,0.0,-0.085,0.0,-100.0,23.12,-0.33,0.0,-1.025,-4.209,1.263,0.0
Zone_28,49,Highway_Junction,PERIODIC_SPIKE,1845,83,68.72,3.88,0.056,7.84,54.78,6,Light Rain,Moderate,0,0,0,0.0,6.07,63.99,4.0,0.0,0.0,0.0,9.13,8.9,63.76,4.0,0.0,0.0,0.116,3.88,1.77,-9.21,2.0,0.056,0.0,3880000.0,29.16,-14.39,2.103,-2.686,-5.835,-0.066,0.0
Zone_28,50,Highway_Junction,PERIODIC_SPIKE,1845,83,74.7,11.63,0.156,4.24,63.33,9,Normal,Good,1,0,0,3.88,7.84,54.78,6.0,0.0,0.0,0.056,5.6,7.68,61.22,4.5,0.0,0.0,0.07,7.75,-3.6,8.55,3.0,0.1,0.0,199.74,-45.92,15.61,6.304,-1.104,-2.973,-2.154,0.0
Zone_28,51,Highway_Junction,PERIODIC_SPIKE,1845,83,83.0,4.65,0.056,2.45,63.19,2,Normal,Good,0,0,0,11.63,4.24,63.33,9.0,0.0,0.0,0.156,5.65,5.77,61.58,5.75,0.0,0.0,0.074,-6.98,-1.79,-0.14,-7.0,-0.1,0.0,-60.02,-42.22,-0.22,2.52,-0.03,1.753,-1.182,0.0
Zone_28,52,Highway_Junction,PERIODIC_SPIKE,1845,83,83.0,2.31,0.028,6.02,62.47,3,Normal,Good,0,0,0,4.65,2.45,63.19,2.0,0.0,0.0,0.056,5.04,5.15,61.32,5.25,0.0,0.0,0.067,-2.34,3.57,-0.72,1.0,-0.028,0.0,-50.32,145.71,-1.14,1.252,-1.446,2.17,0.615,0.0
Zone_29,1,Residential,RECOVERY_AFTER_DISRUPTION,13450,94,77.83,41.23,0.53,26.99,53.46,5,Light Rain,Moderate,0,0,0,,,,,,,,,,,,,,,,,,,,,,,,3.065,,,,
Zone_29,2,Residential,RECOVERY_AFTER_DISRUPTION,13450,94,94.0,45.08,0.48,21.87,60.53,0,Normal,Good,0,0,0,41.23,26.99,53.46,5.0,0.0,0.0,0.53,,,,,,,,3.85,-5.12,7.07,-5.0,-0.05,,9.34,-18.97,13.22,3.352,,,,
Zone_29,3,Residential,RECOVERY_AFTER_DISRUPTION,13450,94,94.0,42.63,0.454,19.67,60.61,4,Normal,Good,0,0,0,45.08,21.87,60.53,0.0,0.0,0.0,0.48,,,,,,,,-2.45,-2.2,0.08,4.0,-0.026,0.0,-5.43,-10.06,0.13,3.17,,,,
Zone_29,4,Residential,RECOVERY_AFTER_DISRUPTION,13450,94,94.0,36.19,0.385,18.23,59.51,2,Normal,Good,0,0,0,42.63,19.67,60.61,4.0,0.0,0.0,0.454,,,,,,,,-6.44,-1.44,-1.1,-2.0,-0.069,0.0,-15.11,-7.32,-1.81,2.691,,,,
Zone_29,5,Residential,RECOVERY_AFTER_DISRUPTION,13450,94,94.0,37.43,0.398,17.11,60.84,4,Normal,Good,0,0,0,36.19,18.23,59.51,2.0,0.0,0.0,0.385,41.28,21.69,58.53,2.75,0.0,0.0,0.462,1.24,-1.12,1.33,2.0,0.013,0.0,3.43,-6.14,2.23,2.783,-2.848,-1.757,1.823,0.0
Zone_29,6,Residential,RECOVERY_AFTER_DISRUPTION,13450,94,94.0,35.34,0.376,18.37,60.37,5,Normal,Good,0,0,0,37.43,17.11,60.84,4.0,0.0,0.0,0.398,40.33,19.22,60.37,2.5,0.0,0.0,0.429,-2.09,1.26,-0.47,1.0,-0.022,0.0,-5.58,7.36,-0.77,2.628,-1.572,-2.939,-0.017,0.0
Zone_29,7,Residential,RECOVERY_AFTER_DISRUPTION,13450,94,94.0,34.02,0.362,15.33,61.39,3,Normal,Good,0,0,0,35.34,18.37,60.37,5.0,0.0,0.0,0.376,37.9,18.34,60.33,3.75,0.0,0.0,0.403,-1.32,-3.04,1.02,-2.0,-0.014,0.0,-3.74,-16.55,1.69,2.529,-0.502,-2.063,0.061,0.0
Zone_29,8,Residential,RECOVERY_AFTER_DISRUPTION,13450,94,94.0,32.53,0.346,17.95,58.94,2,Normal,Good,0,0,0,34.02,15.33,61.39,3.0,0.0,0.0,0.362,35.75,17.26,60.53,3.5,0.0,0.0,0.38,-1.49,2.62,-2.45,-1.0,-0.016,0.0,-4.38,17.09,-3.99,2.419,-0.744,-0.86,0.517,0.0
Zone_29,9,Residential,RECOVERY_AFTER_DISRUPTION,13450,94,94.0,32.05,0.341,16.42,64.88,1,Normal,Good,0,0,0,32.53,17.95,58.94,2.0,0.0,0.0,0.346,34.83,17.19,60.39,3.5,0.0,0.0,0.37,-0.48,-1.53,5.94,-1.0,-0.005,0.0,-1.48,-8.52,10.08,2.383,-0.052,-1.602,-0.468,0.0
Zone_29,10,Residential,RECOVERY_AFTER_DISRUPTION,13450,94,94.0,36.09,0.384,19.54,59.77,4,Normal,Good,0,0,0,32.05,16.42,64.88,1.0,0.0,0.0,0.341,33.48,17.02,61.4,2.75,0.0,0.0,0.356,4.04,3.12,-5.11,3.0,0.043,0.0,12.61,19.0,-7.88,2.683,-0.323,-1.136,1.108,0.0
Zone_29,11,Residential,RECOVERY_AFTER_DISRUPTION,13450,94,94.0,36.53,0.389,16.18,61.62,0,Normal,Good,0,0,0,36.09,19.54,59.77,4.0,0.0,0.0,0.384,33.67,17.31,61.24,2.5,0.0,0.0,0.358,0.44,-3.36,1.85,-4.0,0.005,0.0,1.22,-17.2,3.1,2.716,1.11,0.573,0.108,0.0
Zone_29,12,Residential,RECOVERY_AFTER_DISRUPTION,13450,94,94.0,42.24,0.449,21.88,58.1,2,Normal,Good,0,0,0,36.53,16.18,61.62,0.0,0.0,0.0,0.389,34.3,17.52,61.3,1.75,0.0,0.0,0.365,5.71,5.7,-3.52,2.0,0.06,0.0,15.63,35.23,-5.71,3.141,-0.219,1.604,0.293,0.0
Zone_29,13,Residential,RECOVERY_AFTER_DISRUPTION,13450,94,77.83,47.14,0.606,35.15,48.7,5,Light Rain,Moderate,0,0,0,42.24,21.88,58.1,2.0,0.0,0.0,0.449,36.73,18.5,61.09,1.75,0.0,0.0,0.391,4.9,13.27,-9.4,3.0,0.157,0.0,11.6,60.65,-16.18,3.505,1.302,3.101,-1.849,0.0
Zone_29,14,Residential,RECOVERY_AFTER_DISRUPTION,13450,94,94.0,46.48,0.494,30.45,58.19,6,Normal,Good,0,0,0,47.14,35.15,48.7,5.0,0.0,0.0,0.606,40.5,23.19,57.05,2.75,0.0,0.0,0.457,-0.66,-4.7,9.49,1.0,-0.112,0.0,-1.4,-13.37,19.49,3.456,5.253,3.886,-3.673,0.0
Zone_29,15,Residential,RECOVERY_AFTER_DISRUPTION,13450,94,94.0,45.08,0.48,20.08,62.92,3,Normal,Good,0,0,0,46.48,30.45,58.19,6.0,0.0,0.0,0.494,43.1,25.92,56.65,3.25,0.0,0.0,0.484,-1.4,-10.37,4.73,-3.0,-0.014,0.0,-3.01,-34.06,8.13,3.352,5.608,3.475,-1.969,0.0
Zone_29,16,Residential,RECOVERY_AFTER_DISRUPTION,13450,94,94.0,41.39,0.44,20.57,61.64,6,Normal,Good,0,0,0,45.08,20.08,62.92,3.0,0.0,0.0,0.48,45.24,26.89,56.98,4.0,0.0,0.0,0.507,-3.69,0.49,-1.28,3.0,-0.04,0.0,-8.19,2.44,-2.03,3.077,-1.01,0.786,2.395,0.0
Zone_29,17,Residential,RECOVERY_AFTER_DISRUPTION,13450,94,77.83,45.9,0.59,32.39,48.41,3,Light Rain,Moderate,0,0,0,41.39,20.57,61.64,6.0,0.0,0.0,0.44,45.02,26.56,57.86,5.0,0.0,0.0,0.505,4.51,11.82,-13.23,-3.0,0.15,0.0,10.9,57.46,-21.46,3.413,-5.411,-1.865,4.355,0.0
Zone_29,18,Residential,RECOVERY_AFTER_DISRUPTION,13450,94,94.0,52.49,0.558,27.49,58.35,3,Normal,Good,0,0,0,45.9,32.39,48.41,3.0,0.0,0.0,0.59,44.71,25.87,57.79,4.5,0.0,0.0,0.501,6.59,-4.9,9.94,0.0,-0.032,0.0,14.36,-15.13,20.53,3.903,0.631,-0.543,-3.062,0.0
Zone_29,19,Residential,RECOVERY_AFTER_DISRUPTION,13450,94,94.0,54.63,0.581,30.89,55.0,7,Normal,Good,0,0,0,52.49,27.49,58.35,3.0,0.0,0.0,0.558,46.22,25.13,57.83,3.75,0.0,0.0,0.517,2.14,3.4,-3.35,4.0,0.023,0.0,4.08,12.37,-5.74,4.062,3.405,2.674,-2.694,0.0
Zone_29,20,Residential,RECOVERY_AFTER_DISRUPTION,13450,94,94.0,60.86,0.647,34.16,55.92,6,Normal,Good,0,1,1,54.63,30.89,55.0,7.0,0.0,0.0,0.581,48.6,27.83,55.85,4.75,0.0,0.0,0.542,6.23,3.27,0.92,-1.0,0.066,0.0,11.4,10.59,1.67,4.525,2.606,4.631,-0.998,0.0
Zone_29,21,Residential,RECOVERY_AFTER_DISRUPTION,13450,94,77.08,54.48,0.707,39.72,54.58,4,Normal,Good,0,0,0,60.86,34.16,55.92,6.0,1.0,1.0,0.647,53.47,31.23,54.42,4.75,1.0,0.25,0.594,-6.38,5.56,-1.34,-2.0,0.06,1.0,-10.48,16.28,-2.4,4.051,0.871,4.702,1.918,0.3
Zone_29,22,Residential,RECOVERY_AFTER_DISRUPTION,13450,94,77.08,52.31,0.679,34.0,54.26,3,Normal,Good,0,0,0,54.48,39.72,54.58,4.0,0.0,0.0,0.707,55.62,33.06,55.96,5.0,1.0,0.25,0.623,-2.17,-5.72,-0.32,-1.0,-0.028,-1.0,-3.98,-14.4,-0.59,3.889,3.996,1.22,-1.039,0.1
Zone_29,23,Residential,RECOVERY_AFTER_DISRUPTION,13450,94,77.08,60.0,0.778,46.01,53.42,4,Normal,Good,0,0,0,52.31,34.0,54.26,3.0,0.0,0.0,0.679,55.57,34.69,54.94,5.0,1.0,0.25,0.654,7.69,12.01,-0.84,1.0,0.099,0.0,14.7,35.32,-1.55,4.461,1.489,-1.334,-0.356,-0.1
Zone_29,24,Residential,RECOVERY_AFTER_DISRUPTION,13450,94,77.08,58.57,0.76,44.85,51.37,6,Normal,Good,0,0,0,60.0,46.01,53.42,4.0,0.0,0.0,0.778,56.91,38.47,54.54,4.25,1.0,0.25,0.703,-1.43,-1.16,-2.05,2.0,-0.018,0.0,-2.38,-2.52,-3.84,4.355,2.983,-0.475,-0.782,-0.3
Zone_29,25,Residential,RECOVERY_AFTER_DISRUPTION,13450,94,77.08,54.94,0.713,39.6,55.67,3,Normal,Good,0,0,0,58.57,44.85,51.37,6.0,0.0,0.0,0.76,56.34,41.14,53.41,4.25,0.0,0.0,0.731,-3.63,-5.25,4.3,-3.0,-0.047,0.0,-6.2,-11.71,8.37,4.085,2.74,1.996,-1.047,0.0
Zone_29,26,Residential,RECOVERY_AFTER_DISRUPTION,13450,94,77.08,61.32,0.796,47.0,51.23,5,Normal,Good,0,0,0,54.94,39.6,55.67,3.0,0.0,0.0,0.713,56.46,41.12,53.68,4.0,0.0,0.0,0.732,6.38,7.4,-4.44,2.0,0.083,0.0,11.61,18.69,-7.98,4.559,1.564,0.646,0.218,0.0
Zone_29,27,Residential,RECOVERY_AFTER_DISRUPTION,13450,94,77.08,58.16,0.755,41.44,52.48,9,Normal,Good,0,0,0,61.32,47.0,51.23,5.0,0.0,0.0,0.796,58.71,44.36,52.92,4.5,0.0,0.0,0.762,-3.16,-5.56,1.25,4.0,-0.041,0.0,-5.15,-11.83,2.44,4.324,-0.228,0.033,-0.227,0.0
Zone_29,28,Residential,RECOVERY_AFTER_DISRUPTION,13450,94,77.08,59.74,0.775,47.21,51.26,3,Normal,Good,0,0,0,58.16,41.44,52.48,9.0,0.0,0.0,0.755,58.25,43.22,52.69,5.75,0.0,0.0,0.756,1.58,5.77,-1.22,-6.0,0.02,0.0,2.72,13.92,-2.32,4.442,-0.283,0.515,-0.111,0.0
Zone_29,29,Residential,RECOVERY_AFTER_DISRUPTION,13450,94,94.0,61.75,0.657,31.87,58.58,4,Normal,Good,0,2,1,59.74,47.21,51.26,3.0,0.0,0.0,0.775,58.54,43.81,52.66,5.0,0.0,0.0,0.76,2.01,-15.34,7.32,1.0,-0.118,0.0,3.36,-32.49,14.28,4.591,1.727,1.124,-1.198,0.0
Zone_29,30,Residential,RECOVERY_AFTER_DISRUPTION,13450,94,77.83,59.08,0.759,46.12,42.85,8,Light Rain,Moderate,0,2,1,61.75,31.87,58.58,4.0,2.0,1.0,0.657,60.24,41.88,53.39,5.25,2.0,0.25,0.746,-2.67,14.25,-15.73,4.0,0.102,2.0,-4.32,44.71,-26.85,4.393,-3.962,0.287,2.083,0.3
Zone_29,31,Residential,RECOVERY_AFTER_DISRUPTION,13450,94,54.99,55.67,1.012,82.67,12.64,12,Heavy Rain,Poor,0,2,1,59.08,46.12,42.85,8.0,2.0,1.0,0.759,59.68,41.66,51.29,6.0,4.0,0.5,0.736,-3.41,36.55,-30.21,4.0,0.253,0.0,-5.77,79.25,-70.5,4.139,-0.13,0.477,-2.157,0.4
Zone_29,32,Residential,RECOVERY_AFTER_DISRUPTION,13450,94,77.83,56.9,0.731,42.05,46.52,5,Light Rain,Moderate,0,0,0,55.67,82.67,12.64,12.0,2.0,1.0,1.012,59.06,51.97,41.33,6.75,6.0,0.75,0.801,1.23,-40.62,33.88,-7.0,-0.281,0.0,2.21,-49.14,268.04,4.23,12.063,-1.488,-13.159,0.3
Zone_29,33,Residential,RECOVERY_AFTER_DISRUPTION,13450,94,54.99,51.42,0.935,75.45,14.2,7,Heavy Rain,Poor,0,2,1,56.9,42.05,46.52,5.0,0.0,0.0,0.731,58.35,50.68,40.15,7.25,6.0,0.75,0.79,-5.48,33.4,-32.32,2.0,0.204,-2.0,-9.63,79.43,-69.48,3.823,6.709,-1.796,-6.639,-0.3
Zone_29,34,Residential,RECOVERY_AFTER_DISRUPTION,13450,94,94.0,53.14,0.565,29.83,55.81,2,Normal,Good,0,0,0,51.42,75.45,14.2,7.0,2.0,1.0,0.935,55.77,61.57,29.05,8.0,6.0,0.75,0.859,1.72,-45.62,41.61,-5.0,-0.37,2.0,3.34,-60.46,293.03,3.951,4.737,-2.175,-5.207,-0.1
Zone_29,35,Residential,RECOVERY_AFTER_DISRUPTION,13450,94,77.83,49.56,0.637,38.58,43.41,2,Light Rain,Moderate,0,2,1,53.14,29.83,55.81,2.0,0.0,0.0,0.565,54.28,57.5,32.29,6.5,4.0,0.5,0.811,-3.58,8.75,-12.4,0.0,0.072,-2.0,-6.74,29.33,-22.22,3.685,-12.512,-1.307,9.719,-0.2
Zone_29,36,Residential,RECOVERY_AFTER_DISRUPTION,13450,94,54.99,43.27,0.787,59.55,28.28,5,Heavy Rain,Poor,0,1,1,49.56,38.58,43.41,2.0,2.0,1.0,0.637,52.76,46.48,39.98,4.0,4.0,0.5,0.717,-6.29,20.97,-15.13,3.0,0.15,2.0,-12.69,54.35,-34.85,3.217,-5.603,-2.03,3.228,0.2
Zone_29,37,Residential,RECOVERY_AFTER_DISRUPTION,13450,94,77.83,36.57,0.47,20.15,56.92,6,Light Rain,Moderate,0,3,1,43.27,59.55,28.28,5.0,1.0,1.0,0.787,49.35,50.85,35.42,4.0,5.0,0.75,0.731,-6.7,-39.4,28.64,1.0,-0.317,-1.0,-15.48,-66.16,101.27,2.719,-3.895,-2.803,2.984,0.1
Zone_29,38,Residential,RECOVERY_AFTER_DISRUPTION,13450,94,94.0,36.41,0.387,19.06,60.07,0,Normal,Good,0,0,0,36.57,20.15,56.92,6.0,3.0,1.0,0.47,45.64,37.03,46.1,3.75,6.0,0.75,0.615,-0.16,-1.09,3.15,-6.0,-0.083,2.0,-0.44,-5.41,5.53,2.707,-0.807,-5.6,-1.18,0.3
Zone_29,39,Residential,RECOVERY_AFTER_DISRUPTION,13450,94,94.0,39.23,0.417,17.48,62.56,2,Normal,Good,0,0,0,36.41,19.06,60.07,0.0,0.0,0.0,0.387,41.45,34.34,47.17,3.25,6.0,0.75,0.57,2.82,-1.58,2.49,2.0,0.03,-3.0,7.75,-8.29,4.15,2.917,-9.796,-4.615,7.862,-0.3
Zone_29,40,Residential,RECOVERY_AFTER_DISRUPTION,13450,94,94.0,40.76,0.434,18.01,58.12,1,Normal,Good,0,0,0,39.23,17.48,62.56,2.0,0.0,0.0,0.417,38.87,29.06,51.96,3.25,4.0,0.5,0.515,1.53,0.53,-4.44,-1.0,0.017,0.0,3.9,3.03,-7.1,3.03,-12.73,-1.228,10.599,-0.4
Zone_29,41,Residential,RECOVERY_AFTER_DISRUPTION,13450,94,94.0,42.18,0.449,22.64,56.52,2,Normal,Good,0,1,1,40.76,18.01,58.12,1.0,0.0,0.0,0.434,38.24,18.68,59.42,2.25,3.0,0.25,0.427,1.42,4.63,-1.6,1.0,0.015,0.0,3.48,25.71,-2.75,3.136,-0.8,1.539,0.609,-0.3
Zone_29,42,Residential,RECOVERY_AFTER_DISRUPTION,13450,94,94.0,35.73,0.38,16.21,60.19,3,Normal,Good,0,0,0,42.18,22.64,56.52,2.0,1.0,1.0,0.449,39.64,19.3,59.32,1.25,1.0,0.25,0.422,-6.45,-6.43,3.67,1.0,-0.069,1.0,-15.29,-28.4,6.49,2.657,1.127,1.884,-1.509,0.3
Zone_29,43,Residential,RECOVERY_AFTER_DISRUPTION,13450,94,94.0,34.0,0.362,12.82,60.61,3,Normal,Good,0,0,0,35.73,16.21,60.19,3.0,0.0,0.0,0.38,39.47,18.58,59.35,2.0,1.0,0.25,0.42,-1.73,-3.39,0.42,0.0,-0.018,-1.0,-4.84,-20.91,0.7,2.528,0.082,-0.908,-0.871,0.1
Zone_29,44,Residential,RECOVERY_AFTER_DISRUPTION,13450,94,94.0,40.21,0.428,20.89,61.4,3,Normal,Good,0,0,0,34.0,12.82,60.61,3.0,0.0,0.0,0.362,38.17,17.42,58.86,2.25,1.0,0.25,0.406,6.21,8.07,0.79,0.0,0.066,0.0,18.26,62.95,1.3,2.99,-2.2,-2.673,1.114,-0.1
Zone_29,45,Residential,RECOVERY_AFTER_DISRUPTION,13450,94,94.0,40.82,0.434,19.65,61.75,1,Normal,Good,0,0,0,40.21,20.89,61.4,3.0,0.0,0.0,0.428,38.03,18.14,59.68,2.75,1.0,0.25,0.405,0.61,-1.24,0.35,-2.0,0.006,0.0,1.52,-5.94,0.57,3.035,-0.864,-0.764,1.506,-0.3
Zone_29,46,Residential,RECOVERY_AFTER_DISRUPTION,13450,94,94.0,42.8,0.455,23.34,60.42,3,Normal,Good,0,0,0,40.82,19.65,61.75,1.0,0.0,0.0,0.434,37.69,17.39,60.99,2.5,0.0,0.0,0.401,1.98,3.69,-1.33,2.0,0.021,0.0,4.85,18.78,-2.15,3.182,1.839,2.148,0.547,0.0
Zone_29,47,Residential,RECOVERY_AFTER_DISRUPTION,13450,94,94.0,38.74,0.412,14.89,62.56,3,Normal,Good,0,0,0,42.8,23.34,60.42,3.0,0.0,0.0,0.455,39.46,19.18,61.04,2.5,0.0,0.0,0.42,-4.06,-8.45,2.14,0.0,-0.043,0.0,-9.49,-36.2,3.54,2.88,3.032,2.701,-0.022,0.0
Zone_29,48,Residential,RECOVERY_AFTER_DISRUPTION,13450,94,94.0,34.93,0.372,22.4,60.91,3,Normal,Good,0,0,0,38.74,14.89,62.56,3.0,0.0,0.0,0.412,40.64,19.69,61.53,2.5,0.0,0.0,0.432,-3.81,7.51,-1.65,0.0,-0.04,0.0,-9.83,50.44,-2.64,2.597,-1.431,-0.243,0.215,0.0
Zone_29,49,Residential,RECOVERY_AFTER_DISRUPTION,13450,94,77.83,37.73,0.485,28.94,48.53,3,Light Rain,Moderate,0,0,0,34.93,22.4,60.91,3.0,0.0,0.0,0.372,39.32,20.07,61.41,2.5,0.0,0.0,0.418,2.8,6.54,-12.38,0.0,0.113,0.0,8.02,29.2,-20.33,2.805,-0.02,-2.173,-0.038,0.0
Zone_29,50,Residential,RECOVERY_AFTER_DISRUPTION,13450,94,77.83,39.07,0.502,27.69,49.32,4,Light Rain,Moderate,0,2,1,37.73,28.94,48.53,3.0,0.0,0.0,0.485,38.55,22.39,58.1,3.0,0.0,0.0,0.431,1.34,-1.25,0.79,1.0,0.017,0.0,3.55,-4.32,1.63,2.905,2.431,-1.902,-3.732,0.0
Zone_29,51,Residential,RECOVERY_AFTER_DISRUPTION,13450,94,94.0,40.21,0.428,17.3,58.37,2,Normal,Good,0,0,0,39.07,27.69,49.32,4.0,2.0,1.0,0.502,37.62,23.48,55.33,3.25,2.0,0.25,0.443,1.14,-10.39,9.05,-2.0,-0.074,2.0,2.92,-37.52,18.35,2.99,4.494,0.379,-5.21,0.3
Zone_29,52,Residential,RECOVERY_AFTER_DISRUPTION,13450,94,94.0,40.96,0.436,22.02,59.75,3,Normal,Good,0,2,1,40.21,17.3,58.37,2.0,0.0,0.0,0.428,37.98,24.08,54.28,3.0,2.0,0.25,0.447,0.75,4.72,1.38,1.0,0.008,-2.0,1.87,27.28,2.36,3.045,-1.655,1.718,-0.683,0.1
Zone_30,1,Highway_Junction,GRADUAL_DETERIORATION,2448,66,66.0,5.21,0.079,5.1,64.92,1,Normal,Good,0,1,1,,,,,,,,,,,,,,,,,,,,,,,,2.128,,,,
Zone_30,2,Highway_Junction,GRADUAL_DETERIORATION,2448,66,66.0,3.45,0.052,4.69,63.94,2,Normal,Good,0,1,1,5.21,5.1,64.92,1.0,1.0,1.0,0.079,,,,,,,,-1.76,-0.41,-0.98,1.0,-0.027,,-33.78,-8.04,-1.51,1.409,,,,
Zone_30,3,Highway_Junction,GRADUAL_DETERIORATION,2448,66,66.0,9.63,0.146,8.04,62.65,2,Normal,Good,0,0,0,3.45,4.69,63.94,2.0,1.0,1.0,0.052,,,,,,,,6.18,3.35,-1.29,0.0,0.094,0.0,179.13,71.43,-2.02,3.934,,,,
Zone_30,4,Highway_Junction,GRADUAL_DETERIORATION,2448,66,54.65,8.66,0.158,9.55,56.44,3,Light Rain,Moderate,0,0,0,9.63,8.04,62.65,2.0,0.0,0.0,0.146,,,,,,,,-0.97,1.51,-6.21,1.0,0.012,-1.0,-10.07,18.78,-9.91,3.538,,,,
Zone_30,5,Highway_Junction,GRADUAL_DETERIORATION,2448,66,54.65,14.22,0.26,10.39,55.51,7,Light Rain,Moderate,0,0,0,8.66,9.55,56.44,3.0,0.0,0.0,0.158,6.74,6.84,61.99,2.0,2.0,0.5,0.109,5.56,0.84,-0.93,4.0,0.102,0.0,64.2,8.8,-1.65,5.809,1.67,1.653,-2.673,-0.4
Zone_30,6,Highway_Junction,GRADUAL_DETERIORATION,2448,66,54.65,20.68,0.378,20.92,52.9,7,Light Rain,Moderate,0,0,0,14.22,10.39,55.51,7.0,0.0,0.0,0.26,8.99,8.17,59.63,3.5,1.0,0.25,0.154,6.46,10.53,-2.61,0.0,0.118,0.0,45.43,101.35,-4.7,8.448,1.861,3.134,-3.15,-0.3
Zone_30,7,Highway_Junction,GRADUAL_DETERIORATION,2448,66,66.0,18.0,0.273,14.87,61.52,5,Normal,Good,0,0,0,20.68,20.92,52.9,7.0,0.0,0.0,0.378,13.3,12.23,56.87,4.75,0.0,0.0,0.236,-2.68,-6.05,8.62,-2.0,-0.105,0.0,-12.96,-28.92,16.29,7.353,3.948,3.871,-3.018,0.0
Zone_30,8,Highway_Junction,GRADUAL_DETERIORATION,2448,66,66.0,13.29,0.201,10.2,63.24,2,Normal,Good,0,0,0,18.0,14.87,61.52,5.0,0.0,0.0,0.273,15.39,13.93,56.59,5.5,0.0,0.0,0.267,-4.71,-4.67,1.72,-3.0,-0.072,0.0,-26.17,-31.41,2.8,5.429,2.649,3.448,1.263,0.0
Zone_30,9,Highway_Junction,GRADUAL_DETERIORATION,2448,66,66.0,11.07,0.168,9.33,66.95,3,Normal,Good,0,0,0,13.29,10.2,63.24,2.0,0.0,0.0,0.201,16.55,14.1,58.29,5.25,0.0,0.0,0.278,-2.22,-0.87,3.71,1.0,-0.033,0.0,-16.7,-8.53,5.87,4.522,-0.662,-0.547,3.181,0.0
Zone_30,10,Highway_Junction,GRADUAL_DETERIORATION,2448,66,66.0,17.16,0.26,14.28,58.56,4,Normal,Good,0,1,1,11.07,9.33,66.95,3.0,0.0,0.0,0.168,15.76,13.83,61.15,4.25,0.0,0.0,0.255,6.09,4.95,-8.39,1.0,0.092,0.0,55.01,53.05,-12.53,7.01,-3.944,-3.354,4.387,0.0
Zone_30,11,Highway_Junction,GRADUAL_DETERIORATION,2448,66,66.0,24.58,0.372,20.56,64.83,4,Normal,Good,0,0,0,17.16,14.28,58.56,4.0,1.0,1.0,0.26,14.88,12.17,62.57,3.5,1.0,0.25,0.226,7.42,6.28,6.27,0.0,0.112,1.0,43.24,43.98,10.71,10.041,-0.264,-0.474,-0.517,0.3
Zone_30,12,Highway_Junction,GRADUAL_DETERIORATION,2448,66,66.0,15.94,0.242,20.21,59.65,3,Normal,Good,0,0,0,24.58,20.56,64.83,4.0,0.0,0.0,0.372,16.52,13.59,63.4,3.25,1.0,0.25,0.25,-8.64,-0.35,-5.18,-1.0,-0.13,-1.0,-35.15,-1.7,-7.99,6.511,3.603,3.996,-0.362,0.1
Zone_30,13,Highway_Junction,GRADUAL_DETERIORATION,2448,66,66.0,10.56,0.16,14.38,60.77,0,Normal,Good,0,0,0,15.94,20.21,59.65,3.0,0.0,0.0,0.242,17.19,16.1,62.5,3.5,1.0,0.25,0.26,-5.38,-5.83,1.12,-3.0,-0.082,0.0,-33.75,-28.85,1.88,4.314,3.892,2.203,-1.563,-0.1
Zone_30,14,Highway_Junction,GRADUAL_DETERIORATION,2448,66,66.0,10.92,0.165,11.03,63.03,1,Normal,Good,0,0,0,10.56,14.38,60.77,0.0,0.0,0.0,0.16,17.06,17.36,60.95,2.75,1.0,0.25,0.258,0.36,-3.35,2.26,1.0,0.005,0.0,3.41,-23.3,3.72,4.461,-0.005,-2.844,0.145,-0.3
Zone_30,15,Highway_Junction,GRADUAL_DETERIORATION,2448,66,66.0,8.66,0.131,5.84,63.54,4,Normal,Good,0,0,0,10.92,11.03,63.03,1.0,0.0,0.0,0.165,15.5,16.55,62.07,2.0,0.0,0.0,0.235,-2.26,-5.19,0.51,3.0,-0.034,0.0,-20.7,-47.05,0.81,3.538,-3.442,-4.636,-0.428,0.0
Zone_30,16,Highway_Junction,GRADUAL_DETERIORATION,2448,66,66.0,10.08,0.153,9.94,65.36,1,Normal,Good,0,0,0,8.66,5.84,63.54,4.0,0.0,0.0,0.131,11.52,12.86,61.75,2.0,0.0,0.0,0.174,1.42,4.1,1.82,-3.0,0.022,0.0,16.4,70.2,2.86,4.118,-4.646,-2.148,1.393,0.0
Zone_30,17,Highway_Junction,GRADUAL_DETERIORATION,2448,66,66.0,15.85,0.24,9.55,63.58,3,Normal,Good,0,0,0,10.08,9.94,65.36,1.0,0.0,0.0,0.153,10.06,10.3,63.18,1.5,0.0,0.0,0.152,5.77,-0.39,-1.78,2.0,0.087,0.0,57.24,-3.92,-2.72,6.475,-1.851,-0.37,1.428,0.0
Zone_30,18,Highway_Junction,GRADUAL_DETERIORATION,2448,66,66.0,10.84,0.164,10.18,64.59,3,Normal,Good,0,0,0,15.85,9.55,63.58,3.0,0.0,0.0,0.24,11.38,9.09,63.88,2.25,0.0,0.0,0.172,-5.01,0.63,1.01,0.0,-0.076,0.0,-31.61,6.6,1.59,4.428,-0.034,1.621,0.347,0.0
Zone_30,19,Highway_Junction,GRADUAL_DETERIORATION,2448,66,66.0,14.27,0.216,14.05,62.05,4,Normal,Good,0,0,0,10.84,10.18,64.59,3.0,0.0,0.0,0.164,11.36,8.88,64.27,2.75,0.0,0.0,0.172,3.43,3.87,-2.54,1.0,0.052,0.0,31.64,38.02,-3.93,5.829,1.263,1.231,0.137,0.0
Zone_30,20,Highway_Junction,GRADUAL_DETERIORATION,2448,66,66.0,17.37,0.263,14.87,61.48,5,Normal,Good,0,0,0,14.27,14.05,62.05,4.0,0.0,0.0,0.216,12.76,10.93,63.9,2.75,0.0,0.0,0.193,3.1,0.82,-0.57,1.0,0.047,0.0,21.72,5.84,-0.92,7.096,1.296,0.756,-0.892,0.0
Zone_30,21,Highway_Junction,GRADUAL_DETERIORATION,2448,66,66.0,19.42,0.294,14.75,64.01,2,Normal,Good,0,0,0,17.37,14.87,61.48,5.0,0.0,0.0,0.263,14.58,12.16,62.92,3.75,0.0,0.0,0.221,2.05,-0.12,2.53,-3.0,0.031,0.0,11.8,-0.81,4.12,7.933,1.983,0.799,-0.884,0.0
Zone_30,22,Highway_Junction,GRADUAL_DETERIORATION,2448,66,66.0,18.94,0.287,9.64,60.86,5,Normal,Good,0,0,0,19.42,14.75,64.01,2.0,0.0,0.0,0.294,15.48,13.46,63.03,3.5,0.0,0.0,0.234,-0.48,-5.11,-3.15,3.0,-0.007,0.0,-2.47,-34.64,-4.92,7.737,1.453,2.884,-0.231,0.0
Zone_30,23,Highway_Junction,GRADUAL_DETERIORATION,2448,66,66.0,22.61,0.343,18.08,64.12,6,Normal,Good,0,0,0,18.94,9.64,60.86,5.0,0.0,0.0,0.287,17.5,13.33,62.1,4.0,0.0,0.0,0.265,3.67,8.44,3.26,1.0,0.056,0.0,19.38,87.55,5.36,9.236,-1.335,1.606,-0.104,0.0
Zone_30,24,Highway_Junction,GRADUAL_DETERIORATION,2448,66,66.0,18.45,0.28,18.98,58.48,5,Normal,Good,0,0,0,22.61,18.08,64.12,6.0,0.0,0.0,0.343,19.58,14.34,62.62,4.5,0.0,0.0,0.297,-4.16,0.9,-5.64,-1.0,-0.063,0.0,-18.4,4.98,-8.8,7.537,0.452,1.524,0.477,0.0
Zone_30,25,Highway_Junction,GRADUAL_DETERIORATION,2448,66,66.0,25.23,0.382,19.97,59.49,3,Normal,Good,0,0,0,18.45,18.98,58.48,5.0,0.0,0.0,0.28,19.86,15.36,61.87,4.5,0.0,0.0,0.301,6.78,0.99,1.01,-2.0,0.102,0.0,36.75,5.22,1.73,10.306,2.113,0.076,-1.333,0.0
Zone_30,26,Highway_Junction,GRADUAL_DETERIORATION,2448,66,66.0,18.39,0.279,9.66,61.89,6,Normal,Good,0,1,1,25.23,19.97,59.49,3.0,0.0,0.0,0.382,21.31,16.67,60.74,4.75,0.0,0.0,0.323,-6.84,-10.31,2.4,3.0,-0.103,0.0,-27.11,-51.63,4.03,7.512,3.189,1.471,-0.975,0.0
Zone_30,27,Highway_Junction,GRADUAL_DETERIORATION,2448,66,66.0,17.9,0.271,10.18,64.89,2,Normal,Good,0,0,0,18.39,9.66,61.89,6.0,1.0,1.0,0.279,21.17,16.67,61.0,5.0,1.0,0.25,0.321,-0.49,0.52,3.0,-4.0,-0.008,1.0,-2.66,5.38,4.85,7.312,-2.427,-0.588,-0.568,0.3
Zone_30,28,Highway_Junction,GRADUAL_DETERIORATION,2448,66,66.0,18.0,0.273,12.0,64.1,2,Normal,Good,0,0,0,17.9,10.18,64.89,2.0,0.0,0.0,0.271,19.99,14.7,61.19,4.0,1.0,0.25,0.303,0.1,1.82,-0.79,0.0,0.002,-1.0,0.56,17.88,-1.22,7.353,-3.671,-0.849,2.163,0.1
Zone_30,29,Highway_Junction,GRADUAL_DETERIORATION,2448,66,66.0,18.57,0.281,14.78,61.2,5,Normal,Good,0,0,0,18.0,12.0,64.1,2.0,0.0,0.0,0.273,19.88,12.95,62.59,3.25,1.0,0.25,0.301,0.57,2.78,-2.9,3.0,0.008,0.0,3.17,23.17,-4.52,7.586,-2.339,-2.218,1.683,-0.1
Zone_30,30,Highway_Junction,GRADUAL_DETERIORATION,2448,66,54.65,20.3,0.371,20.26,55.66,5,Light Rain,Moderate,0,0,0,18.57,14.78,61.2,5.0,0.0,0.0,0.281,18.22,11.66,63.02,3.75,1.0,0.25,0.276,1.73,5.48,-5.54,0.0,0.09,0.0,9.32,37.08,-9.05,8.292,1.718,0.064,-0.286,-0.3
Zone_30,31,Highway_Junction,GRADUAL_DETERIORATION,2448,66,38.61,22.46,0.582,36.15,38.36,7,Heavy Rain,Poor,0,0,0,20.3,20.26,55.66,5.0,0.0,0.0,0.371,18.69,14.3,61.46,3.5,0.0,0.0,0.299,2.16,15.89,-17.3,2.0,0.211,0.0,10.64,78.43,-31.08,9.175,3.302,0.777,-3.059,0.0
Zone_30,32,Highway_Junction,GRADUAL_DETERIORATION,2448,66,38.61,24.23,0.628,41.13,31.71,5,Heavy Rain,Poor,0,0,0,22.46,36.15,38.36,7.0,0.0,0.0,0.582,19.83,20.8,54.83,4.75,0.0,0.0,0.377,1.77,4.98,-6.65,-2.0,0.046,0.0,7.88,13.78,-17.34,9.898,7.793,1.511,-8.276,0.0
Zone_30,33,Highway_Junction,GRADUAL_DETERIORATION,2448,66,54.65,16.88,0.309,17.14,53.14,3,Light Rain,Moderate,0,0,0,24.23,41.13,31.71,5.0,0.0,0.0,0.628,21.39,28.08,46.73,5.5,0.0,0.0,0.466,-7.35,-23.99,21.43,-2.0,-0.319,0.0,-30.33,-58.33,67.58,6.895,9.494,1.914,-10.577,0.0
Zone_30,34,Highway_Junction,GRADUAL_DETERIORATION,2448,66,54.65,20.27,0.371,17.64,55.3,9,Light Rain,Moderate,0,0,0,16.88,17.14,53.14,3.0,0.0,0.0,0.309,20.97,28.67,44.72,5.0,0.0,0.0,0.472,3.39,0.5,2.16,6.0,0.062,0.0,20.08,2.92,4.06,8.28,-0.438,-0.849,-1.421,0.0
Zone_30,35,Highway_Junction,GRADUAL_DETERIORATION,2448,66,38.61,19.43,0.503,27.93,35.22,5,Heavy Rain,Poor,0,1,1,20.27,17.64,55.3,9.0,0.0,0.0,0.371,20.96,28.02,44.63,6.0,0.0,0.0,0.472,-0.84,10.29,-20.08,-4.0,0.132,0.0,-4.14,58.33,-36.31,7.937,-7.952,-1.392,7.225,0.0
Zone_30,36,Highway_Junction,GRADUAL_DETERIORATION,2448,66,38.61,14.64,0.379,21.11,38.56,4,Heavy Rain,Poor,0,1,1,19.43,27.93,35.22,5.0,1.0,1.0,0.503,20.2,25.96,43.84,5.5,1.0,0.25,0.453,-4.79,-6.82,3.34,-1.0,-0.124,1.0,-24.65,-24.42,9.48,5.98,-3.91,-1.101,1.269,0.3
Zone_30,37,Highway_Junction,GRADUAL_DETERIORATION,2448,66,66.0,15.68,0.238,14.68,60.64,11,Normal,Good,0,0,0,14.64,21.11,38.56,4.0,1.0,1.0,0.379,17.8,20.96,45.56,5.25,2.0,0.5,0.39,1.04,-6.43,22.08,7.0,-0.141,0.0,7.1,-30.46,57.26,6.405,2.22,-0.756,-6.382,0.4
Zone_30,38,Highway_Junction,GRADUAL_DETERIORATION,2448,66,52.8,19.32,0.366,16.24,61.68,6,Normal,Good,1,0,0,15.68,14.68,60.64,11.0,0.0,0.0,0.238,17.5,20.34,47.43,7.25,2.0,0.5,0.373,3.64,1.56,1.04,-5.0,0.128,-1.0,23.21,10.63,1.72,7.892,-1.57,-1.856,1.936,0.0
Zone_30,39,Highway_Junction,GRADUAL_DETERIORATION,2448,66,43.72,30.42,0.696,39.21,47.89,9,Light Rain,Moderate,1,0,0,19.32,16.24,61.68,6.0,0.0,0.0,0.366,17.27,19.99,49.03,6.5,2.0,0.5,0.371,11.1,22.97,-13.79,3.0,0.33,0.0,57.45,141.44,-22.36,12.426,-4.15,0.071,10.146,-0.4
Zone_30,40,Highway_Junction,GRADUAL_DETERIORATION,2448,66,52.8,34.71,0.657,31.99,55.82,16,Normal,Good,1,1,1,30.42,39.21,47.89,9.0,0.0,0.0,0.696,20.02,22.81,52.19,7.5,1.0,0.25,0.42,4.29,-7.22,7.93,7.0,-0.039,0.0,14.1,-18.41,16.56,14.179,5.586,5.098,2.903,-0.3
Zone_30,41,Highway_Junction,GRADUAL_DETERIORATION,2448,66,54.65,22.82,0.418,22.52,52.73,3,Light Rain,Moderate,0,0,0,34.71,31.99,55.82,16.0,1.0,1.0,0.657,25.03,25.53,56.51,10.5,1.0,0.25,0.489,-11.89,-9.47,-3.09,-13.0,-0.239,1.0,-34.26,-29.6,-5.54,9.322,7.49,6.819,-2.825,0.3
Zone_30,42,Highway_Junction,GRADUAL_DETERIORATION,2448,66,66.0,26.67,0.404,17.46,64.31,11,Normal,Good,0,0,0,22.82,22.52,52.73,3.0,0.0,0.0,0.418,26.82,27.49,54.53,8.5,1.0,0.25,0.534,3.85,-5.06,11.58,8.0,-0.014,-1.0,16.87,-22.47,21.96,10.895,1.162,1.479,-1.892,0.1
Zone_30,43,Highway_Junction,GRADUAL_DETERIORATION,2448,66,66.0,22.61,0.343,10.42,64.14,8,Normal,Good,0,0,0,26.67,17.46,64.31,11.0,0.0,0.0,0.404,28.66,27.8,55.19,9.75,1.0,0.25,0.544,-4.06,-7.04,-0.17,-3.0,-0.061,0.0,-15.22,-40.32,-0.26,9.236,-7.472,-2.314,4.617,-0.1
Zone_30,44,Highway_Junction,GRADUAL_DETERIORATION,2448,66,66.0,25.97,0.393,13.98,63.74,7,Normal,Good,0,0,0,22.61,10.42,64.14,8.0,0.0,0.0,0.343,26.7,20.6,59.25,9.5,1.0,0.25,0.456,3.36,3.56,-0.4,-1.0,0.05,0.0,14.86,34.16,-0.62,10.609,-6.977,-3.245,3.654,-0.3
Zone_30,45,Highway_Junction,GRADUAL_DETERIORATION,2448,66,66.0,20.61,0.312,10.97,63.0,4,Normal,Good,0,0,0,25.97,13.98,63.74,7.0,0.0,0.0,0.393,24.52,16.1,61.23,7.25,0.0,0.0,0.39,-5.36,-3.01,-0.74,-3.0,-0.081,0.0,-20.64,-21.53,-1.16,8.419,-3.266,0.539,3.286,0.0
Zone_30,46,Highway_Junction,GRADUAL_DETERIORATION,2448,66,66.0,20.56,0.312,19.39,63.61,2,Normal,Good,0,0,0,20.61,10.97,63.0,4.0,0.0,0.0,0.312,23.97,13.21,63.8,7.5,0.0,0.0,0.363,-0.05,8.42,0.61,-2.0,0.0,0.0,-0.24,76.75,0.97,8.399,-1.591,-1.482,-0.433,0.0
Zone_30,47,Highway_Junction,GRADUAL_DETERIORATION,2448,66,66.0,25.4,0.385,17.59,60.34,4,Normal,Good,0,0,0,20.56,19.39,63.61,2.0,0.0,0.0,0.312,22.44,13.69,63.62,5.25,0.0,0.0,0.34,4.84,-1.8,-3.27,2.0,0.073,0.0,23.54,-9.28,-5.14,10.376,2.39,-1.151,-0.233,0.0
Zone_30,48,Highway_Junction,GRADUAL_DETERIORATION,2448,66,54.65,25.18,0.461,19.74,53.69,6,Light Rain,Moderate,0,0,0,25.4,17.59,60.34,4.0,0.0,0.0,0.385,23.14,15.48,62.67,4.25,0.0,0.0,0.35,-0.22,2.15,-6.65,2.0,0.076,0.0,-0.87,12.22,-11.02,10.286,1.925,-0.176,-0.959,0.0
Zone_30,49,Highway_Junction,GRADUAL_DETERIORATION,2448,66,66.0,31.57,0.478,22.39,59.38,7,Normal,Good,0,0,0,25.18,19.74,53.69,6.0,0.0,0.0,0.461,22.94,16.92,60.16,4.0,0.0,0.0,0.368,6.39,2.65,5.69,1.0,0.017,0.0,25.38,13.42,10.6,12.896,2.451,1.855,-3.12,0.0
Zone_30,50,Highway_Junction,GRADUAL_DETERIORATION,2448,66,54.65,31.18,0.571,31.15,48.95,2,Light Rain,Moderate,0,0,0,31.57,22.39,59.38,7.0,0.0,0.0,0.478,25.68,19.78,59.26,4.75,0.0,0.0,0.409,-0.39,8.76,-10.43,-5.0,0.093,0.0,-1.24,39.12,-17.56,12.737,1.115,3.281,-1.934,0.0
Zone_30,51,Highway_Junction,GRADUAL_DETERIORATION,2448,66,66.0,27.27,0.413,15.62,60.85,4,Normal,Good,0,0,0,31.18,31.15,48.95,2.0,0.0,0.0,0.571,28.33,22.72,55.59,4.75,0.0,0.0,0.474,-3.91,-15.53,11.9,2.0,-0.158,0.0,-12.54,-49.86,24.31,11.14,4.333,2.373,-2.848,0.0
Zone_30,52,Highway_Junction,GRADUAL_DETERIORATION,2448,66,66.0,30.57,0.463,22.45,57.37,8,Normal,Good,0,0,0,27.27,15.62,60.85,4.0,0.0,0.0,0.413,28.8,22.22,55.72,4.75,0.0,0.0,0.481,3.3,6.83,-3.48,4.0,0.05,0.0,12.1,43.73,-5.72,12.488,-0.36,0.588,1.105,0.0
Zone_31,1,Commercial_Downtown,EVENT_SENSITIVE,9364,45,45.0,44.9,0.998,64.54,42.95,15,Normal,Good,0,3,1,,,,,,,,,,,,,,,,,,,,,,,,4.795,,,,
Zone_31,2,Commercial_Downtown,EVENT_SENSITIVE,9364,45,45.0,50.37,1.119,70.83,39.01,10,Normal,Good,0,0,0,44.9,64.54,42.95,15.0,3.0,1.0,0.998,,,,,,,,5.47,6.29,-3.94,-5.0,0.121,,12.18,9.75,-9.17,5.379,,,,
Zone_31,3,Commercial_Downtown,EVENT_SENSITIVE,9364,45,37.26,49.22,1.321,91.85,21.74,18,Light Rain,Moderate,0,2,1,50.37,70.83,39.01,10.0,0.0,0.0,1.119,,,,,,,,-1.15,21.02,-17.27,8.0,0.202,-3.0,-2.28,29.68,-44.27,5.256,,,,
Zone_31,4,Commercial_Downtown,EVENT_SENSITIVE,9364,45,45.0,49.34,1.096,64.51,46.27,8,Normal,Good,0,0,0,49.22,91.85,21.74,18.0,2.0,1.0,1.321,,,,,,,,0.12,-27.34,24.53,-10.0,-0.225,2.0,0.24,-29.77,112.83,5.269,,,,
Zone_31,5,Commercial_Downtown,EVENT_SENSITIVE,9364,45,45.0,48.4,1.076,67.62,43.29,8,Normal,Good,0,0,0,49.34,64.51,46.27,8.0,0.0,0.0,1.096,48.46,72.93,37.49,12.75,5.0,0.5,1.134,-0.94,3.11,-2.98,0.0,-0.02,-2.0,-1.91,4.82,-6.44,5.169,2.093,1.217,-0.731,-0.2
Zone_31,6,Commercial_Downtown,EVENT_SENSITIVE,9364,45,45.0,43.91,0.976,57.45,49.19,10,Normal,Good,0,0,0,48.4,67.62,43.29,8.0,0.0,0.0,1.076,49.33,73.7,37.58,11.0,2.0,0.25,1.153,-4.49,-10.17,5.9,2.0,-0.1,0.0,-9.28,-15.04,13.63,4.689,-3.697,-0.579,3.737,-0.1
Zone_31,7,Commercial_Downtown,EVENT_SENSITIVE,9364,45,45.0,44.06,0.979,62.51,43.11,10,Normal,Good,0,0,0,43.91,57.45,49.19,10.0,0.0,0.0,0.976,47.72,70.36,40.12,11.0,2.0,0.25,1.117,0.15,5.06,-6.08,0.0,0.003,0.0,0.34,8.81,-12.36,4.705,-10.009,-1.687,7.937,-0.3
Zone_31,8,Commercial_Downtown,EVENT_SENSITIVE,9364,45,39.6,53.94,1.362,81.59,35.34,19,Normal,Good,1,2,1,44.06,62.51,43.11,10.0,0.0,0.0,0.979,46.43,63.02,45.46,9.0,0.0,0.0,1.032,9.88,19.08,-7.77,9.0,0.383,0.0,22.42,30.52,-18.02,5.76,-1.617,-2.033,-0.358,0.0
Zone_31,9,Commercial_Downtown,EVENT_SENSITIVE,9364,45,45.0,52.52,1.167,76.6,37.53,10,Normal,Good,0,2,1,53.94,81.59,35.34,19.0,2.0,1.0,1.362,47.58,67.29,42.73,11.75,2.0,0.25,1.098,-1.42,-4.99,2.19,-9.0,-0.195,2.0,-2.63,-6.12,6.2,5.609,4.697,1.677,-2.993,0.3
Zone_31,10,Commercial_Downtown,EVENT_SENSITIVE,9364,45,45.0,52.65,1.17,72.36,41.43,11,Normal,Good,0,1,1,52.52,76.6,37.53,10.0,2.0,1.0,1.167,48.61,69.54,41.29,12.25,4.0,0.5,1.121,0.13,-4.24,3.9,1.0,0.003,0.0,0.25,-5.54,10.39,5.623,7.653,3.571,-4.275,0.4
Zone_31,11,Commercial_Downtown,EVENT_SENSITIVE,9364,45,45.0,53.86,1.197,72.24,40.11,11,Normal,Good,0,0,0,52.65,72.36,41.43,11.0,1.0,1.0,1.17,50.79,73.26,39.35,12.5,5.0,0.75,1.17,1.21,-0.12,-1.32,0.0,0.027,-1.0,2.3,-0.17,-3.19,5.752,2.456,2.435,-0.285,0.3
Zone_31,12,Commercial_Downtown,EVENT_SENSITIVE,9364,45,45.0,49.79,1.106,72.39,40.07,8,Normal,Good,0,0,0,53.86,72.24,40.11,11.0,0.0,0.0,1.197,53.24,75.7,38.6,12.75,5.0,0.75,1.224,-4.07,0.15,-0.04,-3.0,-0.091,-1.0,-7.56,0.21,-0.1,5.317,-3.229,-0.011,1.821,-0.3
Zone_31,13,Commercial_Downtown,EVENT_SENSITIVE,9364,45,45.0,49.41,1.098,68.41,44.48,11,Normal,Good,0,0,0,49.79,72.39,40.07,8.0,0.0,0.0,1.106,52.2,73.4,39.79,10.0,3.0,0.5,1.16,-0.38,-3.98,4.41,3.0,-0.008,0.0,-0.76,-5.5,11.01,5.277,-1.275,-0.698,0.63,-0.4
Zone_31,14,Commercial_Downtown,EVENT_SENSITIVE,9364,45,45.0,50.48,1.122,69.02,42.09,6,Normal,Good,0,0,0,49.41,68.41,44.48,11.0,0.0,0.0,1.098,51.43,71.35,41.52,10.25,1.0,0.25,1.143,1.07,0.61,-2.39,-5.0,0.024,0.0,2.17,0.89,-5.37,5.391,-1.17,-1.379,0.911,-0.3
Zone_31,15,Commercial_Downtown,EVENT_SENSITIVE,9364,45,45.0,51.99,1.155,71.14,39.61,19,Normal,Good,0,3,1,50.48,69.02,42.09,6.0,0.0,0.0,1.122,50.88,70.51,41.69,9.0,0.0,0.0,1.131,1.51,2.12,-2.48,13.0,0.033,0.0,2.99,3.07,-5.89,5.552,-1.364,-1.052,1.035,0.0
Zone_31,16,Commercial_Downtown,EVENT_SENSITIVE,9364,45,45.0,45.5,1.011,63.12,45.92,6,Normal,Good,0,0,0,51.99,71.14,39.61,19.0,3.0,1.0,1.155,50.42,70.24,41.56,11.0,3.0,0.25,1.12,-6.49,-8.02,6.31,-13.0,-0.144,3.0,-12.48,-11.27,15.93,4.859,-0.314,0.767,-0.377,0.3
Zone_31,17,Commercial_Downtown,EVENT_SENSITIVE,9364,45,45.0,50.7,1.127,75.7,36.24,8,Normal,Good,0,1,1,45.5,63.12,45.92,6.0,0.0,0.0,1.011,49.34,67.92,43.03,10.5,3.0,0.25,1.096,5.2,12.58,-9.68,2.0,0.116,-3.0,11.43,19.93,-21.08,5.414,-1.375,-1.022,0.184,0.1
Zone_31,18,Commercial_Downtown,EVENT_SENSITIVE,9364,45,34.42,62.0,1.801,93.26,26.88,12,Normal,Good,1,5,1,50.7,75.7,36.24,8.0,1.0,1.0,1.127,49.67,69.74,40.96,9.75,4.0,0.5,1.104,11.3,17.56,-9.36,4.0,0.674,1.0,22.29,23.2,-25.83,6.621,1.202,-0.583,-1.124,0.2
Zone_31,19,Commercial_Downtown,EVENT_SENSITIVE,9364,45,34.42,66.31,1.926,98.22,27.56,16,Normal,Good,1,1,1,62.0,93.26,26.88,12.0,5.0,1.0,1.801,52.55,75.81,37.16,11.25,9.0,0.75,1.273,4.31,4.96,0.68,4.0,0.125,4.0,6.95,5.32,2.53,7.081,7.894,3.523,-4.787,0.1
Zone_31,20,Commercial_Downtown,EVENT_SENSITIVE,9364,45,45.0,61.55,1.368,90.17,29.5,14,Normal,Good,0,1,1,66.31,98.22,27.56,16.0,1.0,1.0,1.926,56.13,82.58,34.15,10.5,7.0,0.75,1.466,-4.76,-8.05,1.94,-2.0,-0.558,-4.0,-7.18,-8.2,7.04,6.573,12.286,7.373,-6.444,0.3
Zone_31,21,Commercial_Downtown,EVENT_SENSITIVE,9364,45,37.26,55.93,1.501,100.0,18.92,14,Light Rain,Moderate,0,4,1,61.55,90.17,29.5,14.0,1.0,1.0,1.368,60.14,89.34,30.04,12.5,8.0,1.0,1.555,-5.62,9.83,-10.58,0.0,0.133,0.0,-9.13,10.9,-35.86,5.973,4.837,3.686,-1.954,0.0
Zone_31,22,Commercial_Downtown,EVENT_SENSITIVE,9364,45,45.0,48.54,1.079,67.96,40.44,14,Normal,Good,0,2,1,55.93,100.0,18.92,14.0,4.0,1.0,1.501,61.45,95.41,25.71,14.0,11.0,1.0,1.649,-7.39,-32.04,21.52,0.0,-0.422,3.0,-13.21,-32.04,113.74,5.184,1.217,-2.297,-2.194,0.0
Zone_31,23,Commercial_Downtown,EVENT_SENSITIVE,9364,45,45.0,42.24,0.939,62.72,45.44,9,Normal,Good,0,2,1,48.54,67.96,40.44,14.0,2.0,1.0,1.079,58.08,89.09,29.1,14.5,8.0,1.0,1.468,-6.3,-5.24,5.0,-5.0,-0.14,-2.0,-12.98,-7.71,12.36,4.511,-8.095,-5.893,2.806,0.0
Zone_31,24,Commercial_Downtown,EVENT_SENSITIVE,9364,45,39.6,56.33,1.422,86.53,30.78,17,Normal,Good,1,0,0,42.24,62.72,45.44,9.0,2.0,1.0,0.939,52.06,80.21,33.57,12.75,9.0,1.0,1.222,14.09,23.81,-14.66,8.0,0.483,0.0,33.36,37.96,-32.26,6.016,-11.439,-6.532,6.934,0.0
Zone_31,25,Commercial_Downtown,EVENT_SENSITIVE,9364,45,37.26,51.89,1.393,91.13,24.82,13,Light Rain,Moderate,0,2,1,56.33,86.53,30.78,17.0,0.0,0.0,1.422,50.76,79.3,33.89,13.5,8.0,0.75,1.235,-4.44,4.6,-5.96,-4.0,-0.029,-2.0,-7.88,5.32,-19.36,5.541,-4.565,-0.51,4.058,-0.3
Zone_31,26,Commercial_Downtown,EVENT_SENSITIVE,9364,45,45.0,53.51,1.189,71.21,40.72,16,Normal,Good,0,2,1,51.89,91.13,24.82,13.0,2.0,1.0,1.393,49.75,77.08,35.37,13.25,6.0,0.75,1.208,1.62,-19.92,15.9,3.0,-0.204,2.0,3.12,-21.86,64.06,5.714,9.332,2.414,-6.152,-0.1
Zone_31,27,Commercial_Downtown,EVENT_SENSITIVE,9364,45,37.26,53.12,1.426,94.03,22.51,7,Light Rain,Moderate,0,6,1,53.51,71.21,40.72,16.0,2.0,1.0,1.189,50.99,77.9,35.44,13.75,6.0,0.75,1.236,-0.39,22.82,-18.21,-9.0,0.237,0.0,-0.73,32.05,-44.72,5.673,3.007,2.937,-2.012,0.1
Zone_31,28,Commercial_Downtown,EVENT_SENSITIVE,9364,45,45.0,55.72,1.238,76.9,40.04,9,Normal,Good,0,1,1,53.12,94.03,22.51,7.0,6.0,1.0,1.426,53.71,85.72,29.71,13.25,10.0,0.75,1.358,2.6,-17.13,17.53,2.0,-0.188,4.0,4.89,-18.22,77.88,5.95,0.258,-0.801,-0.891,0.3
Zone_31,29,Commercial_Downtown,EVENT_SENSITIVE,9364,45,45.0,47.06,1.046,66.25,45.39,7,Normal,Good,0,0,0,55.72,76.9,40.04,9.0,1.0,1.0,1.238,53.56,83.32,32.02,11.25,11.0,1.0,1.312,-8.66,-10.65,5.35,-2.0,-0.192,-5.0,-15.54,-13.85,13.36,5.026,-1.987,1.11,2.745,0.0
Zone_31,30,Commercial_Downtown,EVENT_SENSITIVE,9364,45,45.0,43.62,0.969,62.73,46.28,7,Normal,Good,0,0,0,47.06,66.25,45.39,7.0,0.0,0.0,1.046,52.35,77.1,37.16,9.75,9.0,0.75,1.225,-3.44,-3.52,0.89,0.0,-0.077,-1.0,-7.31,-5.31,1.96,4.658,-3.201,-1.675,3.154,-0.3
Zone_31,31,Commercial_Downtown,EVENT_SENSITIVE,9364,45,26.33,48.85,1.855,100.0,10.0,16,Heavy Rain,Poor,0,2,1,43.62,62.73,46.28,7.0,0.0,0.0,0.969,49.88,74.98,38.56,7.5,7.0,0.5,1.17,5.23,37.27,-36.28,9.0,0.886,0.0,11.99,59.41,-78.39,5.217,-10.455,-3.716,7.666,-0.4
Zone_31,32,Commercial_Downtown,EVENT_SENSITIVE,9364,45,37.26,54.73,1.469,100.0,19.53,13,Light Rain,Moderate,0,0,0,48.85,100.0,10.0,16.0,2.0,1.0,1.855,48.81,76.47,35.43,9.75,3.0,0.5,1.277,5.88,0.0,9.53,-3.0,-0.386,2.0,12.04,0.0,95.3,5.845,6.578,-2.405,-8.923,0.0
Zone_31,33,Commercial_Downtown,EVENT_SENSITIVE,9364,45,37.26,49.03,1.316,91.6,21.06,13,Light Rain,Moderate,0,4,1,54.73,100.0,19.53,13.0,0.0,0.0,1.469,48.56,82.24,30.3,10.75,2.0,0.25,1.335,-5.7,-8.4,1.53,0.0,-0.153,-2.0,-10.41,-8.4,7.83,5.236,13.852,2.824,-11.386,0.1
Zone_31,34,Commercial_Downtown,EVENT_SENSITIVE,9364,45,45.0,48.81,1.085,63.2,43.56,7,Normal,Good,0,2,1,49.03,91.6,21.06,13.0,4.0,1.0,1.316,49.06,88.58,24.22,12.25,6.0,0.5,1.402,-0.22,-28.4,22.5,-6.0,-0.231,4.0,-0.45,-31.0,106.84,5.213,8.661,2.211,-6.613,0.2
Zone_31,35,Commercial_Downtown,EVENT_SENSITIVE,9364,45,37.26,43.14,1.158,82.75,27.2,9,Light Rain,Moderate,0,2,1,48.81,63.2,43.56,7.0,2.0,1.0,1.085,50.36,88.7,23.54,12.25,8.0,0.75,1.431,-5.67,19.55,-16.36,2.0,0.073,-2.0,-11.62,30.93,-37.56,4.607,-11.88,-0.582,10.221,0.1
Zone_31,36,Commercial_Downtown,EVENT_SENSITIVE,9364,45,26.33,35.92,1.364,100.0,10.0,8,Heavy Rain,Poor,0,2,1,43.14,82.75,27.2,9.0,2.0,1.0,1.158,48.93,84.39,27.84,10.5,8.0,0.75,1.257,-7.22,17.25,-17.2,-1.0,0.206,0.0,-16.74,20.85,-63.24,3.836,-8.015,-3.499,4.551,0.3
Zone_31,37,Commercial_Downtown,EVENT_SENSITIVE,9364,45,37.26,44.39,1.191,81.79,32.64,13,Light Rain,Moderate,0,0,0,35.92,100.0,10.0,8.0,2.0,1.0,1.364,44.23,84.39,25.46,9.25,10.0,1.0,1.231,8.47,-18.21,22.64,5.0,-0.173,0.0,23.58,-18.21,226.4,4.74,4.475,-4.5,-4.954,0.0
Zone_31,38,Commercial_Downtown,EVENT_SENSITIVE,9364,45,26.83,55.28,2.06,100.0,18.9,20,Light Rain,Moderate,1,4,1,44.39,81.79,32.64,13.0,0.0,0.0,1.191,43.06,81.94,28.35,9.25,6.0,0.75,1.2,10.89,18.21,-13.74,7.0,0.869,-2.0,24.53,22.26,-42.1,5.903,7.302,-2.048,-4.996,-0.3
Zone_31,39,Commercial_Downtown,EVENT_SENSITIVE,9364,45,32.4,67.33,2.078,100.0,26.16,14,Normal,Good,1,2,1,55.28,100.0,18.9,20.0,4.0,1.0,2.06,44.68,91.14,22.18,12.5,8.0,0.75,1.443,12.05,0.0,7.26,-6.0,0.018,4.0,21.8,0.0,38.41,7.19,3.354,4.489,-0.226,-0.1
Zone_31,40,Commercial_Downtown,EVENT_SENSITIVE,9364,45,32.4,71.4,2.204,100.0,25.54,12,Normal,Good,1,0,0,67.33,100.0,26.16,14.0,2.0,1.0,2.078,50.73,95.45,21.92,13.75,8.0,0.75,1.673,4.07,0.0,-0.62,-2.0,0.126,-2.0,6.04,0.0,-2.37,7.625,1.821,10.512,3.474,0.1
Zone_31,41,Commercial_Downtown,EVENT_SENSITIVE,9364,45,45.0,62.3,1.384,87.79,30.27,15,Normal,Good,0,3,1,71.4,100.0,25.54,12.0,0.0,0.0,2.204,59.6,95.45,25.81,14.75,6.0,0.5,1.883,-9.1,-12.21,4.73,3.0,-0.82,-2.0,-12.75,-12.21,18.52,6.653,5.463,9.308,-1.404,0.0
Zone_31,42,Commercial_Downtown,EVENT_SENSITIVE,9364,45,39.6,64.24,1.622,95.69,26.98,16,Normal,Good,1,4,1,62.3,87.79,30.27,15.0,3.0,1.0,1.384,64.08,96.95,25.22,15.25,9.0,0.75,1.932,1.94,7.9,-3.29,1.0,0.238,3.0,3.11,9.0,-10.87,6.86,-3.663,2.513,3.349,-0.1
Zone_31,43,Commercial_Downtown,EVENT_SENSITIVE,9364,45,45.0,64.38,1.431,84.8,33.04,13,Normal,Good,0,2,1,64.24,95.69,26.98,16.0,4.0,1.0,1.622,66.32,95.87,27.24,14.25,9.0,0.75,1.822,0.14,-10.89,6.06,-3.0,-0.191,1.0,0.22,-11.38,22.46,6.875,-2.514,-1.837,0.719,0.1
Zone_31,44,Commercial_Downtown,EVENT_SENSITIVE,9364,45,45.0,57.14,1.27,79.98,36.49,10,Normal,Good,0,1,1,64.38,84.8,33.04,13.0,2.0,1.0,1.431,65.58,92.07,28.96,14.0,9.0,0.75,1.66,-7.24,-4.82,3.45,-3.0,-0.161,-2.0,-11.25,-5.68,10.44,6.102,-3.77,-1.912,1.921,0.3
Zone_31,45,Commercial_Downtown,EVENT_SENSITIVE,9364,45,45.0,56.75,1.261,82.69,39.84,17,Normal,Good,0,2,1,57.14,79.98,36.49,10.0,1.0,1.0,1.27,62.02,87.06,31.7,13.5,10.0,1.0,1.427,-0.39,2.71,3.35,7.0,-0.009,-1.0,-0.68,3.39,9.18,6.06,-3.432,-1.534,2.472,0.0
Zone_31,46,Commercial_Downtown,EVENT_SENSITIVE,9364,45,45.0,49.79,1.106,72.85,42.64,7,Normal,Good,0,2,1,56.75,82.69,39.84,17.0,2.0,1.0,1.261,60.63,85.79,34.09,14.0,9.0,1.0,1.396,-6.96,-9.84,2.8,-10.0,-0.155,1.0,-12.26,-11.9,7.03,5.317,-4.382,-2.971,4.203,0.0
Zone_31,47,Commercial_Downtown,EVENT_SENSITIVE,9364,45,45.0,47.52,1.056,68.73,43.02,10,Normal,Good,0,1,1,49.79,72.85,42.64,7.0,2.0,1.0,1.106,57.02,80.08,38.0,11.75,7.0,1.0,1.267,-2.27,-4.12,0.38,3.0,-0.05,0.0,-4.56,-5.66,0.89,5.075,-3.314,-4.416,3.215,0.0
Zone_31,48,Commercial_Downtown,EVENT_SENSITIVE,9364,45,45.0,46.78,1.04,64.87,44.5,10,Normal,Good,0,1,1,47.52,68.73,43.02,10.0,1.0,1.0,1.056,52.8,76.06,40.5,11.0,6.0,1.0,1.173,-0.74,-3.86,1.48,0.0,-0.016,-1.0,-1.56,-5.62,3.44,4.996,-4.359,-3.582,2.239,0.0
Zone_31,49,Commercial_Downtown,EVENT_SENSITIVE,9364,45,37.26,46.57,1.25,90.7,24.27,6,Light Rain,Moderate,0,1,1,46.78,64.87,44.5,10.0,1.0,1.0,1.04,50.21,72.28,42.5,11.0,6.0,1.0,1.116,-0.21,25.83,-20.23,-4.0,0.21,0.0,-0.45,39.82,-45.46,4.973,-5.758,-3.218,1.436,0.0
Zone_31,50,Commercial_Downtown,EVENT_SENSITIVE,9364,45,37.26,57.54,1.544,100.0,18.15,16,Light Rain,Moderate,0,2,1,46.57,90.7,24.27,6.0,1.0,1.0,1.25,47.67,74.29,38.61,8.25,5.0,1.0,1.113,10.97,9.3,-6.12,10.0,0.294,0.0,23.56,10.25,-25.22,6.145,4.969,-1.04,-5.363,0.0
Zone_31,51,Commercial_Downtown,EVENT_SENSITIVE,9364,45,37.26,58.24,1.563,98.71,18.46,19,Light Rain,Moderate,0,1,1,57.54,100.0,18.15,16.0,2.0,1.0,1.544,49.6,81.08,32.48,10.5,5.0,1.0,1.223,0.7,-1.29,0.31,3.0,0.019,1.0,1.22,-1.29,1.71,6.22,11.964,2.985,-9.484,0.0
Zone_31,52,Commercial_Downtown,EVENT_SENSITIVE,9364,45,37.26,60.58,1.626,100.0,20.52,14,Light Rain,Moderate,0,1,1,58.24,98.71,18.46,19.0,1.0,1.0,1.563,52.28,88.57,26.34,12.75,5.0,1.0,1.349,2.34,1.29,2.06,-5.0,0.063,-1.0,4.02,1.31,11.16,6.469,11.082,4.535,-8.424,0.0
Zone_32,1,Commercial_Downtown,GRADUAL_IMPROVEMENT,7248,81,81.0,38.45,0.475,20.62,58.42,7,Normal,Good,0,0,0,,,,,,,,,,,,,,,,,,,,,,,,5.305,,,,
Zone_32,2,Commercial_Downtown,GRADUAL_IMPROVEMENT,7248,81,81.0,35.82,0.442,24.77,61.21,5,Normal,Good,0,1,1,38.45,20.62,58.42,7.0,0.0,0.0,0.475,,,,,,,,-2.63,4.15,2.79,-2.0,-0.033,,-6.84,20.13,4.78,4.942,,,,
Zone_32,3,Commercial_Downtown,GRADUAL_IMPROVEMENT,7248,81,81.0,35.84,0.442,18.22,61.24,5,Normal,Good,0,0,0,35.82,24.77,61.21,5.0,1.0,1.0,0.442,,,,,,,,0.02,-6.55,0.03,0.0,0.0,1.0,0.06,-26.44,0.05,4.945,,,,
Zone_32,4,Commercial_Downtown,GRADUAL_IMPROVEMENT,7248,81,81.0,36.36,0.449,21.41,57.08,3,Normal,Good,0,0,0,35.84,18.22,61.24,5.0,0.0,0.0,0.442,,,,,,,,0.52,3.19,-4.16,-2.0,0.007,-1.0,1.45,17.51,-6.79,5.017,,,,
Zone_32,5,Commercial_Downtown,GRADUAL_IMPROVEMENT,7248,81,81.0,33.21,0.41,19.39,58.72,4,Normal,Good,0,1,1,36.36,21.41,57.08,3.0,0.0,0.0,0.449,36.62,21.26,59.49,5.0,1.0,0.25,0.452,-3.15,-2.02,1.64,1.0,-0.039,0.0,-8.66,-9.43,2.87,4.582,-0.418,-0.625,-0.399,-0.1
Zone_32,6,Commercial_Downtown,GRADUAL_IMPROVEMENT,7248,81,81.0,39.89,0.492,22.11,58.78,7,Normal,Good,0,0,0,33.21,19.39,58.72,4.0,1.0,1.0,0.41,35.31,20.95,59.56,4.25,2.0,0.5,0.436,6.68,2.72,0.06,3.0,0.082,1.0,20.11,14.03,0.1,5.504,-1.295,-0.731,-1.163,0.0
Zone_32,7,Commercial_Downtown,GRADUAL_IMPROVEMENT,7248,81,81.0,40.68,0.502,26.66,60.14,1,Normal,Good,0,0,0,39.89,22.11,58.78,7.0,0.0,0.0,0.492,36.33,20.28,58.96,4.75,1.0,0.25,0.448,0.79,4.55,1.36,-6.0,0.01,-1.0,1.98,20.58,2.31,5.613,0.965,0.9,-0.574,0.1
Zone_32,8,Commercial_Downtown,GRADUAL_IMPROVEMENT,7248,81,81.0,40.99,0.506,24.82,56.21,4,Normal,Good,0,1,1,40.68,26.66,60.14,1.0,0.0,0.0,0.502,37.54,22.39,58.68,3.75,1.0,0.25,0.463,0.31,-1.84,-3.93,3.0,0.004,0.0,0.76,-6.9,-6.53,5.655,1.847,1.964,0.924,-0.1
Zone_32,9,Commercial_Downtown,GRADUAL_IMPROVEMENT,7248,81,67.07,37.64,0.561,37.1,50.75,7,Light Rain,Moderate,0,1,1,40.99,24.82,56.21,4.0,1.0,1.0,0.506,38.69,23.24,58.46,4.0,2.0,0.5,0.478,-3.35,12.28,-5.46,3.0,0.055,1.0,-8.17,49.48,-9.71,5.193,2.084,2.413,-0.617,0.0
Zone_32,10,Commercial_Downtown,GRADUAL_IMPROVEMENT,7248,81,81.0,31.43,0.388,19.74,57.58,3,Normal,Good,0,0,0,37.64,37.1,50.75,7.0,1.0,1.0,0.561,39.8,27.67,56.47,4.75,2.0,0.5,0.515,-6.21,-17.36,6.83,-4.0,-0.173,0.0,-16.5,-46.79,13.46,4.336,4.313,-0.644,-2.802,0.4
Zone_32,11,Commercial_Downtown,GRADUAL_IMPROVEMENT,7248,81,81.0,31.15,0.385,16.22,62.05,8,Normal,Good,0,1,1,31.43,19.74,57.58,3.0,0.0,0.0,0.388,37.68,27.08,56.17,3.75,2.0,0.5,0.489,-0.28,-3.52,4.47,5.0,-0.003,-1.0,-0.89,-17.83,7.76,4.298,-0.848,-3.11,-1.314,0.0
Zone_32,12,Commercial_Downtown,GRADUAL_IMPROVEMENT,7248,81,81.0,29.95,0.37,15.0,64.38,3,Normal,Good,0,2,1,31.15,16.22,62.05,8.0,1.0,1.0,0.385,35.3,24.47,56.65,5.5,3.0,0.75,0.46,-1.2,-1.22,2.33,-5.0,-0.015,1.0,-3.85,-7.52,3.76,4.132,-4.316,-3.573,2.435,-0.1
Zone_32,13,Commercial_Downtown,GRADUAL_IMPROVEMENT,7248,81,81.0,38.78,0.479,21.44,58.49,7,Normal,Good,0,0,0,29.95,15.0,64.38,3.0,2.0,1.0,0.37,32.54,22.02,58.69,5.25,4.0,0.75,0.426,8.83,6.44,-5.89,4.0,0.109,1.0,29.48,42.93,-9.15,5.35,-6.982,-2.335,4.536,0.1
Zone_32,14,Commercial_Downtown,GRADUAL_IMPROVEMENT,7248,81,81.0,43.5,0.537,23.39,62.91,3,Normal,Good,0,0,0,38.78,21.44,58.49,7.0,0.0,0.0,0.479,32.83,18.1,60.62,5.25,3.0,0.5,0.406,4.72,1.95,4.42,-4.0,0.058,-2.0,12.17,9.1,7.56,6.002,0.388,2.085,0.506,0.0
Zone_32,15,Commercial_Downtown,GRADUAL_IMPROVEMENT,7248,81,81.0,37.35,0.461,23.08,58.83,6,Normal,Good,0,0,0,43.5,23.39,62.91,3.0,0.0,0.0,0.537,35.84,19.01,61.96,5.25,3.0,0.5,0.443,-6.15,-0.31,-4.08,3.0,-0.076,0.0,-14.14,-1.33,-6.49,5.153,2.795,4.588,-0.331,-0.4
Zone_32,16,Commercial_Downtown,GRADUAL_IMPROVEMENT,7248,81,81.0,33.08,0.408,20.84,61.02,7,Normal,Good,0,0,0,37.35,23.08,58.83,6.0,0.0,0.0,0.461,37.4,20.73,61.15,4.75,2.0,0.25,0.462,-4.27,-2.24,2.19,1.0,-0.053,0.0,-11.43,-9.71,3.72,4.564,2.619,2.692,-1.223,-0.3
Zone_32,17,Commercial_Downtown,GRADUAL_IMPROVEMENT,7248,81,67.07,33.6,0.501,26.21,55.51,5,Light Rain,Moderate,0,1,1,33.08,20.84,61.02,7.0,0.0,0.0,0.408,38.18,22.19,60.31,5.75,0.0,0.0,0.471,0.52,5.37,-5.51,-2.0,0.093,0.0,1.57,25.77,-9.03,4.636,-0.211,-2.325,0.351,0.0
Zone_32,18,Commercial_Downtown,GRADUAL_IMPROVEMENT,7248,81,57.01,34.87,0.612,35.64,50.45,9,Light Rain,Moderate,1,3,1,33.6,26.21,55.51,5.0,1.0,1.0,0.501,36.88,23.38,59.57,5.25,1.0,0.25,0.477,1.27,9.43,-5.06,4.0,0.111,1.0,3.78,35.98,-9.12,4.811,0.622,-3.397,-2.001,0.3
Zone_32,19,Commercial_Downtown,GRADUAL_IMPROVEMENT,7248,81,68.85,32.68,0.475,17.59,57.39,11,Normal,Good,1,0,0,34.87,35.64,50.45,9.0,3.0,1.0,0.612,34.72,26.44,56.45,6.75,4.0,0.5,0.496,-2.19,-18.05,6.94,2.0,-0.137,2.0,-6.28,-50.65,13.76,4.509,4.305,-0.692,-3.065,0.4
Zone_32,20,Commercial_Downtown,GRADUAL_IMPROVEMENT,7248,81,81.0,32.71,0.404,16.99,63.76,4,Normal,Good,0,0,0,32.68,17.59,57.39,11.0,0.0,0.0,0.475,33.56,25.07,56.09,8.0,4.0,0.5,0.499,0.03,-0.6,6.37,-7.0,-0.071,-3.0,0.09,-3.41,11.1,4.513,-0.032,0.007,-1.595,0.0
Zone_32,21,Commercial_Downtown,GRADUAL_IMPROVEMENT,7248,81,81.0,32.4,0.4,20.01,58.74,6,Normal,Good,0,0,0,32.71,16.99,63.76,4.0,0.0,0.0,0.404,33.46,24.11,56.78,7.25,4.0,0.5,0.498,-0.31,3.02,-5.02,2.0,-0.004,0.0,-0.95,17.78,-7.87,4.47,-4.571,-0.486,3.169,-0.4
Zone_32,22,Commercial_Downtown,GRADUAL_IMPROVEMENT,7248,81,67.07,37.43,0.558,30.23,48.82,3,Light Rain,Moderate,0,0,0,32.4,20.01,58.74,6.0,0.0,0.0,0.4,33.16,22.56,57.58,7.5,3.0,0.25,0.473,5.03,10.22,-9.92,-3.0,0.158,0.0,15.52,51.07,-16.89,5.164,-4.749,-0.738,3.124,-0.3
Zone_32,23,Commercial_Downtown,GRADUAL_IMPROVEMENT,7248,81,67.07,34.31,0.512,30.58,46.87,8,Light Rain,Moderate,0,0,0,37.43,30.23,48.82,3.0,0.0,0.0,0.558,33.8,21.2,57.18,6.0,0.0,0.0,0.459,-3.12,0.35,-1.95,5.0,-0.046,0.0,-8.34,1.16,-3.99,4.734,4.094,1.394,-3.073,0.0
Zone_32,24,Commercial_Downtown,GRADUAL_IMPROVEMENT,7248,81,81.0,36.44,0.45,21.75,61.51,4,Normal,Good,0,0,0,34.31,30.58,46.87,8.0,0.0,0.0,0.512,34.21,24.45,54.55,5.25,0.0,0.0,0.468,2.13,-8.83,14.64,-4.0,-0.062,0.0,6.21,-28.87,31.24,5.028,5.099,0.983,-6.059,0.0
Zone_32,25,Commercial_Downtown,GRADUAL_IMPROVEMENT,7248,81,81.0,37.3,0.46,20.85,57.75,7,Normal,Good,0,0,0,36.44,21.75,61.51,4.0,0.0,0.0,0.45,35.14,25.64,53.98,5.25,0.0,0.0,0.48,0.86,-0.9,-3.76,3.0,0.01,0.0,2.36,-4.14,-6.11,5.146,0.557,0.9,0.636,0.0
Zone_32,26,Commercial_Downtown,GRADUAL_IMPROVEMENT,7248,81,81.0,33.83,0.418,17.67,63.6,3,Normal,Good,0,0,0,37.3,20.85,57.75,7.0,0.0,0.0,0.46,36.37,25.85,53.74,5.5,0.0,0.0,0.495,-3.47,-3.18,5.85,-4.0,-0.042,0.0,-9.3,-15.25,10.13,4.667,-3.697,0.174,4.143,0.0
Zone_32,27,Commercial_Downtown,GRADUAL_IMPROVEMENT,7248,81,81.0,35.91,0.443,20.95,60.29,9,Normal,Good,0,0,0,33.83,17.67,63.6,3.0,0.0,0.0,0.418,35.47,22.71,57.43,5.5,0.0,0.0,0.46,2.08,3.28,-3.31,6.0,0.025,0.0,6.15,18.56,-5.2,4.954,-3.963,-0.058,4.643,0.0
Zone_32,28,Commercial_Downtown,GRADUAL_IMPROVEMENT,7248,81,81.0,35.16,0.434,22.76,60.43,9,Normal,Good,0,2,1,35.91,20.95,60.29,9.0,0.0,0.0,0.443,35.87,20.3,60.79,5.75,0.0,0.0,0.443,-0.75,1.81,0.14,0.0,-0.009,0.0,-2.09,8.64,0.23,4.851,-0.558,-0.506,0.219,0.0
Zone_32,29,Commercial_Downtown,GRADUAL_IMPROVEMENT,7248,81,81.0,32.01,0.395,15.87,66.12,4,Normal,Good,0,0,0,35.16,22.76,60.43,9.0,2.0,1.0,0.434,35.55,20.56,60.52,7.0,2.0,0.25,0.439,-3.15,-6.89,5.69,-5.0,-0.039,2.0,-8.96,-30.27,9.42,4.416,0.901,-0.434,0.473,0.3
Zone_32,30,Commercial_Downtown,GRADUAL_IMPROVEMENT,7248,81,81.0,29.14,0.36,16.71,61.94,2,Normal,Good,0,0,0,32.01,15.87,66.12,4.0,0.0,0.0,0.395,34.23,19.31,62.61,6.25,2.0,0.25,0.422,-2.87,0.84,-4.18,-2.0,-0.035,-2.0,-8.97,5.29,-6.32,4.02,-0.359,-0.621,0.77,0.1
Zone_32,31,Commercial_Downtown,GRADUAL_IMPROVEMENT,7248,81,67.07,33.71,0.503,26.33,51.84,5,Light Rain,Moderate,0,0,0,29.14,16.71,61.94,2.0,0.0,0.0,0.36,33.05,19.07,62.2,6.0,2.0,0.25,0.408,4.57,9.62,-10.1,3.0,0.143,0.0,15.68,57.57,-16.31,4.651,-1.961,-2.346,1.064,-0.1
Zone_32,32,Commercial_Downtown,GRADUAL_IMPROVEMENT,7248,81,47.38,32.46,0.685,45.07,29.81,14,Heavy Rain,Poor,0,3,1,33.71,26.33,51.84,5.0,0.0,0.0,0.503,32.5,20.42,60.08,5.0,2.0,0.25,0.423,-1.25,18.74,-22.03,9.0,0.182,0.0,-3.71,71.17,-42.5,4.478,1.155,-0.722,-2.995,-0.3
Zone_32,33,Commercial_Downtown,GRADUAL_IMPROVEMENT,7248,81,47.38,33.71,0.711,50.67,28.79,5,Heavy Rain,Poor,0,1,1,32.46,45.07,29.81,14.0,3.0,1.0,0.685,31.83,25.99,52.43,6.25,3.0,0.25,0.486,1.25,5.6,-1.02,-9.0,0.026,3.0,3.85,12.43,-3.42,4.651,9.722,0.592,-11.903,0.3
Zone_32,34,Commercial_Downtown,GRADUAL_IMPROVEMENT,7248,81,81.0,36.41,0.45,20.38,59.31,8,Normal,Good,0,0,0,33.71,50.67,28.79,5.0,1.0,1.0,0.711,32.26,34.7,43.1,6.5,4.0,0.5,0.565,2.7,-30.29,30.52,3.0,-0.261,-2.0,8.01,-59.78,106.01,5.023,12.062,1.246,-12.148,0.4
Zone_32,35,Commercial_Downtown,GRADUAL_IMPROVEMENT,7248,81,81.0,28.2,0.348,14.73,61.8,3,Normal,Good,0,0,0,36.41,20.38,59.31,8.0,0.0,0.0,0.45,34.07,35.61,42.44,8.0,4.0,0.5,0.587,-8.21,-5.65,2.49,-5.0,-0.102,-1.0,-22.55,-27.72,4.2,3.891,-1.225,0.935,2.139,0.0
Zone_32,36,Commercial_Downtown,GRADUAL_IMPROVEMENT,7248,81,47.38,23.95,0.505,28.81,36.72,10,Heavy Rain,Poor,0,1,1,28.2,14.73,61.8,3.0,0.0,0.0,0.348,32.7,32.71,44.93,7.5,4.0,0.5,0.548,-4.25,14.08,-25.08,7.0,0.157,0.0,-15.07,95.59,-40.58,3.304,-12.131,-1.008,12.649,-0.4
Zone_32,37,Commercial_Downtown,GRADUAL_IMPROVEMENT,7248,81,81.0,24.43,0.302,14.73,60.21,3,Normal,Good,0,0,0,23.95,28.81,36.72,10.0,1.0,1.0,0.505,30.57,28.65,46.66,6.5,2.0,0.5,0.504,0.48,-14.08,23.49,-7.0,-0.203,1.0,2.0,-48.87,63.97,3.371,-7.123,-3.749,2.628,0.0
Zone_32,38,Commercial_Downtown,GRADUAL_IMPROVEMENT,7248,81,64.8,34.13,0.527,27.62,56.67,10,Normal,Good,1,1,1,24.43,14.73,60.21,3.0,0.0,0.0,0.302,28.25,19.66,54.51,6.0,1.0,0.25,0.401,9.7,12.89,-3.54,7.0,0.225,-1.0,39.71,87.51,-5.88,4.709,-0.287,-4.019,-2.238,0.1
Zone_32,39,Commercial_Downtown,GRADUAL_IMPROVEMENT,7248,81,64.8,41.89,0.646,30.7,56.91,6,Normal,Good,1,0,0,34.13,27.62,56.67,10.0,1.0,1.0,0.527,27.68,21.47,53.85,6.5,2.0,0.5,0.42,7.76,3.08,0.24,-4.0,0.119,1.0,22.74,11.15,0.42,5.78,2.459,1.827,0.81,0.2
Zone_32,40,Commercial_Downtown,GRADUAL_IMPROVEMENT,7248,81,64.8,46.66,0.72,27.94,58.53,4,Normal,Good,1,0,0,41.89,30.7,56.91,6.0,0.0,0.0,0.646,31.1,25.46,52.63,7.25,2.0,0.5,0.495,4.77,-2.76,1.62,-2.0,0.074,-1.0,11.39,-8.99,2.85,6.438,1.856,6.352,5.703,-0.2
Zone_32,41,Commercial_Downtown,GRADUAL_IMPROVEMENT,7248,81,81.0,36.91,0.456,21.72,65.37,4,Normal,Good,0,0,0,46.66,27.94,58.53,4.0,0.0,0.0,0.72,36.78,25.25,58.08,5.75,1.0,0.25,0.549,-9.75,-6.22,6.84,0.0,-0.264,0.0,-20.9,-22.26,11.69,5.092,4.271,7.445,-0.48,-0.1
Zone_32,42,Commercial_Downtown,GRADUAL_IMPROVEMENT,7248,81,81.0,34.33,0.424,17.53,62.56,3,Normal,Good,0,0,0,36.91,21.72,65.37,4.0,0.0,0.0,0.456,39.9,26.99,59.37,6.0,1.0,0.25,0.587,-2.58,-4.19,-2.81,-1.0,-0.032,0.0,-6.99,-19.29,-4.3,4.736,-2.046,1.311,2.772,-0.3
Zone_32,43,Commercial_Downtown,GRADUAL_IMPROVEMENT,7248,81,67.07,31.61,0.471,25.08,51.84,3,Light Rain,Moderate,0,0,0,34.33,17.53,62.56,3.0,0.0,0.0,0.424,39.95,24.47,60.84,4.25,0.0,0.0,0.562,-2.72,7.55,-10.72,0.0,0.047,0.0,-7.92,43.07,-17.14,4.361,-4.573,-3.243,2.379,0.0
Zone_32,44,Commercial_Downtown,GRADUAL_IMPROVEMENT,7248,81,81.0,36.15,0.446,16.76,60.96,8,Normal,Good,0,0,0,31.61,25.08,51.84,3.0,0.0,0.0,0.471,37.38,23.07,59.58,3.5,0.0,0.0,0.518,4.54,-8.32,9.12,5.0,-0.025,0.0,14.36,-33.17,17.59,4.988,-1.277,-4.773,-2.288,0.0
Zone_32,45,Commercial_Downtown,GRADUAL_IMPROVEMENT,7248,81,81.0,36.43,0.45,21.52,57.9,3,Normal,Good,0,0,0,36.15,16.76,60.96,8.0,0.0,0.0,0.446,34.75,20.27,60.18,4.5,0.0,0.0,0.449,0.28,4.76,-3.06,-5.0,0.004,0.0,0.77,28.4,-5.02,5.026,-0.733,-0.5,-2.395,0.0
Zone_32,46,Commercial_Downtown,GRADUAL_IMPROVEMENT,7248,81,81.0,32.49,0.401,20.9,61.91,6,Normal,Good,0,0,0,36.43,21.52,57.9,3.0,0.0,0.0,0.45,34.63,20.22,58.32,4.25,0.0,0.0,0.448,-3.94,-0.62,4.01,3.0,-0.049,0.0,-10.82,-2.88,6.93,4.483,0.365,1.084,-0.486,0.0
Zone_32,47,Commercial_Downtown,GRADUAL_IMPROVEMENT,7248,81,81.0,28.93,0.357,16.02,63.23,3,Normal,Good,0,0,0,32.49,20.9,61.91,6.0,0.0,0.0,0.401,34.17,21.06,58.15,5.0,0.0,0.0,0.442,-3.56,-4.88,1.32,-3.0,-0.044,0.0,-10.96,-23.35,2.13,3.991,-0.778,0.292,2.715,0.0
Zone_32,48,Commercial_Downtown,GRADUAL_IMPROVEMENT,7248,81,81.0,24.76,0.306,15.41,61.88,1,Normal,Good,0,0,0,28.93,16.02,63.23,3.0,0.0,0.0,0.357,33.5,18.8,61.0,5.0,0.0,0.0,0.414,-4.17,-0.61,-1.35,-2.0,-0.051,0.0,-14.41,-3.81,-2.14,3.416,-0.284,-2.56,1.082,0.0
Zone_32,49,Commercial_Downtown,GRADUAL_IMPROVEMENT,7248,81,67.07,27.1,0.404,20.99,51.97,11,Light Rain,Moderate,0,0,0,24.76,15.41,61.88,1.0,0.0,0.0,0.306,30.65,18.46,61.23,3.25,0.0,0.0,0.378,2.34,5.58,-9.91,10.0,0.098,0.0,9.45,36.21,-16.01,3.739,-2.321,-3.857,1.326,0.0
Zone_32,50,Commercial_Downtown,GRADUAL_IMPROVEMENT,7248,81,81.0,23.6,0.291,14.63,61.69,1,Normal,Good,0,0,0,27.1,20.99,51.97,11.0,0.0,0.0,0.404,28.32,18.33,59.75,5.25,0.0,0.0,0.367,-3.5,-6.36,9.72,-10.0,-0.113,0.0,-12.92,-30.3,18.7,3.256,-0.034,-2.034,-3.117,0.0
Zone_32,51,Commercial_Downtown,GRADUAL_IMPROVEMENT,7248,81,81.0,15.74,0.194,12.57,63.88,2,Normal,Good,0,0,0,23.6,14.63,61.69,1.0,0.0,0.0,0.291,26.1,16.76,59.69,4.0,0.0,0.0,0.34,-7.86,-2.06,2.19,1.0,-0.097,0.0,-33.3,-14.08,3.55,2.172,0.141,-1.365,-1.453,0.0
Zone_32,52,Commercial_Downtown,GRADUAL_IMPROVEMENT,7248,81,81.0,12.25,0.151,6.93,62.79,4,Normal,Good,0,0,0,15.74,12.57,63.88,2.0,0.0,0.0,0.194,22.8,15.9,59.86,3.75,0.0,0.0,0.299,-3.49,-5.64,-1.09,2.0,-0.043,0.0,-22.17,-44.87,-1.71,1.69,-1.488,-3.056,1.572,0.0
Zone_33,1,Commercial_Downtown,RECOVERY_AFTER_DISRUPTION,6945,63,63.0,32.47,0.515,26.96,58.66,4,Normal,Good,0,0,0,,,,,,,,,,,,,,,,,,,,,,,,4.675,,,,
Zone_33,2,Commercial_Downtown,RECOVERY_AFTER_DISRUPTION,6945,63,63.0,32.76,0.52,27.48,57.38,6,Normal,Good,0,0,0,32.47,26.96,58.66,4.0,0.0,0.0,0.515,,,,,,,,0.29,0.52,-1.28,2.0,0.005,,0.89,1.93,-2.18,4.717,,,,
Zone_33,3,Commercial_Downtown,RECOVERY_AFTER_DISRUPTION,6945,63,63.0,36.45,0.579,28.31,56.68,6,Normal,Good,0,1,1,32.76,27.48,57.38,6.0,0.0,0.0,0.52,,,,,,,,3.69,0.83,-0.7,0.0,0.059,0.0,11.26,3.02,-1.22,5.248,,,,
Zone_33,4,Commercial_Downtown,RECOVERY_AFTER_DISRUPTION,6945,63,63.0,33.1,0.525,19.19,61.13,3,Normal,Good,0,2,1,36.45,28.31,56.68,6.0,1.0,1.0,0.579,,,,,,,,-3.35,-9.12,4.45,-3.0,-0.054,1.0,-9.19,-32.21,7.85,4.766,,,,
Zone_33,5,Commercial_Downtown,RECOVERY_AFTER_DISRUPTION,6945,63,63.0,29.2,0.463,24.82,56.23,4,Normal,Good,0,0,0,33.1,19.19,61.13,3.0,2.0,1.0,0.525,33.7,25.48,58.46,4.75,3.0,0.5,0.535,-3.9,5.63,-4.9,1.0,-0.062,1.0,-11.78,29.34,-8.02,4.204,-2.248,0.558,0.671,0.4
Zone_33,6,Commercial_Downtown,RECOVERY_AFTER_DISRUPTION,6945,63,63.0,33.47,0.531,22.81,58.25,3,Normal,Good,0,2,1,29.2,24.82,56.23,4.0,0.0,0.0,0.463,32.88,24.95,57.86,4.75,3.0,0.5,0.522,4.27,-2.01,2.02,-1.0,0.068,-2.0,14.62,-8.1,3.59,4.819,-1.71,-1.403,0.1,0.0
Zone_33,7,Commercial_Downtown,RECOVERY_AFTER_DISRUPTION,6945,63,63.0,31.87,0.506,23.86,59.19,6,Normal,Good,0,0,0,33.47,22.81,58.25,3.0,2.0,1.0,0.531,33.06,23.78,58.07,4.0,5.0,0.75,0.524,-1.6,1.05,0.94,3.0,-0.025,2.0,-4.78,4.6,1.61,4.589,-1.087,-1.284,-0.019,-0.1
Zone_33,8,Commercial_Downtown,RECOVERY_AFTER_DISRUPTION,6945,63,63.0,41.05,0.652,32.05,60.61,4,Normal,Good,0,0,0,31.87,23.86,59.19,6.0,0.0,0.0,0.506,31.91,22.67,58.7,4.0,4.0,0.5,0.506,9.18,8.19,1.42,-2.0,0.146,-2.0,28.8,34.33,2.4,5.911,1.2,0.058,-0.38,-0.2
Zone_33,9,Commercial_Downtown,RECOVERY_AFTER_DISRUPTION,6945,63,63.0,36.77,0.584,26.33,59.56,10,Normal,Good,0,0,0,41.05,32.05,60.61,4.0,0.0,0.0,0.652,33.9,25.88,58.57,4.25,2.0,0.25,0.538,-4.28,-5.72,-1.05,6.0,-0.068,0.0,-10.43,-17.85,-1.73,5.294,2.274,3.395,1.408,-0.1
Zone_33,10,Commercial_Downtown,RECOVERY_AFTER_DISRUPTION,6945,63,63.0,40.07,0.636,30.28,56.59,3,Normal,Good,0,0,0,36.77,26.33,59.56,10.0,0.0,0.0,0.584,35.79,26.26,59.4,5.75,2.0,0.25,0.568,3.3,3.95,-2.97,-7.0,0.052,0.0,8.97,15.0,-4.99,5.77,1.875,1.908,0.535,-0.3
Zone_33,11,Commercial_Downtown,RECOVERY_AFTER_DISRUPTION,6945,63,63.0,38.14,0.605,33.81,56.31,9,Normal,Good,0,2,1,40.07,30.28,56.59,3.0,0.0,0.0,0.636,37.44,28.13,58.99,5.75,0.0,0.0,0.594,-1.93,3.53,-0.28,6.0,-0.031,0.0,-4.82,11.66,-0.49,5.492,1.354,2.032,-0.885,0.0
Zone_33,12,Commercial_Downtown,RECOVERY_AFTER_DISRUPTION,6945,63,63.0,39.65,0.629,33.22,55.25,6,Normal,Good,0,0,0,38.14,33.81,56.31,9.0,2.0,1.0,0.605,39.01,30.62,58.27,6.5,2.0,0.25,0.619,1.51,-0.59,-1.06,-3.0,0.024,2.0,3.96,-1.75,-1.88,5.709,0.923,-0.543,-1.587,0.3
Zone_33,13,Commercial_Downtown,RECOVERY_AFTER_DISRUPTION,6945,63,63.0,31.0,0.492,19.64,59.86,3,Normal,Good,0,0,0,39.65,33.22,55.25,6.0,0.0,0.0,0.629,38.66,30.91,56.93,7.0,2.0,0.25,0.613,-8.65,-13.58,4.61,-3.0,-0.137,-2.0,-21.82,-40.88,8.34,4.464,2.42,0.671,-1.321,0.1
Zone_33,14,Commercial_Downtown,RECOVERY_AFTER_DISRUPTION,6945,63,52.16,31.58,0.605,33.55,48.0,11,Light Rain,Moderate,0,0,0,31.0,19.64,59.86,3.0,0.0,0.0,0.492,37.21,29.24,57.0,5.25,2.0,0.25,0.59,0.58,13.91,-11.86,8.0,0.113,0.0,1.87,70.82,-19.81,4.547,-3.251,-2.57,0.875,-0.1
Zone_33,15,Commercial_Downtown,RECOVERY_AFTER_DISRUPTION,6945,63,63.0,35.82,0.569,29.82,60.27,7,Normal,Good,0,0,0,31.58,33.55,48.0,11.0,0.0,0.0,0.605,35.09,30.06,54.86,7.25,2.0,0.25,0.583,4.24,-3.73,12.27,-4.0,-0.036,0.0,13.43,-11.12,25.56,5.158,-1.436,-2.833,-2.032,-0.3
Zone_33,16,Commercial_Downtown,RECOVERY_AFTER_DISRUPTION,6945,63,52.16,37.76,0.724,42.05,49.75,13,Light Rain,Moderate,0,2,1,35.82,29.82,60.27,7.0,0.0,0.0,0.569,34.51,29.06,55.84,6.75,0.0,0.0,0.574,1.94,12.23,-10.52,6.0,0.155,0.0,5.42,41.01,-17.45,5.437,0.371,-1.091,0.32,0.0
Zone_33,17,Commercial_Downtown,RECOVERY_AFTER_DISRUPTION,6945,63,63.0,43.97,0.698,38.35,53.02,4,Normal,Good,0,0,0,37.76,42.05,49.75,13.0,2.0,1.0,0.724,34.04,31.26,54.47,8.5,2.0,0.25,0.597,6.21,-3.7,3.27,-9.0,-0.026,2.0,16.45,-8.8,6.57,6.331,6.35,2.452,-1.806,0.3
Zone_33,18,Commercial_Downtown,RECOVERY_AFTER_DISRUPTION,6945,63,44.34,54.3,1.225,86.22,25.4,6,Light Rain,Moderate,1,0,0,43.97,38.35,53.02,4.0,0.0,0.0,0.698,37.28,35.94,52.76,8.75,2.0,0.25,0.649,10.33,47.87,-27.62,2.0,0.527,-2.0,23.49,124.82,-52.09,7.819,2.663,3.911,0.454,0.1
Zone_33,19,Commercial_Downtown,RECOVERY_AFTER_DISRUPTION,6945,63,53.55,63.0,1.176,76.28,38.3,14,Normal,Good,1,3,1,54.3,86.22,25.4,6.0,0.0,0.0,1.225,42.96,49.11,47.11,7.5,2.0,0.25,0.804,8.7,-9.94,12.9,8.0,-0.049,0.0,16.02,-11.53,50.79,9.071,16.55,6.165,-10.134,-0.1
Zone_33,20,Commercial_Downtown,RECOVERY_AFTER_DISRUPTION,6945,63,63.0,62.24,0.988,57.86,46.93,9,Normal,Good,0,1,1,63.0,76.28,38.3,14.0,3.0,1.0,1.176,49.76,60.72,41.62,9.25,5.0,0.5,0.956,-0.76,-18.42,8.63,-5.0,-0.188,3.0,-1.21,-24.15,22.53,8.962,15.056,8.605,-6.197,0.0
Zone_33,21,Commercial_Downtown,RECOVERY_AFTER_DISRUPTION,6945,63,51.66,54.28,1.051,69.82,40.54,13,Normal,Good,0,1,1,62.24,57.86,46.93,9.0,1.0,1.0,0.988,55.88,64.68,40.91,8.25,4.0,0.5,1.022,-7.96,11.96,-6.39,4.0,0.063,-2.0,-12.79,20.67,-13.62,7.816,4.859,6.351,-0.537,0.4
Zone_33,22,Commercial_Downtown,RECOVERY_AFTER_DISRUPTION,6945,63,51.66,57.46,1.112,71.12,39.48,7,Normal,Good,0,2,1,54.28,69.82,40.54,13.0,1.0,1.0,1.051,58.46,72.54,37.79,10.5,5.0,0.75,1.11,3.18,1.3,-1.06,-6.0,0.061,0.0,5.86,1.86,-2.61,8.274,-6.762,-0.082,5.405,0.3
Zone_33,23,Commercial_Downtown,RECOVERY_AFTER_DISRUPTION,6945,63,51.66,54.83,1.061,67.31,42.02,9,Normal,Good,0,1,1,57.46,71.12,39.48,7.0,2.0,1.0,1.112,59.24,68.77,41.31,10.75,7.0,1.0,1.082,-2.63,-3.81,2.54,2.0,-0.051,1.0,-4.58,-5.36,6.43,7.895,-0.352,-2.458,-0.285,0.0
Zone_33,24,Commercial_Downtown,RECOVERY_AFTER_DISRUPTION,6945,63,51.66,57.31,1.109,67.42,42.97,10,Normal,Good,0,0,0,54.83,67.31,42.02,9.0,1.0,1.0,1.061,57.2,66.53,42.24,9.5,5.0,1.0,1.053,2.48,0.11,0.95,1.0,0.048,-1.0,4.52,0.16,2.26,8.252,2.965,-1.905,-1.579,0.0
Zone_33,25,Commercial_Downtown,RECOVERY_AFTER_DISRUPTION,6945,63,51.66,64.97,1.258,77.83,37.01,11,Normal,Good,0,0,0,57.31,67.42,42.97,10.0,0.0,0.0,1.109,55.97,68.92,41.25,9.75,4.0,0.75,1.083,7.66,10.41,-5.96,1.0,0.149,-1.0,13.37,15.44,-13.87,9.355,-1.101,0.646,0.983,-0.3
Zone_33,26,Commercial_Downtown,RECOVERY_AFTER_DISRUPTION,6945,63,51.66,59.1,1.144,72.46,39.31,9,Normal,Good,0,0,0,64.97,77.83,37.01,11.0,0.0,0.0,1.258,58.64,70.92,40.37,9.25,3.0,0.5,1.135,-5.87,-5.37,2.3,-2.0,-0.114,0.0,-9.03,-6.9,6.21,8.51,2.024,2.501,-0.646,-0.4
Zone_33,27,Commercial_Downtown,RECOVERY_AFTER_DISRUPTION,6945,63,51.66,55.84,1.081,64.41,44.52,4,Normal,Good,0,3,1,59.1,72.46,39.31,9.0,0.0,0.0,1.144,59.05,71.26,40.33,9.75,1.0,0.25,1.143,-3.26,-8.05,5.21,-5.0,-0.063,0.0,-5.52,-11.11,13.25,8.04,2.586,2.047,-1.409,-0.3
Zone_33,28,Commercial_Downtown,RECOVERY_AFTER_DISRUPTION,6945,63,51.66,57.6,1.115,67.35,40.35,4,Normal,Good,0,0,0,55.84,64.41,44.52,4.0,3.0,1.0,1.081,59.3,70.53,40.95,8.5,3.0,0.25,1.148,1.76,2.94,-4.17,0.0,0.034,3.0,3.15,4.56,-9.37,8.294,-1.44,-1.028,0.695,0.3
Zone_33,29,Commercial_Downtown,RECOVERY_AFTER_DISRUPTION,6945,63,63.0,51.13,0.812,45.2,50.8,9,Normal,Good,0,1,1,57.6,67.35,40.35,4.0,0.0,0.0,1.115,59.38,70.51,40.3,7.0,3.0,0.25,1.15,-6.47,-22.15,10.45,5.0,-0.303,-3.0,-11.23,-32.89,25.9,7.362,-3.949,-2.537,1.523,0.1
Zone_33,30,Commercial_Downtown,RECOVERY_AFTER_DISRUPTION,6945,63,63.0,52.34,0.831,46.15,53.61,9,Normal,Good,0,0,0,51.13,45.2,50.8,9.0,1.0,1.0,0.812,55.92,62.36,43.74,6.5,4.0,0.5,1.038,1.21,0.95,2.81,0.0,0.019,1.0,2.37,2.1,5.53,7.536,-7.884,-2.215,3.03,0.2
Zone_33,31,Commercial_Downtown,RECOVERY_AFTER_DISRUPTION,6945,63,52.16,52.57,1.008,72.78,34.0,9,Light Rain,Moderate,0,3,1,52.34,46.15,53.61,9.0,0.0,0.0,0.831,54.23,55.78,47.32,6.5,4.0,0.5,0.96,0.23,26.63,-19.61,0.0,0.177,-1.0,0.44,57.7,-36.58,7.569,-7.693,-1.697,3.772,-0.2
Zone_33,32,Commercial_Downtown,RECOVERY_AFTER_DISRUPTION,6945,63,63.0,49.57,0.787,45.2,52.75,6,Normal,Good,0,1,1,52.57,72.78,34.0,9.0,3.0,1.0,1.008,53.41,57.87,44.69,7.75,4.0,0.5,0.942,-3.0,-27.58,18.75,-3.0,-0.221,3.0,-5.71,-37.89,55.15,7.138,1.724,-1.388,-1.624,0.2
Zone_33,33,Commercial_Downtown,RECOVERY_AFTER_DISRUPTION,6945,63,63.0,45.39,0.72,39.64,55.63,2,Normal,Good,0,0,0,49.57,45.2,52.75,6.0,1.0,1.0,0.787,51.4,52.33,47.79,8.25,5.0,0.75,0.86,-4.18,-5.56,2.88,-4.0,-0.067,-2.0,-8.43,-12.3,5.46,6.536,2.663,-0.445,-1.376,0.1
Zone_33,34,Commercial_Downtown,RECOVERY_AFTER_DISRUPTION,6945,63,63.0,43.55,0.691,35.42,55.97,11,Normal,Good,0,0,0,45.39,39.64,55.63,2.0,0.0,0.0,0.72,49.97,50.94,49.0,6.5,4.0,0.5,0.836,-1.84,-4.22,0.34,9.0,-0.029,-1.0,-4.05,-10.65,0.61,6.271,-4.711,-2.385,2.481,0.0
Zone_33,35,Commercial_Downtown,RECOVERY_AFTER_DISRUPTION,6945,63,52.16,42.4,0.813,54.92,40.11,9,Light Rain,Moderate,0,1,1,43.55,35.42,55.97,11.0,0.0,0.0,0.691,47.77,48.26,49.59,7.0,4.0,0.5,0.801,-1.15,19.5,-15.86,-2.0,0.122,0.0,-2.64,55.05,-28.34,6.105,-11.764,-3.124,6.879,-0.4
Zone_33,36,Commercial_Downtown,RECOVERY_AFTER_DISRUPTION,6945,63,36.86,48.76,1.323,100.0,10.0,7,Heavy Rain,Poor,0,3,1,42.4,54.92,40.11,9.0,1.0,1.0,0.813,45.23,43.8,51.12,7.0,2.0,0.5,0.753,6.36,45.08,-30.11,-2.0,0.51,1.0,15.0,82.08,-75.07,7.021,2.494,-2.335,-3.758,0.0
Zone_33,37,Commercial_Downtown,RECOVERY_AFTER_DISRUPTION,6945,63,63.0,43.59,0.692,35.96,54.2,3,Normal,Good,0,0,0,48.76,100.0,10.0,7.0,3.0,1.0,1.323,45.02,57.5,40.43,7.25,4.0,0.5,0.887,-5.17,-64.04,44.2,-4.0,-0.631,2.0,-10.6,-64.04,442.0,6.276,20.058,0.896,-15.275,0.4
Zone_33,38,Commercial_Downtown,RECOVERY_AFTER_DISRUPTION,6945,63,50.4,49.05,0.973,58.24,48.87,8,Normal,Good,1,1,1,43.59,35.96,54.2,3.0,0.0,0.0,0.692,44.58,56.58,40.07,7.5,4.0,0.5,0.88,5.46,22.28,-5.33,5.0,0.281,-3.0,12.53,61.96,-9.83,7.063,4.67,0.648,-3.542,0.0
Zone_33,39,Commercial_Downtown,RECOVERY_AFTER_DISRUPTION,6945,63,50.4,54.98,1.091,67.94,43.53,11,Normal,Good,1,0,0,49.05,58.24,48.87,8.0,1.0,1.0,0.973,45.95,62.28,38.3,6.75,5.0,0.75,0.95,5.93,9.7,-5.34,3.0,0.118,1.0,12.09,16.66,-10.93,7.916,-5.408,1.478,7.048,-0.1
Zone_33,40,Commercial_Downtown,RECOVERY_AFTER_DISRUPTION,6945,63,50.4,41.14,0.816,42.32,51.57,11,Normal,Good,1,0,0,54.98,67.94,43.53,11.0,0.0,0.0,1.091,49.1,65.54,39.15,7.25,4.0,0.5,1.02,-13.84,-25.62,8.04,0.0,-0.275,-1.0,-25.17,-37.71,18.47,5.924,-7.39,2.412,9.526,-0.2
Zone_33,41,Commercial_Downtown,RECOVERY_AFTER_DISRUPTION,6945,63,63.0,33.33,0.529,25.66,56.34,8,Normal,Good,0,0,0,41.14,42.32,51.57,11.0,0.0,0.0,0.816,47.19,51.12,49.54,8.25,1.0,0.25,0.893,-7.81,-16.66,4.77,-3.0,-0.287,0.0,-18.98,-39.37,9.25,4.799,2.878,-0.142,-1.323,-0.1
Zone_33,42,Commercial_Downtown,RECOVERY_AFTER_DISRUPTION,6945,63,63.0,36.01,0.572,32.89,58.67,7,Normal,Good,0,0,0,33.33,25.66,56.34,8.0,0.0,0.0,0.529,44.62,48.54,50.08,9.5,1.0,0.25,0.852,2.68,7.23,2.33,-1.0,0.043,0.0,8.04,28.18,4.14,5.185,-12.336,-6.1,3.045,-0.3
Zone_33,43,Commercial_Downtown,RECOVERY_AFTER_DISRUPTION,6945,63,52.16,30.4,0.583,30.71,51.05,9,Light Rain,Moderate,0,1,1,36.01,32.89,58.67,7.0,0.0,0.0,0.572,41.36,42.2,52.53,9.25,0.0,0.0,0.752,-5.61,-2.18,-7.62,2.0,0.011,0.0,-15.58,-6.63,-12.99,4.377,-12.181,-6.472,5.019,0.0
Zone_33,44,Commercial_Downtown,RECOVERY_AFTER_DISRUPTION,6945,63,63.0,25.21,0.4,17.6,62.86,6,Normal,Good,0,0,0,30.4,30.71,51.05,9.0,1.0,1.0,0.583,35.22,32.9,54.41,8.75,1.0,0.25,0.625,-5.19,-13.11,11.81,-3.0,-0.183,1.0,-17.07,-42.69,23.13,3.63,-2.76,-2.954,0.077,0.3
Zone_33,45,Commercial_Downtown,RECOVERY_AFTER_DISRUPTION,6945,63,52.16,21.24,0.407,18.53,52.15,2,Light Rain,Moderate,0,0,0,25.21,17.6,62.86,6.0,0.0,0.0,0.4,31.24,26.72,57.23,7.5,1.0,0.25,0.521,-3.97,0.93,-10.71,-4.0,0.007,-1.0,-15.75,5.28,-17.04,3.058,-2.636,-2.997,1.194,0.1
Zone_33,46,Commercial_Downtown,RECOVERY_AFTER_DISRUPTION,6945,63,63.0,30.58,0.485,24.3,62.92,4,Normal,Good,0,0,0,21.24,18.53,52.15,2.0,0.0,0.0,0.407,28.22,24.93,56.18,6.0,1.0,0.25,0.49,9.34,5.77,10.77,2.0,0.078,0.0,43.97,31.14,20.65,4.403,-5.619,-4.95,-0.775,-0.1
Zone_33,47,Commercial_Downtown,RECOVERY_AFTER_DISRUPTION,6945,63,63.0,23.66,0.376,14.25,61.78,8,Normal,Good,0,0,0,30.58,24.3,62.92,4.0,0.0,0.0,0.485,26.86,22.78,57.24,5.25,1.0,0.25,0.469,-6.92,-10.05,-1.14,4.0,-0.109,0.0,-22.63,-41.36,-1.81,3.407,-1.83,-0.343,2.49,-0.3
Zone_33,48,Commercial_Downtown,RECOVERY_AFTER_DISRUPTION,6945,63,63.0,29.33,0.466,22.89,63.01,7,Normal,Good,0,0,0,23.66,14.25,61.78,8.0,0.0,0.0,0.376,25.17,18.67,59.93,5.0,0.0,0.0,0.417,5.67,8.64,1.23,-1.0,0.09,0.0,23.96,60.63,1.99,4.223,-0.428,0.469,0.753,0.0
Zone_33,49,Commercial_Downtown,RECOVERY_AFTER_DISRUPTION,6945,63,52.16,32.85,0.63,37.28,45.03,6,Light Rain,Moderate,0,1,1,29.33,22.89,63.01,7.0,0.0,0.0,0.466,26.2,19.99,59.96,5.25,0.0,0.0,0.434,3.52,14.39,-17.98,-1.0,0.164,0.0,12.0,62.87,-28.54,4.73,0.303,1.735,3.144,0.0
Zone_33,50,Commercial_Downtown,RECOVERY_AFTER_DISRUPTION,6945,63,63.0,27.55,0.437,15.73,62.24,3,Normal,Good,0,0,0,32.85,37.28,45.03,6.0,1.0,1.0,0.63,29.1,24.68,58.18,6.25,1.0,0.25,0.489,-5.3,-21.55,17.21,-3.0,-0.193,1.0,-16.13,-57.81,38.22,3.967,4.758,1.248,-5.244,0.3
Zone_33,51,Commercial_Downtown,RECOVERY_AFTER_DISRUPTION,6945,63,63.0,24.47,0.388,16.69,61.06,5,Normal,Good,0,0,0,27.55,15.73,62.24,3.0,0.0,0.0,0.437,28.35,22.54,58.02,6.0,1.0,0.25,0.477,-3.08,0.96,-1.18,2.0,-0.049,-1.0,-11.18,6.1,-1.9,3.523,1.883,1.519,-1.66,0.1
Zone_33,52,Commercial_Downtown,RECOVERY_AFTER_DISRUPTION,6945,63,63.0,33.47,0.531,25.5,59.03,4,Normal,Good,0,0,0,24.47,16.69,61.06,5.0,0.0,0.0,0.388,28.55,23.15,57.84,5.25,1.0,0.25,0.48,9.0,8.81,-2.03,-1.0,0.143,0.0,36.78,52.79,-3.32,4.819,-4.015,-1.988,1.136,-0.1
Zone_34,1,Industrial_Corridor,GRADUAL_DETERIORATION,3320,51,51.0,14.37,0.282,11.94,62.17,1,Normal,Good,0,0,0,,,,,,,,,,,,,,,,,,,,,,,,4.328,,,,
Zone_34,2,Industrial_Corridor,GRADUAL_DETERIORATION,3320,51,51.0,12.04,0.236,14.91,60.08,3,Normal,Good,0,0,0,14.37,11.94,62.17,1.0,0.0,0.0,0.282,,,,,,,,-2.33,2.97,-2.09,2.0,-0.046,,-16.21,24.87,-3.36,3.627,,,,
Zone_34,3,Industrial_Corridor,GRADUAL_DETERIORATION,3320,51,51.0,11.1,0.218,8.49,59.74,0,Normal,Good,0,0,0,12.04,14.91,60.08,3.0,0.0,0.0,0.236,,,,,,,,-0.94,-6.42,-0.34,-3.0,-0.018,0.0,-7.81,-43.06,-0.57,3.343,,,,
Zone_34,4,Industrial_Corridor,GRADUAL_DETERIORATION,3320,51,51.0,22.12,0.434,15.03,61.13,4,Normal,Good,0,0,0,11.1,8.49,59.74,0.0,0.0,0.0,0.218,,,,,,,,11.02,6.54,1.39,4.0,0.216,0.0,99.28,77.03,2.33,6.663,,,,
Zone_34,5,Industrial_Corridor,GRADUAL_DETERIORATION,3320,51,42.23,27.52,0.652,35.36,45.06,2,Light Rain,Moderate,0,0,0,22.12,15.03,61.13,4.0,0.0,0.0,0.434,14.91,12.59,60.78,2.0,0.0,0.0,0.292,5.4,20.33,-16.07,-2.0,0.218,0.0,24.41,135.26,-26.29,8.289,0.285,2.231,-0.346,0.0
Zone_34,6,Industrial_Corridor,GRADUAL_DETERIORATION,3320,51,51.0,20.33,0.399,15.55,61.57,4,Normal,Good,0,0,0,27.52,35.36,45.06,2.0,0.0,0.0,0.652,18.2,18.45,56.5,2.25,0.0,0.0,0.385,-7.19,-19.81,16.51,2.0,-0.253,0.0,-26.13,-56.02,36.64,6.123,6.789,5.746,-4.367,0.0
Zone_34,7,Industrial_Corridor,GRADUAL_DETERIORATION,3320,51,42.23,8.29,0.196,7.17,55.72,1,Light Rain,Moderate,0,0,0,20.33,15.55,61.57,4.0,0.0,0.0,0.399,20.27,18.61,56.88,2.5,0.0,0.0,0.426,-12.04,-8.38,-5.85,-3.0,-0.203,0.0,-59.22,-53.89,-9.5,2.497,4.151,3.309,-1.058,0.0
Zone_34,8,Industrial_Corridor,GRADUAL_DETERIORATION,3320,51,42.23,0.89,0.021,8.09,57.93,2,Light Rain,Moderate,0,0,0,8.29,7.17,55.72,1.0,0.0,0.0,0.196,19.57,18.28,55.87,2.75,0.0,0.0,0.42,-7.4,0.92,2.21,1.0,-0.175,0.0,-89.26,12.83,3.97,0.268,-4.339,-4.868,0.028,0.0
Zone_34,9,Industrial_Corridor,GRADUAL_DETERIORATION,3320,51,51.0,6.78,0.133,6.49,64.12,1,Normal,Good,0,0,0,0.89,8.09,57.93,2.0,0.0,0.0,0.021,14.26,16.54,55.07,2.25,0.0,0.0,0.317,5.89,-1.6,6.19,-1.0,0.112,0.0,661.72,-19.78,10.69,2.042,-9.019,-9.193,3.276,0.0
Zone_34,10,Industrial_Corridor,GRADUAL_DETERIORATION,3320,51,42.23,8.1,0.192,10.21,55.22,1,Light Rain,Moderate,0,0,0,6.78,6.49,64.12,1.0,0.0,0.0,0.133,9.07,9.32,59.84,2.0,0.0,0.0,0.187,1.32,3.72,-8.9,0.0,0.059,0.0,19.47,57.32,-13.88,2.44,-2.626,-4.805,0.986,0.0
Zone_34,11,Industrial_Corridor,GRADUAL_DETERIORATION,3320,51,51.0,4.38,0.086,4.43,64.11,1,Normal,Good,0,0,0,8.1,10.21,55.22,1.0,0.0,0.0,0.192,6.02,7.99,58.25,1.25,0.0,0.0,0.136,-3.72,-5.78,8.89,0.0,-0.106,0.0,-45.93,-56.61,16.1,1.319,0.752,0.532,0.469,0.0
Zone_34,12,Industrial_Corridor,GRADUAL_DETERIORATION,3320,51,51.0,8.1,0.159,9.2,62.66,6,Normal,Good,0,0,0,4.38,4.43,64.11,1.0,0.0,0.0,0.086,5.04,7.3,60.34,1.25,0.0,0.0,0.108,3.72,4.77,-1.45,5.0,0.073,0.0,84.93,107.67,-2.26,2.44,-0.726,1.179,0.964,0.0
Zone_34,13,Industrial_Corridor,GRADUAL_DETERIORATION,3320,51,51.0,17.69,0.347,16.31,63.08,5,Normal,Good,0,0,0,8.1,9.2,62.66,6.0,0.0,0.0,0.159,6.84,7.58,61.53,2.25,0.0,0.0,0.142,9.59,7.11,0.42,-1.0,0.188,0.0,118.39,77.28,0.67,5.328,0.235,0.024,0.451,0.0
Zone_34,14,Industrial_Corridor,GRADUAL_DETERIORATION,3320,51,51.0,20.03,0.393,18.61,61.87,8,Normal,Good,0,0,0,17.69,16.31,63.08,5.0,0.0,0.0,0.347,9.57,10.04,61.27,3.25,0.0,0.0,0.196,2.34,2.3,-1.21,3.0,0.046,0.0,13.23,14.1,-1.92,6.033,2.307,3.249,2.213,0.0
Zone_34,15,Industrial_Corridor,GRADUAL_DETERIORATION,3320,51,51.0,14.36,0.282,8.87,63.68,0,Normal,Good,0,0,0,20.03,18.61,61.87,8.0,0.0,0.0,0.393,12.55,12.14,62.93,5.0,0.0,0.0,0.246,-5.67,-9.74,1.81,-8.0,-0.111,0.0,-28.31,-52.34,2.93,4.325,4.965,5.654,-0.63,0.0
Zone_34,16,Industrial_Corridor,GRADUAL_DETERIORATION,3320,51,51.0,11.29,0.221,7.4,66.07,4,Normal,Good,0,0,0,14.36,8.87,63.68,0.0,0.0,0.0,0.282,15.04,13.25,62.82,4.75,0.0,0.0,0.295,-3.07,-1.47,2.39,4.0,-0.061,0.0,-21.38,-16.57,3.75,3.401,0.131,2.112,0.185,0.0
Zone_34,17,Industrial_Corridor,GRADUAL_DETERIORATION,3320,51,51.0,15.32,0.3,12.6,67.61,3,Normal,Good,0,0,0,11.29,7.4,66.07,4.0,0.0,0.0,0.221,15.84,12.8,63.68,4.25,0.0,0.0,0.311,4.03,5.2,1.54,-1.0,0.079,0.0,35.69,70.27,2.33,4.614,-3.647,-2.487,1.078,0.0
Zone_34,18,Industrial_Corridor,GRADUAL_DETERIORATION,3320,51,51.0,12.78,0.251,11.11,66.52,1,Normal,Good,0,0,0,15.32,12.6,67.61,3.0,0.0,0.0,0.3,15.25,11.87,64.81,3.75,0.0,0.0,0.299,-2.54,-1.49,-1.09,-2.0,-0.049,0.0,-16.58,-11.83,-1.61,3.849,-1.95,-1.72,1.961,0.0
Zone_34,19,Industrial_Corridor,GRADUAL_DETERIORATION,3320,51,51.0,12.84,0.252,11.48,61.85,2,Normal,Good,0,0,0,12.78,11.11,66.52,1.0,0.0,0.0,0.251,13.44,9.99,65.97,2.0,0.0,0.0,0.263,0.06,0.37,-4.67,1.0,0.001,0.0,0.47,3.33,-7.02,3.867,1.192,-0.071,1.006,0.0
Zone_34,20,Industrial_Corridor,GRADUAL_DETERIORATION,3320,51,51.0,11.27,0.221,7.07,65.43,1,Normal,Good,0,0,0,12.84,11.48,61.85,2.0,0.0,0.0,0.252,13.06,10.65,65.51,2.5,0.0,0.0,0.256,-1.57,-4.41,3.58,-1.0,-0.031,0.0,-12.23,-38.41,5.79,3.395,1.075,0.211,-1.375,0.0
Zone_34,21,Industrial_Corridor,GRADUAL_DETERIORATION,3320,51,51.0,7.38,0.145,8.88,66.02,2,Normal,Good,0,0,0,11.27,7.07,65.43,1.0,0.0,0.0,0.221,13.05,10.56,65.35,1.75,0.0,0.0,0.256,-3.89,1.81,0.59,1.0,-0.076,0.0,-34.52,25.6,0.9,2.223,-1.622,-1.209,-1.121,0.0
Zone_34,22,Industrial_Corridor,GRADUAL_DETERIORATION,3320,51,51.0,6.85,0.134,9.24,65.07,3,Normal,Good,0,1,1,7.38,8.88,66.02,2.0,0.0,0.0,0.145,11.07,9.64,64.96,1.5,0.0,0.0,0.217,-0.53,0.36,-0.95,1.0,-0.011,0.0,-7.18,4.05,-1.44,2.063,-1.11,-1.777,0.208,0.0
Zone_34,23,Industrial_Corridor,GRADUAL_DETERIORATION,3320,51,42.23,8.15,0.193,15.06,53.05,2,Light Rain,Moderate,0,0,0,6.85,9.24,65.07,3.0,1.0,1.0,0.134,9.58,9.17,64.59,2.0,1.0,0.25,0.188,1.3,5.82,-12.02,-1.0,0.059,1.0,18.98,62.99,-18.47,2.455,-0.491,-2.186,1.025,0.3
Zone_34,24,Industrial_Corridor,GRADUAL_DETERIORATION,3320,51,42.23,14.97,0.354,15.12,53.94,4,Light Rain,Moderate,0,1,1,8.15,15.06,53.05,2.0,0.0,0.0,0.193,8.41,10.06,62.39,2.0,1.0,0.25,0.173,6.82,0.06,0.89,2.0,0.161,-1.0,83.68,0.4,1.68,4.509,2.433,-0.989,-3.809,0.1
Zone_34,25,Industrial_Corridor,GRADUAL_DETERIORATION,3320,51,51.0,11.99,0.235,13.4,65.65,1,Normal,Good,0,1,1,14.97,15.12,53.94,4.0,1.0,1.0,0.354,9.34,12.08,59.52,2.75,2.0,0.5,0.207,-2.98,-1.72,11.71,-3.0,-0.119,1.0,-19.91,-11.38,21.71,3.611,2.454,2.407,-4.826,0.2
Zone_34,26,Industrial_Corridor,GRADUAL_DETERIORATION,3320,51,51.0,12.98,0.255,9.45,63.39,4,Normal,Good,0,0,0,11.99,13.4,65.65,1.0,1.0,1.0,0.235,10.49,13.21,59.43,2.5,3.0,0.75,0.229,0.99,-3.95,-2.26,3.0,0.02,0.0,8.26,-29.48,-3.44,3.91,1.254,2.224,0.263,0.1
Zone_34,27,Industrial_Corridor,GRADUAL_DETERIORATION,3320,51,51.0,17.19,0.337,15.34,63.68,3,Normal,Good,0,0,0,12.98,9.45,63.39,4.0,0.0,0.0,0.255,12.02,13.26,59.01,2.75,2.0,0.5,0.259,4.21,5.89,0.29,-1.0,0.082,-1.0,32.43,62.33,0.46,5.178,-1.855,1.151,4.273,0.0
Zone_34,28,Industrial_Corridor,GRADUAL_DETERIORATION,3320,51,51.0,16.77,0.329,15.9,61.91,3,Normal,Good,0,0,0,17.19,15.34,63.68,3.0,0.0,0.0,0.337,14.28,13.33,61.66,3.0,2.0,0.5,0.295,-0.42,0.56,-1.77,0.0,-0.008,0.0,-2.44,3.65,-2.78,5.051,-0.329,0.765,2.696,-0.4
Zone_34,29,Industrial_Corridor,GRADUAL_DETERIORATION,3320,51,51.0,11.61,0.228,15.19,62.94,1,Normal,Good,0,0,0,16.77,15.9,61.91,3.0,0.0,0.0,0.329,14.73,13.52,63.66,2.75,1.0,0.25,0.289,-5.16,-0.71,1.03,-2.0,-0.101,0.0,-30.77,-4.47,1.66,3.497,1.339,1.855,-1.093,-0.3
Zone_34,30,Industrial_Corridor,GRADUAL_DETERIORATION,3320,51,42.23,15.17,0.359,15.17,55.0,1,Light Rain,Moderate,0,0,0,11.61,15.19,62.94,1.0,0.0,0.0,0.228,14.64,13.97,62.98,2.75,0.0,0.0,0.287,3.56,-0.02,-7.94,0.0,0.131,0.0,30.66,-0.13,-12.62,4.569,1.778,-0.453,-0.312,0.0
Zone_34,31,Industrial_Corridor,GRADUAL_DETERIORATION,3320,51,29.84,12.73,0.427,24.79,36.0,5,Heavy Rain,Poor,0,1,1,15.17,15.17,55.0,1.0,0.0,0.0,0.359,15.18,15.4,60.88,2.0,0.0,0.0,0.313,-2.44,9.62,-19.0,4.0,0.068,0.0,-16.08,63.41,-34.55,3.834,-0.122,-1.122,-2.501,0.0
Zone_34,32,Industrial_Corridor,GRADUAL_DETERIORATION,3320,51,51.0,16.64,0.326,14.76,64.09,4,Normal,Good,0,0,0,12.73,24.79,36.0,5.0,1.0,1.0,0.427,14.07,17.76,53.96,2.5,1.0,0.25,0.336,3.91,-10.03,28.09,-1.0,-0.101,1.0,30.71,-40.46,78.03,5.012,2.665,-0.856,-8.567,0.3
Zone_34,33,Industrial_Corridor,GRADUAL_DETERIORATION,3320,51,51.0,22.82,0.447,20.11,59.41,2,Normal,Good,0,0,0,16.64,14.76,64.09,4.0,0.0,0.0,0.326,14.04,17.48,54.51,2.75,1.0,0.25,0.335,6.18,5.35,-4.68,-2.0,0.121,-1.0,37.14,36.25,-7.3,6.873,0.833,1.265,-1.555,0.1
Zone_34,34,Industrial_Corridor,GRADUAL_DETERIORATION,3320,51,51.0,23.43,0.459,20.2,59.13,3,Normal,Good,0,0,0,22.82,20.11,59.41,2.0,0.0,0.0,0.447,16.84,18.71,53.62,3.0,1.0,0.25,0.39,0.61,0.09,-0.28,1.0,0.012,0.0,2.67,0.45,-0.47,7.057,0.479,2.686,4.132,-0.1
Zone_34,35,Industrial_Corridor,GRADUAL_DETERIORATION,3320,51,51.0,26.75,0.525,29.09,56.3,3,Normal,Good,0,0,0,23.43,20.2,59.13,3.0,0.0,0.0,0.459,18.9,19.96,54.66,3.5,1.0,0.25,0.415,3.32,8.89,-2.83,0.0,0.066,0.0,14.17,44.01,-4.79,8.057,-0.842,3.828,6.471,-0.3
Zone_34,36,Industrial_Corridor,GRADUAL_DETERIORATION,3320,51,51.0,28.27,0.554,27.13,58.7,4,Normal,Good,0,0,0,26.75,29.09,56.3,3.0,0.0,0.0,0.525,22.41,21.04,59.73,3.0,0.0,0.0,0.439,1.52,-1.96,2.4,1.0,0.029,0.0,5.68,-6.74,4.26,8.515,4.308,3.094,-2.365,0.0
Zone_34,37,Industrial_Corridor,GRADUAL_DETERIORATION,3320,51,51.0,29.81,0.585,30.24,58.0,4,Normal,Good,0,0,0,28.27,27.13,58.7,4.0,0.0,0.0,0.554,25.32,24.13,58.38,3.0,0.0,0.0,0.496,1.54,3.11,-0.7,0.0,0.031,0.0,5.45,11.46,-1.19,8.979,2.995,1.967,-0.496,0.0
Zone_34,38,Industrial_Corridor,GRADUAL_DETERIORATION,3320,51,51.0,30.56,0.599,28.65,59.74,4,Normal,Good,0,0,0,29.81,30.24,58.0,4.0,0.0,0.0,0.585,27.06,26.66,58.03,3.5,0.0,0.0,0.531,0.75,-1.59,1.74,0.0,0.014,0.0,2.52,-5.26,3.0,9.205,2.816,2.066,-0.099,0.0
Zone_34,39,Industrial_Corridor,GRADUAL_DETERIORATION,3320,51,51.0,30.46,0.597,28.21,60.25,0,Normal,Good,0,0,0,30.56,28.65,59.74,4.0,0.0,0.0,0.599,28.85,28.78,58.18,3.75,0.0,0.0,0.566,-0.1,-0.44,0.51,-4.0,-0.002,0.0,-0.33,-1.54,0.85,9.175,0.179,1.297,0.962,0.0
Zone_34,40,Industrial_Corridor,GRADUAL_DETERIORATION,3320,51,51.0,28.42,0.557,23.57,57.46,2,Normal,Good,0,0,0,30.46,28.21,60.25,0.0,0.0,0.0,0.597,29.78,28.56,59.17,3.0,0.0,0.0,0.584,-2.04,-4.64,-2.79,2.0,-0.04,0.0,-6.7,-16.45,-4.63,8.56,0.165,0.732,0.639,0.0
Zone_34,41,Industrial_Corridor,GRADUAL_DETERIORATION,3320,51,51.0,26.77,0.525,24.63,59.47,4,Normal,Good,0,0,0,28.42,23.57,57.46,2.0,0.0,0.0,0.557,29.81,27.67,58.86,2.5,0.0,0.0,0.584,-1.65,1.06,2.01,2.0,-0.032,0.0,-5.81,4.5,3.5,8.063,-2.045,-0.427,-0.111,0.0
Zone_34,42,Industrial_Corridor,GRADUAL_DETERIORATION,3320,51,51.0,36.01,0.706,40.22,55.31,1,Normal,Good,0,0,0,26.77,24.63,59.47,4.0,0.0,0.0,0.525,29.05,26.26,59.23,2.5,0.0,0.0,0.57,9.24,15.59,-4.16,-3.0,0.181,0.0,34.52,63.3,-7.0,10.846,-1.67,-1.341,-0.36,0.0
Zone_34,43,Industrial_Corridor,GRADUAL_DETERIORATION,3320,51,51.0,39.94,0.783,45.3,53.62,8,Normal,Good,0,0,0,36.01,40.22,55.31,1.0,0.0,0.0,0.706,30.42,29.16,58.12,1.75,0.0,0.0,0.596,3.93,5.08,-1.69,7.0,0.077,0.0,10.91,12.63,-3.06,12.03,3.709,1.5,-1.281,0.0
Zone_34,44,Industrial_Corridor,GRADUAL_DETERIORATION,3320,51,51.0,37.07,0.727,39.72,56.74,4,Normal,Good,0,0,0,39.94,45.3,53.62,8.0,0.0,0.0,0.783,32.78,33.43,56.46,3.75,0.0,0.0,0.643,-2.87,-5.58,3.12,-4.0,-0.056,0.0,-7.19,-12.32,5.82,11.166,8.078,4.38,-1.568,0.0
Zone_34,45,Industrial_Corridor,GRADUAL_DETERIORATION,3320,51,51.0,42.16,0.827,54.24,46.44,6,Normal,Good,0,1,1,37.07,39.72,56.74,4.0,0.0,0.0,0.727,34.95,37.47,56.28,4.25,0.0,0.0,0.685,5.09,14.52,-10.3,2.0,0.1,0.0,13.73,36.56,-18.15,12.699,5.035,3.483,-0.988,0.0
Zone_34,46,Industrial_Corridor,GRADUAL_DETERIORATION,3320,51,51.0,43.29,0.849,48.62,51.53,5,Normal,Good,0,2,1,42.16,54.24,46.44,6.0,1.0,1.0,0.827,38.79,44.87,53.03,4.75,1.0,0.25,0.761,1.13,-5.62,5.09,-1.0,0.022,1.0,2.68,-10.36,10.96,13.039,3.648,1.558,-2.349,0.3
Zone_34,47,Industrial_Corridor,GRADUAL_DETERIORATION,3320,51,51.0,43.81,0.859,46.44,53.49,4,Normal,Good,0,1,1,43.29,48.62,51.53,5.0,2.0,1.0,0.849,40.61,46.97,52.08,5.75,3.0,0.5,0.796,0.52,-2.18,1.96,-1.0,0.01,1.0,1.2,-4.48,3.8,13.196,2.448,1.514,-1.657,0.4
Zone_34,48,Industrial_Corridor,GRADUAL_DETERIORATION,3320,51,51.0,45.79,0.898,53.15,48.61,2,Normal,Good,0,2,1,43.81,46.44,53.49,4.0,1.0,1.0,0.859,41.58,47.26,52.05,4.75,4.0,0.75,0.815,1.98,6.71,-4.88,-2.0,0.039,-1.0,4.52,14.45,-9.12,13.792,1.454,2.135,-0.466,0.3
Zone_34,49,Industrial_Corridor,GRADUAL_DETERIORATION,3320,51,42.23,40.88,0.968,68.71,34.46,5,Light Rain,Moderate,0,0,0,45.79,53.15,48.61,2.0,2.0,1.0,0.898,43.76,50.61,50.02,4.25,6.0,1.0,0.858,-4.91,15.56,-14.15,3.0,0.07,1.0,-10.72,29.28,-29.11,12.313,-0.545,1.141,0.847,0.0
Zone_34,50,Industrial_Corridor,GRADUAL_DETERIORATION,3320,51,42.23,41.97,0.994,67.57,34.58,7,Light Rain,Moderate,0,2,1,40.88,68.71,34.46,5.0,0.0,0.0,0.968,43.44,54.23,47.02,4.0,5.0,0.75,0.894,1.09,-1.14,0.12,2.0,0.026,-2.0,2.67,-1.66,0.35,12.642,6.698,-0.525,-5.609,-0.3
Zone_34,51,Industrial_Corridor,GRADUAL_DETERIORATION,3320,51,51.0,41.09,0.806,46.42,52.65,4,Normal,Good,0,0,0,41.97,67.57,34.58,7.0,2.0,1.0,0.994,43.11,58.97,42.78,4.5,5.0,0.75,0.93,-0.88,-21.15,18.07,-3.0,-0.188,2.0,-2.1,-31.3,52.26,12.377,7.895,-1.043,-7.088,-0.1
Zone_34,52,Industrial_Corridor,GRADUAL_DETERIORATION,3320,51,42.23,44.95,1.064,81.5,28.9,8,Light Rain,Moderate,0,3,1,41.09,46.42,52.65,4.0,0.0,0.0,0.806,42.43,58.96,42.58,4.5,4.0,0.5,0.917,3.86,35.08,-23.75,4.0,0.258,-2.0,9.39,75.57,-45.11,13.539,-2.133,-1.301,1.224,-0.2
Zone_35,1,Residential,GRADUAL_IMPROVEMENT,15280,95,95.0,39.31,0.414,18.6,61.4,4,Normal,Good,0,0,0,,,,,,,,,,,,,,,,,,,,,,,,2.573,,,,
Zone_35,2,Residential,GRADUAL_IMPROVEMENT,15280,95,95.0,50.98,0.537,21.49,59.48,1,Normal,Good,0,0,0,39.31,18.6,61.4,4.0,0.0,0.0,0.414,,,,,,,,11.67,2.89,-1.92,-3.0,0.123,,29.69,15.54,-3.13,3.336,,,,
Zone_35,3,Residential,GRADUAL_IMPROVEMENT,15280,95,95.0,48.21,0.507,28.89,55.71,4,Normal,Good,0,0,0,50.98,21.49,59.48,1.0,0.0,0.0,0.537,,,,,,,,-2.77,7.4,-3.77,3.0,-0.03,0.0,-5.43,34.43,-6.34,3.155,,,,
Zone_35,4,Residential,GRADUAL_IMPROVEMENT,15280,95,95.0,49.03,0.516,23.05,57.52,4,Normal,Good,0,0,0,48.21,28.89,55.71,4.0,0.0,0.0,0.507,,,,,,,,0.82,-5.84,1.81,0.0,0.009,0.0,1.7,-20.21,3.25,3.209,,,,
Zone_35,5,Residential,GRADUAL_IMPROVEMENT,15280,95,95.0,49.95,0.526,28.58,56.5,5,Normal,Good,0,0,0,49.03,23.05,57.52,4.0,0.0,0.0,0.516,46.88,23.01,58.53,3.25,0.0,0.0,0.494,0.92,5.53,-1.02,1.0,0.01,0.0,1.88,23.99,-1.77,3.269,2.075,2.639,-1.541,0.0
Zone_35,6,Residential,GRADUAL_IMPROVEMENT,15280,95,95.0,44.89,0.473,20.89,63.42,5,Normal,Good,0,0,0,49.95,28.58,56.5,5.0,0.0,0.0,0.526,49.54,25.5,57.3,3.5,0.0,0.0,0.522,-5.06,-7.69,6.92,0.0,-0.053,0.0,-10.13,-26.91,12.25,2.938,1.543,-0.227,-0.713,0.0
Zone_35,7,Residential,GRADUAL_IMPROVEMENT,15280,95,78.66,45.74,0.581,33.14,47.2,4,Light Rain,Moderate,0,2,1,44.89,20.89,63.42,5.0,0.0,0.0,0.473,48.02,25.35,58.29,4.5,0.0,0.0,0.505,0.85,12.25,-16.22,-1.0,0.108,0.0,1.89,58.64,-25.58,2.993,-1.847,-0.904,2.211,0.0
Zone_35,8,Residential,GRADUAL_IMPROVEMENT,15280,95,95.0,45.0,0.474,26.99,57.38,0,Normal,Good,0,0,0,45.74,33.14,47.2,4.0,2.0,1.0,0.581,47.4,26.42,56.16,4.5,2.0,0.25,0.524,-0.74,-6.15,10.18,-4.0,-0.107,2.0,-1.62,-18.56,21.57,2.945,2.258,-1.493,-2.404,0.3
Zone_35,9,Residential,GRADUAL_IMPROVEMENT,15280,95,95.0,38.41,0.404,19.06,63.11,5,Normal,Good,0,0,0,45.0,26.99,57.38,0.0,0.0,0.0,0.474,46.4,27.4,56.13,3.5,2.0,0.25,0.514,-6.59,-7.93,5.73,5.0,-0.07,-2.0,-14.64,-29.38,9.99,2.514,0.748,-1.4,-1.358,0.1
Zone_35,10,Residential,GRADUAL_IMPROVEMENT,15280,95,95.0,39.96,0.421,20.09,57.56,5,Normal,Good,0,0,0,38.41,19.06,63.11,5.0,0.0,0.0,0.404,43.51,25.02,57.78,3.5,2.0,0.25,0.483,1.55,1.03,-5.55,0.0,0.017,0.0,4.04,5.4,-8.79,2.615,-1.164,-2.018,0.925,-0.1
Zone_35,11,Residential,GRADUAL_IMPROVEMENT,15280,95,95.0,47.24,0.497,27.18,60.19,4,Normal,Good,0,0,0,39.96,20.09,57.56,5.0,0.0,0.0,0.421,42.28,24.82,56.31,3.5,2.0,0.25,0.47,7.28,7.09,2.63,-1.0,0.076,0.0,18.22,35.29,4.57,3.092,-4.708,-2.393,3.681,-0.3
Zone_35,12,Residential,GRADUAL_IMPROVEMENT,15280,95,95.0,45.22,0.476,21.1,61.78,2,Normal,Good,0,0,0,47.24,27.18,60.19,4.0,0.0,0.0,0.497,42.65,23.33,59.56,3.5,0.0,0.0,0.449,-2.02,-6.08,1.59,-2.0,-0.021,0.0,-4.28,-22.37,2.64,2.959,0.16,0.827,0.288,0.0
Zone_35,13,Residential,GRADUAL_IMPROVEMENT,15280,95,95.0,41.87,0.441,21.3,59.12,2,Normal,Good,0,0,0,45.22,21.1,61.78,2.0,0.0,0.0,0.476,42.71,21.86,60.66,4.0,0.0,0.0,0.449,-3.35,0.2,-2.66,0.0,-0.035,0.0,-7.41,0.95,-4.31,2.74,1.321,2.771,-0.136,0.0
Zone_35,14,Residential,GRADUAL_IMPROVEMENT,15280,95,95.0,42.76,0.45,19.39,61.62,2,Normal,Good,0,0,0,41.87,21.3,59.12,2.0,0.0,0.0,0.441,43.57,22.42,59.66,3.25,0.0,0.0,0.459,0.89,-1.91,2.5,0.0,0.009,0.0,2.13,-8.97,4.23,2.798,-0.245,0.371,0.627,0.0
Zone_35,15,Residential,GRADUAL_IMPROVEMENT,15280,95,95.0,43.1,0.454,17.61,59.48,4,Normal,Good,0,0,0,42.76,19.39,61.62,2.0,0.0,0.0,0.45,44.27,22.24,60.68,2.5,0.0,0.0,0.466,0.34,-1.78,-2.14,2.0,0.004,0.0,0.8,-9.18,-3.47,2.821,-2.317,-1.679,0.163,0.0
Zone_35,16,Residential,GRADUAL_IMPROVEMENT,15280,95,95.0,42.73,0.45,17.9,60.0,3,Normal,Good,0,0,0,43.1,17.61,59.48,4.0,0.0,0.0,0.454,43.24,19.85,60.5,2.5,0.0,0.0,0.455,-0.37,0.29,0.52,-1.0,-0.004,0.0,-0.86,1.65,0.87,2.796,-1.238,-0.547,-0.44,0.0
Zone_35,17,Residential,GRADUAL_IMPROVEMENT,15280,95,95.0,39.97,0.421,19.25,58.35,4,Normal,Good,0,0,0,42.73,17.9,60.0,3.0,0.0,0.0,0.45,42.62,19.05,60.06,2.75,0.0,0.0,0.449,-2.76,1.35,-1.65,1.0,-0.029,0.0,-6.46,7.54,-2.75,2.616,-1.198,0.292,0.05,0.0
Zone_35,18,Residential,GRADUAL_IMPROVEMENT,15280,95,78.66,34.56,0.439,26.29,52.56,2,Light Rain,Moderate,0,0,0,39.97,19.25,58.35,4.0,0.0,0.0,0.421,42.14,18.54,59.86,3.25,0.0,0.0,0.444,-5.41,7.04,-5.79,-2.0,0.018,0.0,-13.54,36.57,-9.92,2.262,-0.013,-0.874,-0.929,0.0
Zone_35,19,Residential,GRADUAL_IMPROVEMENT,15280,95,95.0,35.95,0.378,16.24,65.34,3,Normal,Good,0,0,0,34.56,26.29,52.56,2.0,0.0,0.0,0.439,40.09,20.26,57.6,3.25,0.0,0.0,0.441,1.39,-10.05,12.78,1.0,-0.061,0.0,4.02,-38.23,24.32,2.353,2.739,-2.838,-2.241,0.0
Zone_35,20,Residential,GRADUAL_IMPROVEMENT,15280,95,95.0,33.85,0.356,12.85,62.4,2,Normal,Good,0,0,0,35.95,16.24,65.34,3.0,0.0,0.0,0.378,38.3,19.92,59.06,3.0,0.0,0.0,0.422,-2.1,-3.39,-2.94,-1.0,-0.022,0.0,-5.84,-20.87,-4.5,2.215,0.206,-2.575,1.023,0.0
Zone_35,21,Residential,GRADUAL_IMPROVEMENT,15280,95,95.0,38.88,0.409,18.47,61.34,5,Normal,Good,0,0,0,33.85,12.85,62.4,2.0,0.0,0.0,0.356,36.08,18.66,59.66,2.75,0.0,0.0,0.398,5.03,5.62,-1.06,3.0,0.053,0.0,14.86,43.74,-1.7,2.545,-2.925,-1.697,2.493,0.0
Zone_35,22,Residential,GRADUAL_IMPROVEMENT,15280,95,95.0,37.16,0.391,19.0,62.86,3,Normal,Good,0,0,0,38.88,18.47,61.34,5.0,0.0,0.0,0.409,35.81,18.46,60.41,3.0,0.0,0.0,0.395,-1.72,0.53,1.52,-2.0,-0.018,0.0,-4.42,2.87,2.48,2.432,-2.685,1.086,2.34,0.0
Zone_35,23,Residential,GRADUAL_IMPROVEMENT,15280,95,78.66,39.02,0.496,28.59,48.05,3,Light Rain,Moderate,0,1,1,37.16,19.0,62.86,3.0,0.0,0.0,0.391,36.46,16.64,62.98,3.25,0.0,0.0,0.383,1.86,9.59,-14.81,0.0,0.105,0.0,5.01,50.47,-23.56,2.554,1.39,0.866,-0.85,0.0
Zone_35,24,Residential,GRADUAL_IMPROVEMENT,15280,95,95.0,38.16,0.402,16.66,63.58,3,Normal,Good,0,0,0,39.02,28.59,48.05,3.0,1.0,1.0,0.496,37.23,19.73,58.66,3.25,1.0,0.25,0.413,-0.86,-11.93,15.53,0.0,-0.094,1.0,-2.2,-41.73,32.32,2.497,4.775,1.379,-4.153,0.3
Zone_35,25,Residential,GRADUAL_IMPROVEMENT,15280,95,95.0,40.53,0.427,19.0,60.79,2,Normal,Good,0,0,0,38.16,16.66,63.58,3.0,0.0,0.0,0.402,38.3,20.68,58.96,3.5,1.0,0.25,0.424,2.37,2.34,-2.79,-1.0,0.025,-1.0,6.21,14.05,-4.39,2.652,0.416,-0.03,-0.809,0.1
Zone_35,26,Residential,GRADUAL_IMPROVEMENT,15280,95,95.0,32.71,0.344,17.25,61.95,1,Normal,Good,0,1,1,40.53,19.0,60.79,2.0,0.0,0.0,0.427,38.72,20.81,58.82,2.75,1.0,0.25,0.429,-7.82,-1.75,1.16,-1.0,-0.083,0.0,-19.29,-9.21,1.91,2.141,-1.193,0.925,0.932,-0.1
Zone_35,27,Residential,GRADUAL_IMPROVEMENT,15280,95,95.0,31.88,0.336,12.82,62.35,2,Normal,Good,0,0,0,32.71,17.25,61.95,1.0,1.0,1.0,0.344,37.61,20.38,58.59,2.25,2.0,0.5,0.417,-0.83,-4.43,0.4,1.0,-0.008,1.0,-2.54,-25.68,0.65,2.086,-3.168,-1.656,3.891,0.0
Zone_35,28,Residential,GRADUAL_IMPROVEMENT,15280,95,95.0,34.22,0.36,16.16,59.92,1,Normal,Good,0,0,0,31.88,12.82,62.35,2.0,0.0,0.0,0.336,35.82,16.43,62.17,2.0,1.0,0.25,0.377,2.34,3.34,-2.43,-1.0,0.024,-1.0,7.34,26.05,-3.9,2.24,-1.327,-2.666,-0.253,0.1
Zone_35,29,Residential,GRADUAL_IMPROVEMENT,15280,95,95.0,34.15,0.359,14.31,62.29,1,Normal,Good,0,0,0,34.22,16.16,59.92,1.0,0.0,0.0,0.36,34.84,16.31,61.25,1.5,1.0,0.25,0.367,-0.07,-1.85,2.37,0.0,-0.001,0.0,-0.2,-11.45,3.96,2.235,-1.295,-1.976,-0.221,-0.1
Zone_35,30,Residential,GRADUAL_IMPROVEMENT,15280,95,95.0,34.92,0.368,14.04,62.2,1,Normal,Good,0,0,0,34.15,14.31,62.29,1.0,0.0,0.0,0.359,33.24,15.14,61.63,1.25,1.0,0.25,0.35,0.77,-0.27,-0.09,0.0,0.009,0.0,2.25,-1.89,-0.14,2.285,-0.548,0.666,-0.141,-0.3
Zone_35,31,Residential,GRADUAL_IMPROVEMENT,15280,95,55.58,27.59,0.496,28.51,39.45,3,Heavy Rain,Poor,0,2,1,34.92,14.04,62.2,1.0,0.0,0.0,0.368,33.79,14.33,61.69,1.25,0.0,0.0,0.356,-7.33,14.47,-22.75,2.0,0.128,0.0,-20.99,103.06,-36.58,1.806,0.181,0.905,0.192,0.0
Zone_35,32,Residential,GRADUAL_IMPROVEMENT,15280,95,78.66,26.83,0.341,11.05,55.92,3,Light Rain,Moderate,0,0,0,27.59,28.51,39.45,3.0,2.0,1.0,0.496,32.72,18.26,55.96,1.5,2.0,0.25,0.396,-0.76,-17.46,16.47,0.0,-0.155,2.0,-2.75,-61.24,41.75,1.756,3.678,-1.912,-6.15,0.3
Zone_35,33,Residential,GRADUAL_IMPROVEMENT,15280,95,55.58,33.38,0.601,35.6,33.77,5,Heavy Rain,Poor,0,0,0,26.83,11.05,55.92,3.0,0.0,0.0,0.341,30.87,16.98,54.96,2.0,2.0,0.25,0.391,6.55,24.55,-22.15,2.0,0.26,-2.0,24.41,222.17,-39.61,2.185,0.469,-2.929,-4.186,0.1
Zone_35,34,Residential,GRADUAL_IMPROVEMENT,15280,95,55.58,30.55,0.55,36.86,32.86,2,Heavy Rain,Poor,0,0,0,33.38,35.6,33.77,5.0,0.0,0.0,0.601,30.68,22.3,47.84,3.0,2.0,0.25,0.452,-2.83,1.26,-0.91,-3.0,-0.051,0.0,-8.48,3.54,-2.69,1.999,4.722,-0.538,-6.882,-0.1
Zone_35,35,Residential,GRADUAL_IMPROVEMENT,15280,95,78.66,31.87,0.405,16.3,53.07,3,Light Rain,Moderate,0,0,0,30.55,36.86,32.86,2.0,0.0,0.0,0.55,29.59,28.0,40.5,3.25,2.0,0.25,0.497,1.32,-20.56,20.21,1.0,-0.145,0.0,4.32,-55.78,61.5,2.086,4.96,1.543,-4.192,-0.3
Zone_35,36,Residential,GRADUAL_IMPROVEMENT,15280,95,78.66,25.72,0.327,22.15,53.28,2,Light Rain,Moderate,0,0,0,31.87,16.3,53.07,3.0,0.0,0.0,0.405,30.66,24.95,43.9,3.25,0.0,0.0,0.474,-6.15,5.85,0.21,-1.0,-0.078,0.0,-19.3,35.89,0.4,1.683,1.701,1.229,-0.946,0.0
Zone_35,37,Residential,GRADUAL_IMPROVEMENT,15280,95,95.0,32.18,0.339,16.04,60.25,1,Normal,Good,0,0,0,25.72,22.15,53.28,2.0,0.0,0.0,0.327,30.38,27.73,43.24,3.0,0.0,0.0,0.471,6.46,-6.11,6.97,-1.0,0.012,0.0,25.12,-27.58,13.08,2.106,-6.091,-2.166,7.874,0.0
Zone_35,38,Residential,GRADUAL_IMPROVEMENT,15280,95,95.0,34.08,0.359,18.32,61.39,3,Normal,Good,0,0,0,32.18,16.04,60.25,1.0,0.0,0.0,0.339,30.08,22.84,49.86,2.0,0.0,0.0,0.405,1.9,2.28,1.14,2.0,0.02,0.0,5.9,14.21,1.89,2.23,-5.661,-0.126,8.238,0.0
Zone_35,39,Residential,GRADUAL_IMPROVEMENT,15280,95,95.0,32.94,0.347,14.19,63.97,2,Normal,Good,0,0,0,34.08,18.32,61.39,3.0,0.0,0.0,0.359,30.96,18.2,57.0,2.25,0.0,0.0,0.358,-1.14,-4.13,2.58,-1.0,-0.012,0.0,-3.35,-22.54,4.2,2.156,-0.005,1.309,3.193,0.0
Zone_35,40,Residential,GRADUAL_IMPROVEMENT,15280,95,95.0,32.01,0.337,12.31,66.47,2,Normal,Good,0,0,0,32.94,14.19,63.97,2.0,0.0,0.0,0.347,31.23,17.68,59.72,2.0,0.0,0.0,0.343,-0.93,-1.88,2.5,0.0,-0.01,0.0,-2.82,-13.25,3.91,2.095,-2.16,2.356,3.321,0.0
Zone_35,41,Residential,GRADUAL_IMPROVEMENT,15280,95,95.0,35.12,0.37,16.71,63.0,2,Normal,Good,0,0,0,32.01,12.31,66.47,2.0,0.0,0.0,0.337,32.8,15.22,63.02,2.0,0.0,0.0,0.346,3.11,4.4,-3.47,0.0,0.033,0.0,9.72,35.74,-5.22,2.298,-1.532,-0.165,2.124,0.0
Zone_35,42,Residential,GRADUAL_IMPROVEMENT,15280,95,95.0,33.77,0.355,18.84,61.39,2,Normal,Good,0,0,0,35.12,16.71,63.0,2.0,0.0,0.0,0.37,33.54,15.38,63.71,2.25,0.0,0.0,0.353,-1.35,2.13,-1.61,0.0,-0.015,0.0,-3.84,12.75,-2.56,2.21,-0.671,0.219,0.733,0.0
Zone_35,43,Residential,GRADUAL_IMPROVEMENT,15280,95,95.0,28.19,0.297,16.13,61.05,0,Normal,Good,0,0,0,33.77,18.84,61.39,2.0,0.0,0.0,0.355,33.46,15.51,63.71,2.0,0.0,0.0,0.352,-5.58,-2.71,-0.34,-2.0,-0.058,0.0,-16.52,-14.38,-0.55,1.845,1.835,0.56,-1.121,0.0
Zone_35,44,Residential,GRADUAL_IMPROVEMENT,15280,95,95.0,31.62,0.333,12.84,60.4,2,Normal,Good,0,0,0,28.19,16.13,61.05,0.0,0.0,0.0,0.297,32.27,16.0,62.98,1.5,0.0,0.0,0.34,3.43,-3.29,-0.65,2.0,0.036,0.0,12.17,-20.4,-1.06,2.069,1.359,-1.281,-1.787,0.0
Zone_35,45,Residential,GRADUAL_IMPROVEMENT,15280,95,95.0,26.96,0.284,15.79,64.05,1,Normal,Good,0,0,0,31.62,12.84,60.4,2.0,0.0,0.0,0.333,32.17,16.13,61.46,1.5,0.0,0.0,0.339,-4.66,2.95,3.65,-1.0,-0.049,0.0,-14.74,22.97,6.04,1.764,-1.432,-1.608,-0.814,0.0
Zone_35,46,Residential,GRADUAL_IMPROVEMENT,15280,95,95.0,29.68,0.312,9.36,64.96,2,Normal,Good,0,0,0,26.96,15.79,64.05,1.0,0.0,0.0,0.284,30.14,15.9,61.72,1.25,0.0,0.0,0.317,2.72,-6.43,0.91,1.0,0.028,0.0,10.09,-40.72,1.42,1.942,-1.244,-1.7,0.733,0.0
Zone_35,47,Residential,GRADUAL_IMPROVEMENT,15280,95,95.0,30.6,0.322,12.27,60.73,5,Normal,Good,0,0,0,29.68,9.36,64.96,2.0,0.0,0.0,0.312,29.11,13.53,62.61,1.25,0.0,0.0,0.306,0.92,2.91,-4.23,3.0,0.01,0.0,3.1,31.09,-6.51,2.003,-1.736,-0.019,1.538,0.0
Zone_35,48,Residential,GRADUAL_IMPROVEMENT,15280,95,78.66,32.41,0.412,26.93,52.05,3,Light Rain,Moderate,0,0,0,30.6,12.27,60.73,5.0,0.0,0.0,0.322,29.72,12.56,62.54,2.5,0.0,0.0,0.313,1.81,14.66,-8.68,-2.0,0.09,0.0,5.92,119.48,-14.29,2.121,-0.814,-0.034,0.19,0.0
Zone_35,49,Residential,GRADUAL_IMPROVEMENT,15280,95,95.0,30.1,0.317,16.78,63.42,3,Normal,Good,0,0,0,32.41,26.93,52.05,3.0,0.0,0.0,0.412,29.91,16.09,60.45,2.75,0.0,0.0,0.332,-2.31,-10.15,11.37,0.0,-0.095,0.0,-7.13,-37.69,21.84,1.97,3.633,1.727,-4.023,0.0
Zone_35,50,Residential,GRADUAL_IMPROVEMENT,15280,95,78.66,26.42,0.336,15.3,54.54,3,Light Rain,Moderate,0,0,0,30.1,16.78,63.42,3.0,0.0,0.0,0.317,30.7,16.34,60.29,3.25,0.0,0.0,0.341,-3.68,-1.48,-8.88,0.0,0.019,0.0,-12.23,-8.82,-14.0,1.729,3.692,0.307,-1.33,0.0
Zone_35,51,Residential,GRADUAL_IMPROVEMENT,15280,95,95.0,25.21,0.265,13.88,62.65,3,Normal,Good,0,0,0,26.42,15.3,54.54,3.0,0.0,0.0,0.336,29.88,17.82,57.68,3.5,0.0,0.0,0.347,-1.21,-1.42,8.11,0.0,-0.071,0.0,-4.58,-9.28,14.87,1.65,-0.106,-1.485,-0.72,0.0
Zone_35,52,Residential,GRADUAL_IMPROVEMENT,15280,95,95.0,27.5,0.289,16.36,64.17,4,Normal,Good,0,0,0,25.21,13.88,62.65,3.0,0.0,0.0,0.265,28.54,18.22,58.16,3.0,0.0,0.0,0.332,2.29,2.48,1.52,1.0,0.024,0.0,9.08,17.87,2.43,1.8,-4.063,-2.528,2.292,0.0
Zone_36,1,Residential,PERIODIC_SPIKE,12737,62,51.34,41.98,0.818,54.1,39.77,5,Light Rain,Moderate,0,1,1,,,,,,,,,,,,,,,,,,,,,,,,3.296,,,,
Zone_36,2,Residential,PERIODIC_SPIKE,12737,62,62.0,42.82,0.691,36.13,58.33,3,Normal,Good,0,0,0,41.98,54.1,39.77,5.0,1.0,1.0,0.818,,,,,,,,0.84,-17.97,18.56,-2.0,-0.127,,2.0,-33.22,46.67,3.362,,,,
Zone_36,3,Residential,PERIODIC_SPIKE,12737,62,62.0,36.14,0.583,29.32,57.48,4,Normal,Good,0,0,0,42.82,36.13,58.33,3.0,0.0,0.0,0.691,,,,,,,,-6.68,-6.81,-0.85,1.0,-0.108,-1.0,-15.6,-18.85,-1.46,2.837,,,,
Zone_36,4,Residential,PERIODIC_SPIKE,12737,62,62.0,32.77,0.529,22.1,59.71,5,Normal,Good,0,0,0,36.14,29.32,57.48,4.0,0.0,0.0,0.583,,,,,,,,-3.37,-7.22,2.23,1.0,-0.054,0.0,-9.32,-24.62,3.88,2.573,,,,
Zone_36,5,Residential,PERIODIC_SPIKE,12737,62,55.8,41.64,0.746,44.64,52.68,7,Normal,Good,1,0,0,32.77,22.1,59.71,5.0,0.0,0.0,0.529,38.43,35.41,53.82,4.25,1.0,0.25,0.655,8.87,22.54,-7.03,2.0,0.217,0.0,27.07,101.99,-11.77,3.269,-10.281,-3.431,5.897,-0.3
Zone_36,6,Residential,PERIODIC_SPIKE,12737,62,62.0,43.65,0.704,41.27,50.24,2,Normal,Good,0,1,1,41.64,44.64,52.68,7.0,0.0,0.0,0.746,38.34,33.05,57.05,4.75,0.0,0.0,0.637,2.01,-3.37,-2.44,-5.0,-0.042,0.0,4.83,-7.55,-4.63,3.427,1.831,-0.691,-1.472,0.0
Zone_36,7,Residential,PERIODIC_SPIKE,12737,62,62.0,45.97,0.741,40.04,52.46,1,Normal,Good,0,1,1,43.65,41.27,50.24,2.0,1.0,1.0,0.704,38.55,34.33,55.03,4.5,1.0,0.25,0.64,2.32,-1.23,2.22,-1.0,0.037,1.0,5.31,-2.98,4.42,3.609,5.839,3.14,-2.875,0.3
Zone_36,8,Residential,PERIODIC_SPIKE,12737,62,62.0,39.33,0.634,31.67,58.12,7,Normal,Good,0,0,0,45.97,40.04,52.46,1.0,1.0,1.0,0.741,41.01,37.01,53.77,3.75,2.0,0.5,0.68,-6.64,-8.37,5.66,6.0,-0.107,0.0,-14.44,-20.9,10.79,3.088,5.045,4.161,-2.419,0.4
Zone_36,9,Residential,PERIODIC_SPIKE,12737,62,62.0,43.2,0.697,38.59,56.0,2,Normal,Good,0,0,0,39.33,31.67,58.12,7.0,0.0,0.0,0.634,42.65,39.4,53.38,4.25,2.0,0.5,0.706,3.87,6.92,-2.12,-5.0,0.063,-1.0,9.84,21.85,-3.65,3.392,-4.014,-0.461,1.854,0.0
Zone_36,10,Residential,PERIODIC_SPIKE,12737,62,55.8,47.01,0.842,48.09,55.7,6,Normal,Good,1,2,1,43.2,38.59,56.0,2.0,0.0,0.0,0.697,43.04,37.89,54.2,3.0,2.0,0.5,0.694,3.81,9.5,-0.3,4.0,0.145,0.0,8.82,24.62,-0.54,3.691,-1.641,-0.799,2.294,-0.4
Zone_36,11,Residential,PERIODIC_SPIKE,12737,62,62.0,36.13,0.583,25.77,60.48,4,Normal,Good,0,0,0,47.01,48.09,55.7,6.0,2.0,1.0,0.842,43.88,39.6,55.57,4.0,3.0,0.5,0.728,-10.88,-22.32,4.78,-2.0,-0.259,2.0,-23.14,-46.41,8.58,2.837,3.107,0.699,0.76,0.0
Zone_36,12,Residential,PERIODIC_SPIKE,12737,62,51.34,35.39,0.689,41.6,43.62,9,Light Rain,Moderate,0,0,0,36.13,25.77,60.48,4.0,0.0,0.0,0.583,41.42,36.03,57.58,4.75,2.0,0.25,0.689,-0.74,15.83,-16.86,5.0,0.106,-2.0,-2.05,61.43,-27.88,2.779,-0.82,-0.579,0.678,0.1
Zone_36,13,Residential,PERIODIC_SPIKE,12737,62,62.0,42.48,0.685,34.97,55.24,8,Normal,Good,0,0,0,35.39,41.6,43.62,9.0,0.0,0.0,0.689,40.43,38.51,53.95,5.25,2.0,0.25,0.703,7.09,-6.63,11.62,-1.0,-0.004,0.0,20.03,-15.94,26.64,3.335,-1.329,-3.431,-3.236,-0.1
Zone_36,14,Residential,PERIODIC_SPIKE,12737,62,62.0,37.9,0.611,29.51,55.98,1,Normal,Good,0,0,0,42.48,34.97,55.24,8.0,0.0,0.0,0.685,40.25,37.61,53.76,6.75,2.0,0.25,0.7,-4.58,-5.46,0.74,-7.0,-0.074,0.0,-10.78,-15.61,1.34,2.976,-2.353,-1.433,-1.824,-0.3
Zone_36,15,Residential,PERIODIC_SPIKE,12737,62,55.8,40.9,0.733,36.1,57.8,8,Normal,Good,1,1,1,37.9,29.51,55.98,1.0,0.0,0.0,0.611,37.98,32.96,53.83,5.5,0.0,0.0,0.642,3.0,6.59,1.82,7.0,0.122,0.0,7.92,22.33,3.25,3.211,0.459,1.24,-0.188,0.0
Zone_36,16,Residential,PERIODIC_SPIKE,12737,62,62.0,40.67,0.656,32.15,56.75,5,Normal,Good,0,0,0,40.9,36.1,57.8,8.0,1.0,1.0,0.733,39.17,35.54,53.16,6.5,1.0,0.25,0.68,-0.23,-3.95,-1.05,-3.0,-0.077,1.0,-0.56,-10.94,-1.82,3.193,-2.196,1.195,4.328,0.3
Zone_36,17,Residential,PERIODIC_SPIKE,12737,62,51.34,44.19,0.861,53.91,39.95,8,Light Rain,Moderate,0,2,1,40.67,32.15,56.75,5.0,0.0,0.0,0.656,40.49,33.18,56.44,5.5,1.0,0.25,0.671,3.52,21.76,-16.8,3.0,0.205,-1.0,8.66,67.68,-29.6,3.469,-0.187,-0.243,0.635,0.1
Zone_36,18,Residential,PERIODIC_SPIKE,12737,62,62.0,50.11,0.808,47.72,51.01,6,Normal,Good,0,0,0,44.19,53.91,39.95,8.0,2.0,1.0,0.861,40.92,37.92,52.62,5.5,3.0,0.5,0.715,5.92,-6.19,11.06,-2.0,-0.053,2.0,13.4,-11.48,27.68,3.934,6.925,1.864,-4.914,0.2
Zone_36,19,Residential,PERIODIC_SPIKE,12737,62,62.0,40.55,0.654,26.93,60.87,3,Normal,Good,0,0,0,50.11,47.72,51.01,6.0,0.0,0.0,0.808,43.97,42.47,51.38,6.75,3.0,0.5,0.765,-9.56,-20.79,9.86,-3.0,-0.154,-2.0,-19.08,-43.57,19.33,3.184,5.662,3.115,-3.717,-0.2
Zone_36,20,Residential,PERIODIC_SPIKE,12737,62,55.8,47.77,0.856,52.4,51.85,7,Normal,Good,1,0,0,40.55,26.93,60.87,3.0,0.0,0.0,0.654,43.88,40.18,52.14,5.5,2.0,0.25,0.745,7.22,25.47,-9.02,4.0,0.202,0.0,17.81,94.58,-14.82,3.75,-2.185,0.556,2.342,-0.1
Zone_36,21,Residential,PERIODIC_SPIKE,12737,62,62.0,46.69,0.753,41.99,52.29,5,Normal,Good,0,0,0,47.77,52.4,51.85,7.0,0.0,0.0,0.856,45.66,45.24,50.92,6.0,2.0,0.25,0.795,-1.08,-10.41,0.44,-2.0,-0.103,0.0,-2.26,-19.87,0.85,3.666,-2.532,0.118,4.556,-0.3
Zone_36,22,Residential,PERIODIC_SPIKE,12737,62,62.0,43.12,0.695,37.53,54.24,3,Normal,Good,0,0,0,46.69,41.99,52.29,5.0,0.0,0.0,0.753,46.28,42.26,54.0,5.25,0.0,0.0,0.768,-3.57,-4.46,1.95,-2.0,-0.058,0.0,-7.65,-10.62,3.73,3.385,0.828,-0.304,-0.518,0.0
Zone_36,23,Residential,PERIODIC_SPIKE,12737,62,62.0,41.37,0.667,31.56,55.98,2,Normal,Good,0,0,0,43.12,37.53,54.24,3.0,0.0,0.0,0.695,44.53,39.71,54.81,4.5,0.0,0.0,0.74,-1.75,-5.97,1.74,-1.0,-0.028,0.0,-4.06,-15.91,3.21,3.248,2.139,0.663,-1.945,0.0
Zone_36,24,Residential,PERIODIC_SPIKE,12737,62,62.0,40.6,0.655,28.1,58.56,2,Normal,Good,0,0,0,41.37,31.56,55.98,2.0,0.0,0.0,0.667,44.74,40.87,53.59,4.25,0.0,0.0,0.743,-0.77,-3.46,2.58,0.0,-0.012,0.0,-1.86,-10.96,4.61,3.188,-6.698,-2.277,1.434,0.0
Zone_36,25,Residential,PERIODIC_SPIKE,12737,62,55.8,44.39,0.796,45.42,50.06,10,Normal,Good,1,0,0,40.6,28.1,58.56,2.0,0.0,0.0,0.655,42.94,34.8,55.27,3.0,0.0,0.0,0.693,3.79,17.32,-8.5,8.0,0.141,0.0,9.33,61.64,-14.52,3.485,-4.764,-2.002,2.055,0.0
Zone_36,26,Residential,PERIODIC_SPIKE,12737,62,62.0,48.89,0.789,44.24,55.58,6,Normal,Good,0,2,1,44.39,45.42,50.06,10.0,0.0,0.0,0.796,42.37,35.65,54.71,4.25,0.0,0.0,0.703,4.5,-1.18,5.52,-4.0,-0.007,0.0,10.14,-2.6,11.03,3.838,2.021,0.304,-0.996,0.0
Zone_36,27,Residential,PERIODIC_SPIKE,12737,62,62.0,47.79,0.771,43.11,53.47,11,Normal,Good,0,0,0,48.89,44.24,55.58,6.0,2.0,1.0,0.789,43.81,37.33,55.04,5.0,2.0,0.25,0.727,-1.1,-1.13,-2.11,5.0,-0.018,2.0,-2.25,-2.55,-3.8,3.752,5.536,2.635,-0.97,0.3
Zone_36,28,Residential,PERIODIC_SPIKE,12737,62,51.34,54.05,1.053,74.11,29.55,6,Light Rain,Moderate,0,0,0,47.79,43.11,53.47,11.0,0.0,0.0,0.771,45.42,40.22,54.42,7.25,2.0,0.25,0.753,6.26,31.0,-23.92,-5.0,0.282,-2.0,13.1,71.91,-44.74,4.244,4.385,2.607,-0.975,0.1
Zone_36,29,Residential,PERIODIC_SPIKE,12737,62,62.0,48.2,0.777,41.18,54.45,6,Normal,Good,0,1,1,54.05,74.11,29.55,6.0,0.0,0.0,1.053,48.78,51.72,47.16,8.25,2.0,0.25,0.852,-5.85,-32.93,24.9,0.0,-0.276,0.0,-10.82,-44.43,84.26,3.784,8.494,2.788,-6.364,-0.1
Zone_36,30,Residential,PERIODIC_SPIKE,12737,62,55.8,54.91,0.984,57.88,47.32,10,Normal,Good,1,1,1,48.2,41.18,54.45,6.0,1.0,1.0,0.777,49.73,50.66,48.26,7.25,3.0,0.5,0.848,6.71,16.7,-7.13,4.0,0.207,1.0,13.92,40.55,-13.09,4.311,2.182,0.419,-2.731,0.0
Zone_36,31,Residential,PERIODIC_SPIKE,12737,62,36.27,49.57,1.367,100.0,10.0,18,Heavy Rain,Poor,0,4,1,54.91,57.88,47.32,10.0,1.0,1.0,0.984,51.24,54.07,46.2,8.25,2.0,0.5,0.896,-5.34,42.12,-37.32,8.0,0.383,0.0,-9.72,72.77,-78.87,3.892,1.138,1.551,0.645,0.4
Zone_36,32,Residential,PERIODIC_SPIKE,12737,62,51.34,46.09,0.898,62.78,33.15,9,Light Rain,Moderate,0,1,1,49.57,100.0,10.0,18.0,4.0,1.0,1.367,51.68,68.29,35.33,10.0,6.0,0.75,1.045,-3.48,-37.22,23.15,-9.0,-0.469,3.0,-7.02,-37.22,231.5,3.619,9.437,-0.673,-6.578,0.3
Zone_36,33,Residential,PERIODIC_SPIKE,12737,62,62.0,45.12,0.728,38.33,54.79,6,Normal,Good,0,0,0,46.09,62.78,33.15,9.0,1.0,1.0,0.898,49.69,65.46,36.23,10.75,7.0,1.0,1.006,-0.97,-24.45,21.64,-3.0,-0.17,-3.0,-2.1,-38.95,65.28,3.542,10.692,-1.167,-10.122,0.0
Zone_36,34,Residential,PERIODIC_SPIKE,12737,62,36.27,38.7,1.067,87.29,13.83,14,Heavy Rain,Poor,0,5,1,45.12,38.33,54.79,6.0,0.0,0.0,0.728,48.92,64.75,36.32,10.75,6.0,0.75,0.994,-6.42,48.96,-40.96,8.0,0.339,-1.0,-14.23,127.73,-74.76,3.038,-9.587,-3.285,4.556,-0.3
Zone_36,35,Residential,PERIODIC_SPIKE,12737,62,55.8,48.7,0.873,50.29,52.77,12,Normal,Good,1,0,0,38.7,87.29,13.83,14.0,5.0,1.0,1.067,44.87,72.1,27.94,11.75,10.0,0.75,1.015,10.0,-37.0,38.94,-2.0,-0.194,5.0,25.84,-42.39,281.56,3.824,-6.258,-3.358,3.313,-0.1
Zone_36,36,Residential,PERIODIC_SPIKE,12737,62,36.27,40.47,1.116,89.24,10.34,7,Heavy Rain,Poor,0,1,1,48.7,50.29,52.77,12.0,0.0,0.0,0.873,44.65,59.67,38.64,10.25,6.0,0.5,0.892,-8.23,38.95,-42.43,-5.0,0.243,-5.0,-16.9,77.45,-80.41,3.177,1.149,0.141,1.79,-0.2
Zone_36,37,Residential,PERIODIC_SPIKE,12737,62,62.0,34.34,0.554,24.93,62.7,4,Normal,Good,0,0,0,40.47,89.24,10.34,7.0,1.0,1.0,1.116,43.25,66.29,32.93,9.75,6.0,0.5,0.946,-6.13,-64.31,52.36,-3.0,-0.562,1.0,-15.15,-72.06,506.38,2.696,11.573,-0.395,-9.441,0.2
Zone_36,38,Residential,PERIODIC_SPIKE,12737,62,51.34,34.17,0.666,38.52,46.35,4,Light Rain,Moderate,0,0,0,34.34,24.93,62.7,4.0,0.0,0.0,0.554,40.55,62.94,34.91,9.25,6.0,0.5,0.903,-0.17,13.59,-16.35,0.0,0.112,-1.0,-0.5,54.51,-26.08,2.683,-14.813,-2.131,10.418,-0.2
Zone_36,39,Residential,PERIODIC_SPIKE,12737,62,62.0,31.07,0.501,25.14,58.52,2,Normal,Good,0,1,1,34.17,38.52,46.35,4.0,0.0,0.0,0.666,39.42,50.74,43.04,6.75,1.0,0.25,0.802,-3.1,-13.38,12.17,-2.0,-0.165,0.0,-9.07,-34.74,26.26,2.439,-9.962,-4.972,3.31,-0.1
Zone_36,40,Residential,PERIODIC_SPIKE,12737,62,55.8,38.4,0.688,35.62,53.89,4,Normal,Good,1,0,0,31.07,25.14,58.52,2.0,1.0,1.0,0.501,35.01,44.46,44.48,4.25,2.0,0.5,0.709,7.33,10.48,-4.63,2.0,0.187,1.0,23.59,41.69,-7.91,3.015,-17.871,-2.837,12.819,0.0
Zone_36,41,Residential,PERIODIC_SPIKE,12737,62,51.34,36.67,0.714,42.85,44.32,8,Light Rain,Moderate,0,1,1,38.4,35.62,53.89,4.0,0.0,0.0,0.688,34.5,31.05,55.36,3.5,1.0,0.25,0.602,-1.73,7.23,-9.57,4.0,0.026,-1.0,-4.51,20.3,-17.76,2.879,1.869,0.908,-1.426,0.1
Zone_36,42,Residential,PERIODIC_SPIKE,12737,62,62.0,42.65,0.688,37.67,54.17,2,Normal,Good,0,0,0,36.67,42.85,44.32,8.0,1.0,1.0,0.714,35.08,35.53,50.77,4.5,2.0,0.5,0.642,5.98,-5.18,9.85,-6.0,-0.026,1.0,16.31,-12.09,22.22,3.349,2.347,1.483,-1.072,0.2
Zone_36,43,Residential,PERIODIC_SPIKE,12737,62,62.0,38.96,0.628,34.81,56.11,6,Normal,Good,0,0,0,42.65,37.67,54.17,2.0,0.0,0.0,0.688,37.2,35.32,52.72,4.0,2.0,0.5,0.648,-3.69,-2.86,1.94,4.0,-0.06,-1.0,-8.65,-7.59,3.58,3.059,4.482,3.301,-2.262,-0.2
Zone_36,44,Residential,PERIODIC_SPIKE,12737,62,62.0,48.8,0.787,45.8,49.96,10,Normal,Good,0,0,0,38.96,34.81,56.11,6.0,0.0,0.0,0.628,39.17,37.74,52.12,5.0,1.0,0.25,0.679,9.84,10.99,-6.15,4.0,0.159,0.0,25.26,31.57,-10.96,3.831,-0.761,0.766,1.651,-0.1
Zone_36,45,Residential,PERIODIC_SPIKE,12737,62,46.2,49.75,1.077,74.15,32.14,8,Light Rain,Moderate,1,2,1,48.8,45.8,49.96,10.0,0.0,0.0,0.787,41.77,40.28,51.14,6.5,1.0,0.25,0.704,0.95,28.35,-17.82,-2.0,0.29,0.0,1.95,61.9,-35.67,3.906,0.599,3.27,1.886,-0.3
Zone_36,46,Residential,PERIODIC_SPIKE,12737,62,51.34,45.82,0.892,58.26,39.09,4,Light Rain,Moderate,0,1,1,49.75,74.15,32.14,8.0,2.0,1.0,1.077,45.04,48.11,48.1,6.5,2.0,0.25,0.795,-3.93,-15.89,6.95,-4.0,-0.185,2.0,-7.9,-21.43,21.62,3.597,12.043,3.114,-7.224,0.3
Zone_36,47,Residential,PERIODIC_SPIKE,12737,62,62.0,39.38,0.635,32.64,55.94,1,Normal,Good,0,0,0,45.82,58.26,39.09,4.0,1.0,1.0,0.892,45.83,53.26,44.32,7.0,3.0,0.5,0.846,-6.44,-25.62,16.85,-3.0,-0.257,-1.0,-14.05,-43.98,43.11,3.092,9.87,2.153,-6.888,0.4
Zone_36,48,Residential,PERIODIC_SPIKE,12737,62,62.0,42.96,0.693,36.72,54.36,7,Normal,Good,0,0,0,39.38,32.64,55.94,1.0,0.0,0.0,0.635,45.94,52.71,44.28,5.75,3.0,0.5,0.848,3.58,4.08,-1.58,6.0,0.058,-1.0,9.09,12.5,-2.82,3.373,-5.537,-3.219,2.489,0.0
Zone_36,49,Residential,PERIODIC_SPIKE,12737,62,62.0,37.05,0.598,25.83,58.07,5,Normal,Good,0,0,0,42.96,36.72,54.36,7.0,0.0,0.0,0.693,44.48,50.44,45.38,5.0,3.0,0.5,0.824,-5.91,-10.89,3.71,-2.0,-0.095,0.0,-13.76,-29.66,6.82,2.909,-13.791,-2.681,8.351,-0.4
Zone_36,50,Residential,PERIODIC_SPIKE,12737,62,55.8,41.07,0.736,42.61,55.31,8,Normal,Good,1,1,1,37.05,25.83,58.07,5.0,0.0,0.0,0.598,41.3,38.36,51.86,4.25,1.0,0.25,0.704,4.02,16.78,-2.76,3.0,0.138,0.0,10.85,64.96,-4.75,3.224,-9.321,-2.273,5.536,-0.3
Zone_36,51,Residential,PERIODIC_SPIKE,12737,62,51.34,46.45,0.905,60.6,34.08,1,Light Rain,Moderate,0,1,1,41.07,42.61,55.31,8.0,1.0,1.0,0.736,40.11,34.45,55.92,5.25,1.0,0.25,0.666,5.38,17.99,-21.23,-7.0,0.169,1.0,13.1,42.22,-38.38,3.647,1.902,-0.084,0.182,0.3
Zone_36,52,Residential,PERIODIC_SPIKE,12737,62,51.34,47.3,0.921,59.07,35.71,4,Light Rain,Moderate,0,2,1,46.45,60.6,34.08,1.0,1.0,1.0,0.905,41.88,41.44,50.46,5.25,2.0,0.5,0.733,0.85,-1.53,1.63,3.0,0.016,0.0,1.83,-2.52,4.78,3.714,8.842,1.449,-6.36,0.4
Zone_37,1,Residential,RECOVERY_AFTER_DISRUPTION,11474,92,92.0,34.7,0.377,11.42,65.39,3,Normal,Good,0,0,0,,,,,,,,,,,,,,,,,,,,,,,,3.024,,,,
Zone_37,2,Residential,RECOVERY_AFTER_DISRUPTION,11474,92,92.0,29.38,0.319,19.05,64.48,8,Normal,Good,0,0,0,34.7,11.42,65.39,3.0,0.0,0.0,0.377,,,,,,,,-5.32,7.63,-0.91,5.0,-0.058,,-15.33,66.81,-1.39,2.561,,,,
Zone_37,3,Residential,RECOVERY_AFTER_DISRUPTION,11474,92,76.18,31.68,0.416,22.18,51.26,4,Light Rain,Moderate,0,0,0,29.38,19.05,64.48,8.0,0.0,0.0,0.319,,,,,,,,2.3,3.13,-13.22,-4.0,0.097,0.0,7.83,16.43,-20.5,2.761,,,,
Zone_37,4,Residential,RECOVERY_AFTER_DISRUPTION,11474,92,92.0,30.85,0.335,9.56,62.18,2,Normal,Good,0,0,0,31.68,22.18,51.26,4.0,0.0,0.0,0.416,,,,,,,,-0.83,-12.62,10.92,-2.0,-0.081,0.0,-2.62,-56.9,21.3,2.689,,,,
Zone_37,5,Residential,RECOVERY_AFTER_DISRUPTION,11474,92,76.18,28.79,0.378,14.04,55.14,2,Light Rain,Moderate,0,0,0,30.85,9.56,62.18,2.0,0.0,0.0,0.335,31.65,15.55,60.83,4.25,0.0,0.0,0.362,-2.06,4.48,-7.04,0.0,0.043,0.0,-6.68,46.86,-11.32,2.509,-0.245,-0.925,-2.285,0.0
Zone_37,6,Residential,RECOVERY_AFTER_DISRUPTION,11474,92,76.18,31.62,0.415,23.48,50.29,2,Light Rain,Moderate,0,0,0,28.79,14.04,55.14,2.0,0.0,0.0,0.378,30.18,16.21,58.26,4.0,0.0,0.0,0.362,2.83,9.44,-4.85,0.0,0.037,0.0,9.83,67.24,-8.8,2.756,-2.765,-0.26,-1.71,0.0
Zone_37,7,Residential,RECOVERY_AFTER_DISRUPTION,11474,92,92.0,31.13,0.338,14.13,57.52,2,Normal,Good,0,0,0,31.62,23.48,50.29,2.0,0.0,0.0,0.415,30.74,17.32,54.72,2.5,0.0,0.0,0.386,-0.49,-9.35,7.23,0.0,-0.077,0.0,-1.55,-39.82,14.38,2.713,0.838,-0.224,-0.995,0.0
Zone_37,8,Residential,RECOVERY_AFTER_DISRUPTION,11474,92,92.0,26.61,0.289,15.5,62.37,3,Normal,Good,0,0,0,31.13,14.13,57.52,2.0,0.0,0.0,0.338,30.6,15.3,56.28,2.0,0.0,0.0,0.367,-4.52,1.37,4.85,1.0,-0.049,0.0,-14.52,9.7,8.43,2.319,2.315,0.367,-1.883,0.0
Zone_37,9,Residential,RECOVERY_AFTER_DISRUPTION,11474,92,76.18,29.91,0.393,20.45,53.24,2,Light Rain,Moderate,0,0,0,26.61,15.5,62.37,3.0,0.0,0.0,0.289,29.54,16.79,56.33,2.25,0.0,0.0,0.355,3.3,4.95,-9.13,-1.0,0.104,0.0,12.4,31.94,-14.64,2.607,-0.497,-0.703,2.892,0.0
Zone_37,10,Residential,RECOVERY_AFTER_DISRUPTION,11474,92,92.0,17.24,0.187,13.9,62.35,2,Normal,Good,0,0,0,29.91,20.45,53.24,2.0,0.0,0.0,0.393,29.82,18.39,55.86,2.25,0.0,0.0,0.359,-12.67,-6.55,9.11,0.0,-0.206,0.0,-42.36,-32.03,17.11,1.503,-0.772,-0.965,1.37,0.0
Zone_37,11,Residential,RECOVERY_AFTER_DISRUPTION,11474,92,92.0,25.28,0.275,12.99,61.32,2,Normal,Good,0,0,0,17.24,13.9,62.35,2.0,0.0,0.0,0.187,26.22,16.0,58.87,2.25,0.0,0.0,0.302,8.04,-0.91,-1.03,0.0,0.088,0.0,46.64,-6.55,-1.65,2.203,0.426,-3.837,0.536,0.0
Zone_37,12,Residential,RECOVERY_AFTER_DISRUPTION,11474,92,92.0,31.01,0.337,8.46,62.49,2,Normal,Good,0,0,0,25.28,12.99,61.32,2.0,0.0,0.0,0.275,24.76,15.71,59.82,2.25,0.0,0.0,0.286,5.73,-4.53,1.17,0.0,0.062,0.0,22.67,-34.87,1.91,2.703,-1.408,-1.666,0.596,0.0
Zone_37,13,Residential,RECOVERY_AFTER_DISRUPTION,11474,92,92.0,26.41,0.287,12.33,61.19,6,Normal,Good,0,0,0,31.01,8.46,62.49,2.0,0.0,0.0,0.337,25.86,13.95,59.85,2.0,0.0,0.0,0.298,-4.6,3.87,-1.3,4.0,-0.05,0.0,-14.83,45.74,-2.08,2.302,-3.688,1.134,2.672,0.0
Zone_37,14,Residential,RECOVERY_AFTER_DISRUPTION,11474,92,92.0,35.38,0.385,16.96,63.36,3,Normal,Good,0,0,0,26.41,12.33,61.19,6.0,0.0,0.0,0.287,24.98,11.92,61.84,3.0,0.0,0.0,0.272,8.97,4.63,2.17,-3.0,0.098,0.0,33.96,37.55,3.55,3.083,-0.924,3.324,-0.231,0.0
Zone_37,15,Residential,RECOVERY_AFTER_DISRUPTION,11474,92,92.0,40.96,0.445,21.49,61.36,3,Normal,Good,0,0,0,35.38,16.96,63.36,3.0,0.0,0.0,0.385,29.52,12.69,62.09,3.25,0.0,0.0,0.321,5.58,4.53,-2.0,0.0,0.06,0.0,15.77,26.71,-3.16,3.57,1.578,2.57,0.482,0.0
Zone_37,16,Residential,RECOVERY_AFTER_DISRUPTION,11474,92,92.0,44.68,0.486,22.04,59.14,4,Normal,Good,0,0,0,40.96,21.49,61.36,3.0,0.0,0.0,0.445,33.44,14.81,62.1,3.5,0.0,0.0,0.364,3.72,0.55,-2.22,1.0,0.041,0.0,9.08,2.56,-3.62,3.894,4.372,3.882,-0.122,0.0
Zone_37,17,Residential,RECOVERY_AFTER_DISRUPTION,11474,92,92.0,50.43,0.548,23.89,59.47,4,Normal,Good,0,0,0,44.68,22.04,59.14,4.0,0.0,0.0,0.486,36.86,18.21,61.26,4.0,0.0,0.0,0.401,5.75,1.85,0.33,0.0,0.062,0.0,12.87,8.39,0.56,4.395,3.366,6.039,-0.815,0.0
Zone_37,18,Residential,RECOVERY_AFTER_DISRUPTION,11474,92,92.0,51.08,0.555,29.09,59.77,1,Normal,Good,0,0,0,50.43,23.89,59.47,4.0,0.0,0.0,0.548,42.86,21.1,60.83,3.5,0.0,0.0,0.466,0.65,5.2,0.3,-3.0,0.007,0.0,1.29,21.77,0.5,4.452,2.134,4.887,-1.389,0.0
Zone_37,19,Residential,RECOVERY_AFTER_DISRUPTION,11474,92,92.0,50.26,0.546,25.72,60.87,4,Normal,Good,0,1,1,51.08,29.09,59.77,1.0,0.0,0.0,0.555,46.79,24.13,59.94,3.0,0.0,0.0,0.508,-0.82,-3.37,1.1,3.0,-0.009,0.0,-1.61,-11.58,1.84,4.38,2.465,3.611,-0.444,0.0
Zone_37,20,Residential,RECOVERY_AFTER_DISRUPTION,11474,92,76.18,56.04,0.736,49.85,40.9,9,Light Rain,Moderate,0,0,0,50.26,25.72,60.87,4.0,1.0,1.0,0.546,49.11,25.18,59.81,3.25,1.0,0.25,0.534,5.78,24.13,-19.97,5.0,0.19,1.0,11.5,93.82,-32.81,4.884,1.624,1.739,0.549,0.3
Zone_37,21,Residential,RECOVERY_AFTER_DISRUPTION,11474,92,75.44,48.96,0.649,31.98,54.57,3,Normal,Good,0,0,0,56.04,49.85,40.9,9.0,0.0,0.0,0.736,51.95,32.14,55.25,4.5,1.0,0.25,0.596,-7.08,-17.87,13.67,-6.0,-0.087,-1.0,-12.63,-35.85,33.42,4.267,7.451,1.601,-5.461,0.1
Zone_37,22,Residential,RECOVERY_AFTER_DISRUPTION,11474,92,75.44,62.59,0.83,50.26,48.66,3,Normal,Good,0,3,1,48.96,31.98,54.57,3.0,0.0,0.0,0.649,51.58,34.16,54.03,4.25,1.0,0.25,0.621,13.63,18.28,-5.91,0.0,0.181,0.0,27.84,57.16,-10.83,5.455,3.28,-0.058,-3.557,-0.1
Zone_37,23,Residential,RECOVERY_AFTER_DISRUPTION,11474,92,75.44,55.45,0.735,36.31,55.69,7,Normal,Good,0,1,1,62.59,50.26,48.66,3.0,3.0,1.0,0.83,54.46,39.45,51.25,4.75,4.0,0.5,0.69,-7.14,-13.95,7.03,4.0,-0.095,3.0,-11.41,-27.76,14.45,4.833,5.575,2.991,-2.296,0.0
Zone_37,24,Residential,RECOVERY_AFTER_DISRUPTION,11474,92,75.44,59.9,0.794,45.77,53.18,4,Normal,Good,0,0,0,55.45,36.31,55.69,7.0,1.0,1.0,0.735,55.76,42.1,49.96,5.5,4.0,0.5,0.737,4.45,9.46,-2.51,-3.0,0.059,-2.0,8.03,26.05,-4.51,5.22,-2.234,1.186,3.846,0.4
Zone_37,25,Residential,RECOVERY_AFTER_DISRUPTION,11474,92,75.44,53.45,0.709,34.34,60.41,2,Normal,Good,0,0,0,59.9,45.77,53.18,4.0,0.0,0.0,0.794,56.72,41.08,53.02,4.25,4.0,0.5,0.752,-6.45,-11.43,7.23,-2.0,-0.085,-1.0,-10.77,-24.97,13.6,4.658,2.742,2.568,0.286,0.0
Zone_37,26,Residential,RECOVERY_AFTER_DISRUPTION,11474,92,62.46,59.56,0.954,63.93,35.96,3,Light Rain,Moderate,0,1,1,53.45,34.34,60.41,2.0,0.0,0.0,0.709,57.85,41.67,54.48,4.0,4.0,0.5,0.767,6.11,29.59,-24.45,1.0,0.245,0.0,11.43,86.17,-40.47,5.191,-3.83,-2.297,3.274,-0.4
Zone_37,27,Residential,RECOVERY_AFTER_DISRUPTION,11474,92,62.46,66.04,1.057,74.89,28.89,7,Light Rain,Moderate,0,2,1,59.56,63.93,35.96,3.0,1.0,1.0,0.954,57.09,45.09,51.31,4.0,2.0,0.5,0.798,6.48,10.96,-7.07,4.0,0.103,1.0,10.88,17.14,-19.66,5.756,7.143,0.588,-5.196,0.0
Zone_37,28,Residential,RECOVERY_AFTER_DISRUPTION,11474,92,75.44,70.02,0.928,57.24,44.99,6,Normal,Good,0,0,0,66.04,74.89,28.89,7.0,2.0,1.0,1.057,59.74,54.73,44.61,4.0,3.0,0.5,0.878,3.98,-17.65,16.1,-1.0,-0.129,1.0,6.03,-23.57,55.73,6.102,11.695,2.453,-9.732,0.4
Zone_37,29,Residential,RECOVERY_AFTER_DISRUPTION,11474,92,92.0,59.88,0.651,32.37,55.85,2,Normal,Good,0,0,0,70.02,57.24,44.99,6.0,0.0,0.0,0.928,62.27,57.6,42.56,4.5,3.0,0.5,0.912,-10.14,-24.87,10.86,-4.0,-0.277,-2.0,-14.48,-43.45,24.14,5.219,7.966,5.619,-5.333,0.0
Zone_37,30,Residential,RECOVERY_AFTER_DISRUPTION,11474,92,92.0,44.6,0.485,23.26,60.6,2,Normal,Good,0,1,1,59.88,32.37,55.85,2.0,0.0,0.0,0.651,63.88,57.11,41.42,4.5,3.0,0.5,0.898,-15.28,-9.11,4.75,0.0,-0.166,0.0,-25.52,-28.14,8.5,3.887,-11.233,0.494,7.577,-0.4
Zone_37,31,Residential,RECOVERY_AFTER_DISRUPTION,11474,92,53.82,43.92,0.816,57.36,25.82,1,Heavy Rain,Poor,0,1,1,44.6,23.26,60.6,2.0,1.0,1.0,0.485,60.14,46.94,47.58,4.25,3.0,0.5,0.78,-0.68,34.1,-34.78,-1.0,0.331,1.0,-1.52,146.6,-57.39,3.828,-17.976,-7.446,10.599,0.0
Zone_37,32,Residential,RECOVERY_AFTER_DISRUPTION,11474,92,76.18,46.72,0.613,35.94,47.57,7,Light Rain,Moderate,0,0,0,43.92,57.36,25.82,1.0,1.0,1.0,0.816,54.6,42.56,46.82,2.75,2.0,0.5,0.72,2.8,-21.42,21.75,6.0,-0.203,0.0,6.38,-37.34,84.24,4.072,-0.875,-9.358,-5.276,0.4
Zone_37,33,Residential,RECOVERY_AFTER_DISRUPTION,11474,92,53.82,50.34,0.935,76.02,17.64,7,Heavy Rain,Poor,0,0,0,46.72,35.94,47.57,7.0,0.0,0.0,0.613,48.78,37.23,47.46,3.0,2.0,0.5,0.641,3.62,40.08,-29.93,0.0,0.322,-1.0,7.75,111.52,-62.92,4.387,4.481,-4.016,-5.962,0.0
Zone_37,34,Residential,RECOVERY_AFTER_DISRUPTION,11474,92,76.18,44.85,0.589,34.78,49.83,5,Light Rain,Moderate,0,0,0,50.34,76.02,17.64,7.0,0.0,0.0,0.935,46.4,48.14,37.91,4.25,2.0,0.5,0.712,-5.49,-41.24,32.19,-2.0,-0.346,0.0,-10.91,-54.25,182.48,3.909,13.686,2.002,-10.713,-0.4
Zone_37,35,Residential,RECOVERY_AFTER_DISRUPTION,11474,92,53.82,40.45,0.752,48.98,30.27,7,Heavy Rain,Poor,0,4,1,44.85,34.78,49.83,5.0,0.0,0.0,0.589,46.46,51.03,35.22,5.0,1.0,0.25,0.738,-4.4,14.2,-19.56,2.0,0.163,0.0,-9.81,40.83,-39.25,3.525,-2.766,0.641,4.21,-0.3
Zone_37,36,Residential,RECOVERY_AFTER_DISRUPTION,11474,92,53.82,43.0,0.799,58.87,22.16,9,Heavy Rain,Poor,0,1,1,40.45,48.98,30.27,7.0,4.0,1.0,0.752,45.59,48.93,36.33,6.5,4.0,0.25,0.722,2.55,9.89,-8.11,2.0,0.047,4.0,6.3,20.19,-26.79,3.748,-0.212,-2.43,-1.971,0.3
Zone_37,37,Residential,RECOVERY_AFTER_DISRUPTION,11474,92,92.0,41.5,0.451,23.96,59.3,1,Normal,Good,0,0,0,43.0,58.87,22.16,9.0,1.0,1.0,0.799,44.66,54.66,29.98,7.0,5.0,0.5,0.769,-1.5,-34.91,37.14,-8.0,-0.348,-3.0,-3.49,-59.3,167.6,3.617,-3.725,-2.642,-0.6,0.4
Zone_37,38,Residential,RECOVERY_AFTER_DISRUPTION,11474,92,92.0,42.81,0.465,21.66,56.99,1,Normal,Good,0,0,0,41.5,23.96,59.3,1.0,0.0,0.0,0.451,42.45,41.65,40.39,5.5,5.0,0.5,0.648,1.31,-2.3,-2.31,0.0,0.014,-1.0,3.16,-9.6,-3.9,3.731,-2.257,-0.75,2.03,0.0
Zone_37,39,Residential,RECOVERY_AFTER_DISRUPTION,11474,92,92.0,38.61,0.42,21.99,58.9,2,Normal,Good,0,0,0,42.81,21.66,56.99,1.0,0.0,0.0,0.465,41.94,38.37,42.18,4.5,5.0,0.5,0.617,-4.2,0.33,1.91,1.0,-0.045,0.0,-9.81,1.52,3.35,3.365,-11.687,0.558,11.73,-0.4
Zone_37,40,Residential,RECOVERY_AFTER_DISRUPTION,11474,92,92.0,35.37,0.384,17.4,61.52,1,Normal,Good,0,0,0,38.61,21.99,58.9,2.0,0.0,0.0,0.42,41.48,31.62,49.34,3.25,1.0,0.25,0.534,-3.24,-4.59,2.62,-1.0,-0.036,0.0,-8.39,-20.87,4.45,3.083,-11.294,-1.186,10.791,-0.3
Zone_37,41,Residential,RECOVERY_AFTER_DISRUPTION,11474,92,92.0,34.39,0.374,10.29,64.08,2,Normal,Good,0,0,0,35.37,17.4,61.52,1.0,0.0,0.0,0.384,39.57,21.25,59.18,1.25,0.0,0.0,0.43,-0.98,-7.11,2.56,1.0,-0.01,0.0,-2.77,-40.86,4.16,2.997,-1.935,-2.259,0.857,0.0
Zone_37,42,Residential,RECOVERY_AFTER_DISRUPTION,11474,92,92.0,29.51,0.321,11.67,60.45,3,Normal,Good,0,0,0,34.39,10.29,64.08,2.0,0.0,0.0,0.374,37.8,17.84,60.37,1.5,0.0,0.0,0.411,-4.88,1.38,-3.63,1.0,-0.053,0.0,-14.19,13.41,-5.66,2.572,-3.87,-2.85,2.389,0.0
Zone_37,43,Residential,RECOVERY_AFTER_DISRUPTION,11474,92,92.0,37.08,0.403,20.26,60.96,3,Normal,Good,0,1,1,29.51,11.67,60.45,3.0,0.0,0.0,0.321,34.47,15.34,61.24,2.0,0.0,0.0,0.375,7.57,8.59,0.51,0.0,0.082,0.0,25.65,73.61,0.84,3.232,-3.807,-2.828,0.721,0.0
Zone_37,44,Residential,RECOVERY_AFTER_DISRUPTION,11474,92,92.0,40.53,0.441,20.33,62.02,1,Normal,Good,0,0,0,37.08,20.26,60.96,3.0,1.0,1.0,0.403,34.09,14.9,61.75,2.25,1.0,0.25,0.37,3.45,0.07,1.06,-2.0,0.038,1.0,9.3,0.35,1.74,3.532,0.996,0.025,-0.531,0.3
Zone_37,45,Residential,RECOVERY_AFTER_DISRUPTION,11474,92,92.0,38.45,0.418,16.99,59.61,3,Normal,Good,0,0,0,40.53,20.33,62.02,1.0,0.0,0.0,0.441,35.38,15.64,61.88,2.25,1.0,0.25,0.385,-2.08,-3.34,-2.41,2.0,-0.023,-1.0,-5.13,-16.43,-3.89,3.351,3.871,2.599,-0.567,0.1
Zone_37,46,Residential,RECOVERY_AFTER_DISRUPTION,11474,92,92.0,37.4,0.407,19.24,60.17,2,Normal,Good,0,0,0,38.45,16.99,59.61,3.0,0.0,0.0,0.418,36.39,17.31,60.76,2.5,1.0,0.25,0.396,-1.05,2.25,0.56,-1.0,-0.011,0.0,-2.73,13.24,0.94,3.26,1.603,3.027,-0.146,-0.1
Zone_37,47,Residential,RECOVERY_AFTER_DISRUPTION,11474,92,76.18,41.56,0.546,30.67,48.56,1,Light Rain,Moderate,0,0,0,37.4,19.24,60.17,2.0,0.0,0.0,0.407,38.36,19.2,60.69,2.25,1.0,0.25,0.417,4.16,11.43,-11.61,-1.0,0.139,0.0,11.12,59.41,-19.3,3.622,-0.64,-0.112,-0.478,-0.3
Zone_37,48,Residential,RECOVERY_AFTER_DISRUPTION,11474,92,92.0,45.98,0.5,23.21,60.18,4,Normal,Good,0,0,0,41.56,30.67,48.56,1.0,0.0,0.0,0.546,39.48,21.81,57.59,1.75,0.0,0.0,0.453,4.42,-7.46,11.62,3.0,-0.046,0.0,10.64,-24.32,23.93,4.007,3.327,0.204,-3.982,0.0
Zone_37,49,Residential,RECOVERY_AFTER_DISRUPTION,11474,92,76.18,37.29,0.489,25.18,50.7,0,Light Rain,Moderate,0,0,0,45.98,23.21,60.18,4.0,0.0,0.0,0.5,40.85,22.53,57.13,2.5,0.0,0.0,0.468,-8.69,1.97,-9.48,-4.0,-0.011,0.0,-18.9,8.49,-15.75,3.25,3.009,2.675,-0.99,0.0
Zone_37,50,Residential,RECOVERY_AFTER_DISRUPTION,11474,92,92.0,42.03,0.457,19.76,60.7,0,Normal,Good,0,0,0,37.29,25.18,50.7,0.0,0.0,0.0,0.489,40.56,24.58,54.9,1.75,0.0,0.0,0.486,4.74,-5.42,10.0,0.0,-0.032,0.0,12.71,-21.52,19.72,3.663,1.036,0.409,-1.679,0.0
Zone_37,51,Residential,RECOVERY_AFTER_DISRUPTION,11474,92,92.0,46.15,0.502,21.47,58.83,0,Normal,Good,0,0,0,42.03,19.76,60.7,0.0,0.0,0.0,0.457,41.72,24.7,55.04,1.25,0.0,0.0,0.498,4.12,1.71,-1.87,0.0,0.045,0.0,9.8,8.65,-3.08,4.022,-3.076,-0.728,2.694,0.0
Zone_37,52,Residential,RECOVERY_AFTER_DISRUPTION,11474,92,92.0,46.77,0.508,22.03,61.07,6,Normal,Good,0,0,0,46.15,21.47,58.83,0.0,0.0,0.0,0.502,42.86,22.4,57.6,1.0,0.0,0.0,0.487,0.62,0.56,2.24,6.0,0.006,0.0,1.34,2.61,3.81,4.076,-1.064,0.525,0.595,0.0
Zone_38,1,Commercial_Downtown,RECOVERY_AFTER_DISRUPTION,9035,94,94.0,42.43,0.451,17.66,61.75,4,Normal,Good,0,0,0,,,,,,,,,,,,,,,,,,,,,,,,4.696,,,,
Zone_38,2,Commercial_Downtown,RECOVERY_AFTER_DISRUPTION,9035,94,77.83,43.27,0.556,30.25,46.79,6,Light Rain,Moderate,0,0,0,42.43,17.66,61.75,4.0,0.0,0.0,0.451,,,,,,,,0.84,12.59,-14.96,2.0,0.105,,1.98,71.29,-24.23,4.789,,,,
Zone_38,3,Commercial_Downtown,RECOVERY_AFTER_DISRUPTION,9035,94,77.83,49.11,0.631,36.58,45.08,10,Light Rain,Moderate,0,0,0,43.27,30.25,46.79,6.0,0.0,0.0,0.556,,,,,,,,5.84,6.33,-1.71,4.0,0.075,0.0,13.5,20.93,-3.65,5.436,,,,
Zone_38,4,Commercial_Downtown,RECOVERY_AFTER_DISRUPTION,9035,94,94.0,45.27,0.482,22.3,59.89,7,Normal,Good,0,0,0,49.11,36.58,45.08,10.0,0.0,0.0,0.631,,,,,,,,-3.84,-14.28,14.81,-3.0,-0.149,0.0,-7.82,-39.04,32.85,5.011,,,,
Zone_38,5,Commercial_Downtown,RECOVERY_AFTER_DISRUPTION,9035,94,94.0,39.1,0.416,18.47,60.26,6,Normal,Good,0,0,0,45.27,22.3,59.89,7.0,0.0,0.0,0.482,45.02,26.7,53.38,6.75,0.0,0.0,0.53,-6.17,-3.83,0.37,-1.0,-0.066,0.0,-13.63,-17.17,0.62,4.328,2.025,1.436,-0.729,0.0
Zone_38,6,Commercial_Downtown,RECOVERY_AFTER_DISRUPTION,9035,94,94.0,39.47,0.42,18.19,58.63,10,Normal,Good,0,0,0,39.1,18.47,60.26,6.0,0.0,0.0,0.416,44.19,26.9,53.0,7.25,0.0,0.0,0.521,0.37,-0.28,-1.63,4.0,0.004,0.0,0.95,-1.52,-2.7,4.369,-4.962,-1.635,5.522,0.0
Zone_38,7,Commercial_Downtown,RECOVERY_AFTER_DISRUPTION,9035,94,94.0,45.78,0.487,25.34,61.03,2,Normal,Good,0,0,0,39.47,18.19,58.63,10.0,0.0,0.0,0.42,43.24,23.88,55.96,8.25,0.0,0.0,0.487,6.31,7.15,2.4,-8.0,0.067,0.0,15.99,39.31,4.09,5.067,-5.9,-3.509,4.102,0.0
Zone_38,8,Commercial_Downtown,RECOVERY_AFTER_DISRUPTION,9035,94,94.0,49.88,0.531,23.88,60.98,2,Normal,Good,0,0,0,45.78,25.34,61.03,2.0,0.0,0.0,0.487,42.4,21.08,59.95,6.25,0.0,0.0,0.451,4.1,-1.46,-0.05,0.0,0.044,0.0,8.96,-5.76,-0.08,5.521,0.884,0.19,0.179,0.0
Zone_38,9,Commercial_Downtown,RECOVERY_AFTER_DISRUPTION,9035,94,94.0,57.12,0.608,28.98,55.71,4,Normal,Good,0,0,0,49.88,23.88,60.98,2.0,0.0,0.0,0.531,43.56,21.47,60.22,5.0,0.0,0.0,0.464,7.24,5.1,-5.27,2.0,0.077,0.0,14.51,21.36,-8.64,6.322,2.338,3.865,0.456,0.0
Zone_38,10,Commercial_Downtown,RECOVERY_AFTER_DISRUPTION,9035,94,94.0,60.53,0.644,30.52,56.14,5,Normal,Good,0,1,1,57.12,28.98,55.71,4.0,0.0,0.0,0.608,48.06,24.1,59.09,4.5,0.0,0.0,0.512,3.41,1.54,0.43,1.0,0.036,0.0,5.97,5.31,0.77,6.7,3.091,5.705,-0.881,0.0
Zone_38,11,Commercial_Downtown,RECOVERY_AFTER_DISRUPTION,9035,94,94.0,63.43,0.675,34.27,53.8,5,Normal,Good,0,1,1,60.53,30.52,56.14,5.0,1.0,1.0,0.644,53.33,27.18,58.46,3.25,1.0,0.25,0.568,2.9,3.75,-2.34,0.0,0.031,1.0,4.79,12.29,-4.17,7.02,2.064,5.149,-1.994,0.3
Zone_38,12,Commercial_Downtown,RECOVERY_AFTER_DISRUPTION,9035,94,94.0,59.33,0.631,28.36,54.26,12,Normal,Good,0,0,0,63.43,34.27,53.8,5.0,1.0,1.0,0.675,57.74,29.41,56.66,4.0,2.0,0.5,0.614,-4.1,-5.91,0.46,7.0,-0.044,0.0,-6.46,-17.25,0.86,6.567,3.271,4.406,-2.111,0.4
Zone_38,13,Commercial_Downtown,RECOVERY_AFTER_DISRUPTION,9035,94,77.83,60.28,0.775,47.6,43.09,10,Light Rain,Moderate,0,1,1,59.33,28.36,54.26,12.0,0.0,0.0,0.631,60.1,30.53,54.98,6.5,2.0,0.5,0.64,0.95,19.24,-11.17,-2.0,0.144,-1.0,1.6,67.84,-20.59,6.672,0.189,0.953,-0.669,0.0
Zone_38,14,Commercial_Downtown,RECOVERY_AFTER_DISRUPTION,9035,94,94.0,56.54,0.601,33.95,55.2,4,Normal,Good,0,1,1,60.28,47.6,43.09,10.0,1.0,1.0,0.775,60.89,35.19,51.82,8.0,3.0,0.75,0.681,-3.74,-13.65,12.11,-6.0,-0.174,1.0,-6.2,-28.68,28.1,6.258,4.533,-0.485,-3.869,-0.1
Zone_38,15,Commercial_Downtown,RECOVERY_AFTER_DISRUPTION,9035,94,94.0,64.62,0.687,38.54,53.6,7,Normal,Good,0,0,0,56.54,33.95,55.2,4.0,1.0,1.0,0.601,59.9,36.04,51.59,7.75,3.0,0.75,0.67,8.08,4.59,-1.6,3.0,0.086,0.0,14.29,13.52,-2.9,7.152,1.828,-1.972,-0.697,0.1
Zone_38,16,Commercial_Downtown,RECOVERY_AFTER_DISRUPTION,9035,94,94.0,54.86,0.584,33.0,56.66,4,Normal,Good,0,0,0,64.62,38.54,53.6,7.0,0.0,0.0,0.687,60.19,37.11,51.54,8.25,2.0,0.5,0.674,-9.76,-5.54,3.06,-3.0,-0.103,-1.0,-15.1,-14.37,5.71,6.072,1.689,1.213,1.013,0.0
Zone_38,17,Commercial_Downtown,RECOVERY_AFTER_DISRUPTION,9035,94,94.0,57.71,0.614,31.76,55.78,6,Normal,Good,0,0,0,54.86,33.0,56.66,4.0,0.0,0.0,0.584,59.08,38.27,52.14,6.25,2.0,0.5,0.662,2.85,-1.24,-0.88,2.0,0.03,0.0,5.2,-3.76,-1.55,6.387,-3.921,-0.818,3.911,-0.4
Zone_38,18,Commercial_Downtown,RECOVERY_AFTER_DISRUPTION,9035,94,79.9,60.99,0.763,40.72,51.3,11,Normal,Good,1,0,0,57.71,31.76,55.78,6.0,0.0,0.0,0.614,58.43,34.31,55.31,5.25,1.0,0.25,0.621,3.28,8.96,-4.48,5.0,0.149,0.0,5.68,28.21,-8.03,6.75,-1.211,-0.625,0.48,-0.3
Zone_38,19,Commercial_Downtown,RECOVERY_AFTER_DISRUPTION,9035,94,79.9,72.16,0.903,57.31,45.36,6,Normal,Good,1,0,0,60.99,40.72,51.3,11.0,0.0,0.0,0.763,59.54,36.0,54.34,7.0,0.0,0.0,0.662,11.17,16.59,-5.94,-5.0,0.14,0.0,18.31,40.74,-11.58,7.987,0.53,-0.804,-0.778,0.0
Zone_38,20,Commercial_Downtown,RECOVERY_AFTER_DISRUPTION,9035,94,94.0,62.3,0.663,34.46,53.73,3,Normal,Good,0,0,0,72.16,57.31,45.36,6.0,0.0,0.0,0.903,61.43,40.7,52.28,6.75,0.0,0.0,0.716,-9.86,-22.85,8.37,-3.0,-0.24,0.0,-13.66,-39.87,18.45,6.895,8.189,5.518,-3.838,0.0
Zone_38,21,Commercial_Downtown,RECOVERY_AFTER_DISRUPTION,9035,94,77.08,68.64,0.891,48.87,50.01,7,Normal,Good,0,0,0,62.3,34.46,53.73,3.0,0.0,0.0,0.663,63.29,41.06,51.54,6.5,0.0,0.0,0.736,6.34,14.41,-3.72,4.0,0.228,0.0,10.18,41.82,-6.92,7.597,2.469,2.494,-1.209,0.0
Zone_38,22,Commercial_Downtown,RECOVERY_AFTER_DISRUPTION,9035,94,63.82,71.69,1.123,81.62,27.01,9,Light Rain,Moderate,0,1,1,68.64,48.87,50.01,7.0,0.0,0.0,0.891,66.02,45.34,50.1,6.75,0.0,0.0,0.805,3.05,32.75,-23.0,2.0,0.232,0.0,4.44,67.01,-45.99,7.935,0.16,1.309,0.45,0.0
Zone_38,23,Commercial_Downtown,RECOVERY_AFTER_DISRUPTION,9035,94,77.08,71.5,0.928,56.03,43.25,6,Normal,Good,0,0,0,71.69,81.62,27.01,9.0,1.0,1.0,1.123,68.7,55.56,44.03,6.25,1.0,0.25,0.895,-0.19,-25.59,16.24,-3.0,-0.195,1.0,-0.27,-31.35,60.13,7.914,8.734,0.493,-5.877,0.3
Zone_38,24,Commercial_Downtown,RECOVERY_AFTER_DISRUPTION,9035,94,77.08,71.34,0.926,54.88,46.06,11,Normal,Good,0,0,0,71.5,56.03,43.25,6.0,0.0,0.0,0.928,68.53,55.24,43.5,6.25,1.0,0.25,0.901,-0.16,-1.15,2.81,5.0,-0.002,-1.0,-0.22,-2.05,6.5,7.896,9.746,3.065,-5.444,0.1
Zone_38,25,Commercial_Downtown,RECOVERY_AFTER_DISRUPTION,9035,94,77.08,71.01,0.921,52.74,50.83,6,Normal,Good,0,0,0,71.34,54.88,46.06,11.0,0.0,0.0,0.926,70.79,60.35,41.58,8.25,1.0,0.25,0.967,-0.33,-2.14,4.77,-5.0,-0.005,0.0,-0.46,-3.9,10.36,7.859,-0.756,0.791,0.439,-0.1
Zone_38,26,Commercial_Downtown,RECOVERY_AFTER_DISRUPTION,9035,94,77.08,68.13,0.884,49.74,49.94,7,Normal,Good,0,0,0,71.01,52.74,50.83,6.0,0.0,0.0,0.921,71.39,61.32,41.79,8.0,1.0,0.25,0.974,-2.88,-3.0,-0.89,1.0,-0.037,0.0,-4.06,-5.69,-1.75,7.541,-8.779,-0.22,7.427,-0.3
Zone_38,27,Commercial_Downtown,RECOVERY_AFTER_DISRUPTION,9035,94,63.82,68.18,1.068,79.15,26.91,14,Light Rain,Moderate,0,1,1,68.13,49.74,49.94,7.0,0.0,0.0,0.884,70.5,53.35,47.52,7.5,0.0,0.0,0.915,0.05,29.41,-23.03,7.0,0.184,0.0,0.07,59.13,-46.12,7.546,-2.101,-1.044,2.484,0.0
Zone_38,28,Commercial_Downtown,RECOVERY_AFTER_DISRUPTION,9035,94,77.08,67.9,0.881,50.62,50.34,14,Normal,Good,0,0,0,68.18,79.15,26.91,14.0,1.0,1.0,1.068,69.67,59.13,43.43,9.5,1.0,0.25,0.95,-0.28,-28.53,23.43,0.0,-0.187,1.0,-0.41,-36.05,87.07,7.515,6.981,-1.236,-5.834,0.3
Zone_38,29,Commercial_Downtown,RECOVERY_AFTER_DISRUPTION,9035,94,94.0,64.87,0.69,38.43,52.88,5,Normal,Good,0,0,0,67.9,50.62,50.34,14.0,0.0,0.0,0.881,68.81,58.06,44.5,10.25,1.0,0.25,0.939,-3.03,-12.19,2.54,-9.0,-0.191,-1.0,-4.46,-24.08,5.05,7.18,2.305,-0.928,-2.45,0.1
Zone_38,30,Commercial_Downtown,RECOVERY_AFTER_DISRUPTION,9035,94,94.0,68.72,0.731,42.42,55.26,3,Normal,Good,0,0,0,64.87,38.43,52.88,5.0,0.0,0.0,0.69,67.27,54.48,45.02,10.0,1.0,0.25,0.881,3.85,3.99,2.38,-2.0,0.041,0.0,5.93,10.38,4.5,7.606,-6.246,-1.006,3.225,-0.1
Zone_38,31,Commercial_Downtown,RECOVERY_AFTER_DISRUPTION,9035,94,54.99,63.14,1.148,92.67,12.76,7,Heavy Rain,Poor,0,2,1,68.72,42.42,55.26,3.0,0.0,0.0,0.731,67.42,52.66,46.35,9.0,1.0,0.25,0.842,-5.58,50.25,-42.5,4.0,0.417,0.0,-8.12,118.46,-76.91,6.988,-12.238,-0.141,8.759,-0.3
Zone_38,32,Commercial_Downtown,RECOVERY_AFTER_DISRUPTION,9035,94,54.99,57.55,1.047,80.21,18.31,8,Heavy Rain,Poor,0,2,1,63.14,92.67,12.76,7.0,2.0,1.0,1.148,66.16,56.04,42.81,7.25,2.0,0.25,0.862,-5.59,-12.46,5.55,1.0,-0.101,2.0,-8.85,-13.45,43.49,6.37,13.014,-1.043,-11.036,0.3
Zone_38,33,Commercial_Downtown,RECOVERY_AFTER_DISRUPTION,9035,94,77.83,51.88,0.667,36.7,45.92,6,Light Rain,Moderate,0,0,0,57.55,80.21,18.31,8.0,2.0,1.0,1.047,63.57,63.43,34.8,5.75,4.0,0.5,0.904,-5.67,-43.51,27.61,-2.0,-0.38,0.0,-9.85,-54.25,150.79,5.742,17.559,-2.754,-14.621,0.4
Zone_38,34,Commercial_Downtown,RECOVERY_AFTER_DISRUPTION,9035,94,54.99,52.63,0.957,75.22,19.68,7,Heavy Rain,Poor,0,3,1,51.88,36.7,45.92,6.0,0.0,0.0,0.667,60.32,63.0,33.06,6.0,4.0,0.5,0.898,0.75,38.52,-26.24,1.0,0.29,-2.0,1.45,104.96,-57.14,5.825,-2.962,-5.611,-2.247,0.0
Zone_38,35,Commercial_Downtown,RECOVERY_AFTER_DISRUPTION,9035,94,94.0,48.33,0.514,22.12,60.3,10,Normal,Good,0,1,1,52.63,75.22,19.68,7.0,3.0,1.0,0.957,56.3,71.2,24.17,7.0,7.0,0.75,0.955,-4.3,-53.1,40.62,3.0,-0.443,3.0,-8.17,-70.59,206.4,5.349,-9.586,-3.72,4.837,-0.1
Zone_38,36,Commercial_Downtown,RECOVERY_AFTER_DISRUPTION,9035,94,94.0,44.94,0.478,18.84,59.55,5,Normal,Good,0,0,0,48.33,22.12,60.3,10.0,1.0,1.0,0.514,52.6,53.56,36.05,7.75,6.0,0.75,0.796,-3.39,-3.28,-0.75,-5.0,-0.036,-2.0,-7.01,-14.83,-1.24,4.974,-13.575,-2.691,9.973,0.1
Zone_38,37,Commercial_Downtown,RECOVERY_AFTER_DISRUPTION,9035,94,94.0,46.62,0.496,22.73,55.9,2,Normal,Good,0,0,0,44.94,18.84,59.55,5.0,0.0,0.0,0.478,49.44,38.22,46.36,7.0,4.0,0.5,0.654,1.68,3.89,-3.65,-3.0,0.018,-1.0,3.74,20.65,-6.13,5.16,-10.668,-2.512,8.151,0.0
Zone_38,38,Commercial_Downtown,RECOVERY_AFTER_DISRUPTION,9035,94,75.2,56.61,0.753,43.78,51.43,11,Normal,Good,1,0,0,46.62,22.73,55.9,2.0,0.0,0.0,0.496,48.13,34.73,48.86,6.0,4.0,0.5,0.611,9.99,21.05,-4.47,9.0,0.257,0.0,21.43,92.61,-8.0,6.266,-16.075,-2.142,10.791,-0.4
Zone_38,39,Commercial_Downtown,RECOVERY_AFTER_DISRUPTION,9035,94,75.2,58.74,0.781,40.43,56.28,8,Normal,Good,1,0,0,56.61,43.78,51.43,11.0,0.0,0.0,0.753,49.12,26.87,56.8,7.0,1.0,0.25,0.56,2.13,-3.35,4.85,-3.0,0.028,0.0,3.76,-7.65,9.43,6.501,6.887,2.652,-3.026,-0.3
Zone_38,40,Commercial_Downtown,RECOVERY_AFTER_DISRUPTION,9035,94,75.2,58.95,0.784,37.26,53.89,3,Normal,Good,1,0,0,58.74,40.43,56.28,8.0,0.0,0.0,0.781,51.73,31.44,55.79,6.5,0.0,0.0,0.627,0.21,-3.17,-2.39,-5.0,0.003,0.0,0.36,-7.84,-4.25,6.525,8.582,5.139,-1.428,0.0
Zone_38,41,Commercial_Downtown,RECOVERY_AFTER_DISRUPTION,9035,94,94.0,56.12,0.597,28.97,57.62,2,Normal,Good,0,0,0,58.95,37.26,53.89,3.0,0.0,0.0,0.784,55.23,36.05,54.38,6.0,0.0,0.0,0.704,-2.83,-8.29,3.73,-1.0,-0.187,0.0,-4.8,-22.25,6.92,6.211,4.024,3.912,-0.118,0.0
Zone_38,42,Commercial_Downtown,RECOVERY_AFTER_DISRUPTION,9035,94,77.83,54.28,0.697,41.9,46.77,8,Light Rain,Moderate,0,1,1,56.12,28.97,57.62,2.0,0.0,0.0,0.597,57.6,37.61,54.8,6.0,0.0,0.0,0.729,-1.84,12.93,-10.85,6.0,0.1,0.0,-3.28,44.63,-18.83,6.008,-4.76,-0.126,1.618,0.0
Zone_38,43,Commercial_Downtown,RECOVERY_AFTER_DISRUPTION,9035,94,94.0,54.37,0.578,30.99,56.41,8,Normal,Good,0,0,0,54.28,41.9,46.77,8.0,1.0,1.0,0.697,57.02,37.14,53.64,5.25,1.0,0.25,0.715,0.09,-10.91,9.64,0.0,-0.119,1.0,0.17,-26.04,20.61,6.018,-0.388,-1.621,-2.48,0.3
Zone_38,44,Commercial_Downtown,RECOVERY_AFTER_DISRUPTION,9035,94,77.83,50.97,0.655,40.32,44.41,3,Light Rain,Moderate,0,0,0,54.37,30.99,56.41,8.0,0.0,0.0,0.578,55.93,34.78,53.67,5.25,1.0,0.25,0.664,-3.4,9.33,-12.0,-5.0,0.077,-1.0,-6.25,30.11,-21.27,5.641,-0.588,-1.558,-0.329,0.1
Zone_38,45,Commercial_Downtown,RECOVERY_AFTER_DISRUPTION,9035,94,94.0,44.94,0.478,22.61,63.03,6,Normal,Good,0,0,0,50.97,40.32,44.41,3.0,0.0,0.0,0.655,53.93,35.54,51.3,5.25,1.0,0.25,0.632,-6.03,-17.71,18.62,3.0,-0.177,0.0,-11.83,-43.92,41.93,4.974,2.314,-1.536,-2.999,-0.1
Zone_38,46,Commercial_Downtown,RECOVERY_AFTER_DISRUPTION,9035,94,94.0,36.98,0.393,14.9,63.37,4,Normal,Good,0,0,0,44.94,22.61,63.03,6.0,0.0,0.0,0.478,51.14,33.96,52.66,6.25,1.0,0.25,0.602,-7.96,-7.71,0.34,-2.0,-0.085,0.0,-17.71,-34.1,0.54,4.093,-4.854,-3.142,3.678,-0.3
Zone_38,47,Commercial_Downtown,RECOVERY_AFTER_DISRUPTION,9035,94,94.0,36.5,0.388,11.7,64.08,2,Normal,Good,0,0,0,36.98,14.9,63.37,4.0,0.0,0.0,0.393,46.82,27.2,56.8,5.25,0.0,0.0,0.526,-0.48,-3.2,0.71,-2.0,-0.005,0.0,-1.3,-21.48,1.12,4.04,-6.598,-5.82,3.95,0.0
Zone_38,48,Commercial_Downtown,RECOVERY_AFTER_DISRUPTION,9035,94,94.0,44.69,0.475,21.59,60.56,8,Normal,Good,0,0,0,36.5,11.7,64.08,2.0,0.0,0.0,0.388,42.35,22.38,58.72,3.75,0.0,0.0,0.479,8.19,9.89,-3.52,6.0,0.087,0.0,22.44,84.53,-5.49,4.946,-9.357,-5.137,5.935,0.0
Zone_38,49,Commercial_Downtown,RECOVERY_AFTER_DISRUPTION,9035,94,94.0,53.64,0.571,28.87,57.58,4,Normal,Good,0,0,0,44.69,21.59,60.56,8.0,0.0,0.0,0.475,40.78,17.7,62.76,5.0,0.0,0.0,0.434,8.95,7.28,-2.98,-4.0,0.096,0.0,20.03,33.72,-4.92,5.937,-0.626,-0.123,-0.67,0.0
Zone_38,50,Commercial_Downtown,RECOVERY_AFTER_DISRUPTION,9035,94,94.0,49.13,0.523,25.99,54.04,6,Normal,Good,0,0,0,53.64,28.87,57.58,4.0,0.0,0.0,0.571,42.95,19.26,61.4,4.5,0.0,0.0,0.457,-4.51,-2.88,-3.54,2.0,-0.048,0.0,-8.41,-9.98,-6.15,5.438,5.18,5.817,-2.089,0.0
Zone_38,51,Commercial_Downtown,RECOVERY_AFTER_DISRUPTION,9035,94,94.0,51.11,0.544,25.52,59.99,7,Normal,Good,0,1,1,49.13,25.99,54.04,6.0,0.0,0.0,0.523,45.99,22.04,59.07,5.0,0.0,0.0,0.489,1.98,-0.47,5.95,1.0,0.021,0.0,4.03,-1.81,11.01,5.657,5.015,4.684,-3.31,0.0
Zone_38,52,Commercial_Downtown,RECOVERY_AFTER_DISRUPTION,9035,94,94.0,46.63,0.496,27.03,58.27,8,Normal,Good,0,0,0,51.11,25.52,59.99,7.0,1.0,1.0,0.544,49.64,25.49,58.04,6.25,1.0,0.25,0.528,-4.48,1.51,-1.72,1.0,-0.048,1.0,-8.77,5.92,-2.87,5.161,0.891,1.475,-0.525,0.3
Zone_39,1,Industrial_Corridor,GRADUAL_DETERIORATION,2566,44,44.0,12.98,0.295,13.06,62.88,1,Normal,Good,0,0,0,,,,,,,,,,,,,,,,,,,,,,,,5.058,,,,
Zone_39,2,Industrial_Corridor,GRADUAL_DETERIORATION,2566,44,44.0,13.99,0.318,11.63,63.55,0,Normal,Good,0,0,0,12.98,13.06,62.88,1.0,0.0,0.0,0.295,,,,,,,,1.01,-1.43,0.67,-1.0,0.023,,7.78,-10.95,1.07,5.452,,,,
Zone_39,3,Industrial_Corridor,GRADUAL_DETERIORATION,2566,44,44.0,15.01,0.341,9.52,65.57,2,Normal,Good,0,0,0,13.99,11.63,63.55,0.0,0.0,0.0,0.318,,,,,,,,1.02,-2.11,2.02,2.0,0.023,0.0,7.29,-18.14,3.18,5.85,,,,
Zone_39,4,Industrial_Corridor,GRADUAL_DETERIORATION,2566,44,44.0,4.28,0.097,2.9,67.41,3,Normal,Good,0,1,1,15.01,9.52,65.57,2.0,0.0,0.0,0.341,,,,,,,,-10.73,-6.62,1.84,1.0,-0.244,0.0,-71.49,-69.54,2.81,1.668,,,,
Zone_39,5,Industrial_Corridor,GRADUAL_DETERIORATION,2566,44,44.0,4.57,0.104,10.74,63.73,3,Normal,Good,0,0,0,4.28,2.9,67.41,3.0,1.0,1.0,0.097,11.56,9.28,64.85,1.5,1.0,0.25,0.263,0.29,7.84,-3.68,0.0,0.007,1.0,6.78,270.34,-5.46,1.781,-3.259,-2.508,1.561,0.3
Zone_39,6,Industrial_Corridor,GRADUAL_DETERIORATION,2566,44,44.0,4.29,0.098,6.14,61.41,2,Normal,Good,0,0,0,4.57,10.74,63.73,3.0,0.0,0.0,0.104,9.46,8.7,65.06,2.0,1.0,0.25,0.215,-0.28,-4.6,-2.32,-1.0,-0.006,-1.0,-6.13,-42.83,-3.64,1.672,-0.929,-3.899,0.238,0.1
Zone_39,7,Industrial_Corridor,GRADUAL_DETERIORATION,2566,44,44.0,11.14,0.253,9.8,66.56,1,Normal,Good,0,0,0,4.29,6.14,61.41,2.0,0.0,0.0,0.098,7.04,7.32,64.53,2.5,1.0,0.25,0.16,6.85,3.66,5.15,-1.0,0.155,0.0,159.67,59.61,8.39,4.341,-0.23,-3.187,-1.616,-0.1
Zone_39,8,Industrial_Corridor,GRADUAL_DETERIORATION,2566,44,44.0,13.19,0.3,15.43,62.19,1,Normal,Good,0,0,0,11.14,9.8,66.56,1.0,0.0,0.0,0.253,6.07,7.4,64.78,2.25,1.0,0.25,0.138,2.05,5.63,-4.37,0.0,0.047,0.0,18.4,57.45,-6.57,5.14,1.61,2.03,-0.487,-0.3
Zone_39,9,Industrial_Corridor,GRADUAL_DETERIORATION,2566,44,44.0,19.59,0.445,22.11,61.54,4,Normal,Good,0,0,0,13.19,15.43,62.19,1.0,0.0,0.0,0.3,8.3,10.53,63.47,1.75,0.0,0.0,0.189,6.4,6.68,-0.65,3.0,0.145,0.0,48.52,43.29,-1.05,7.634,1.773,3.271,0.053,0.0
Zone_39,10,Industrial_Corridor,GRADUAL_DETERIORATION,2566,44,44.0,13.04,0.296,10.2,62.78,0,Normal,Good,0,0,0,19.59,22.11,61.54,4.0,0.0,0.0,0.445,12.05,13.37,62.92,2.0,0.0,0.0,0.274,-6.55,-11.91,1.24,-4.0,-0.149,0.0,-33.44,-53.87,2.01,5.082,5.354,4.795,-0.398,0.0
Zone_39,11,Industrial_Corridor,GRADUAL_DETERIORATION,2566,44,44.0,12.59,0.286,15.89,62.09,4,Normal,Good,0,0,0,13.04,10.2,62.78,0.0,0.0,0.0,0.296,14.24,14.38,63.27,1.5,0.0,0.0,0.324,-0.45,5.69,-0.69,4.0,-0.01,0.0,-3.45,55.78,-1.1,4.906,0.788,1.21,-1.199,0.0
Zone_39,12,Industrial_Corridor,GRADUAL_DETERIORATION,2566,44,44.0,11.72,0.266,12.67,61.7,0,Normal,Good,0,0,0,12.59,15.89,62.09,4.0,0.0,0.0,0.286,14.6,15.91,62.15,2.25,0.0,0.0,0.332,-0.87,-3.22,-0.39,-4.0,-0.02,0.0,-6.91,-20.26,-0.63,4.567,-1.053,-0.835,0.094,0.0
Zone_39,13,Industrial_Corridor,GRADUAL_DETERIORATION,2566,44,44.0,9.72,0.221,11.4,64.8,1,Normal,Good,0,0,0,11.72,12.67,61.7,0.0,0.0,0.0,0.266,14.24,15.22,62.03,2.0,0.0,0.0,0.323,-2.0,-1.27,3.1,1.0,-0.045,0.0,-17.06,-10.02,5.02,3.788,-2.263,-2.406,-0.021,0.0
Zone_39,14,Industrial_Corridor,GRADUAL_DETERIORATION,2566,44,44.0,8.9,0.202,9.93,66.64,1,Normal,Good,0,0,0,9.72,11.4,64.8,1.0,0.0,0.0,0.221,11.77,12.54,62.84,1.25,0.0,0.0,0.267,-0.82,-1.47,1.84,0.0,-0.019,0.0,-8.44,-12.89,2.84,3.468,0.038,-1.083,0.567,0.0
Zone_39,15,Industrial_Corridor,GRADUAL_DETERIORATION,2566,44,44.0,11.67,0.265,15.96,61.95,1,Normal,Good,0,0,0,8.9,9.93,66.64,1.0,0.0,0.0,0.202,10.73,12.47,63.81,1.5,0.0,0.0,0.244,2.77,6.03,-4.69,0.0,0.063,0.0,31.12,60.72,-7.04,4.548,-1.915,-1.307,1.675,0.0
Zone_39,16,Industrial_Corridor,GRADUAL_DETERIORATION,2566,44,44.0,7.31,0.166,9.8,63.41,4,Normal,Good,0,0,0,11.67,15.96,61.95,1.0,0.0,0.0,0.265,10.5,12.49,63.77,0.75,0.0,0.0,0.239,-4.36,-6.16,1.46,3.0,-0.099,0.0,-37.36,-38.6,2.36,2.849,0.84,-0.097,0.259,0.0
Zone_39,17,Industrial_Corridor,GRADUAL_DETERIORATION,2566,44,44.0,3.53,0.08,3.65,65.79,2,Normal,Good,0,0,0,7.31,9.8,63.41,4.0,0.0,0.0,0.166,9.4,11.77,64.2,1.75,0.0,0.0,0.214,-3.78,-6.15,2.38,-2.0,-0.086,0.0,-51.71,-62.75,3.75,1.376,0.123,-0.446,-0.886,0.0
Zone_39,18,Industrial_Corridor,GRADUAL_DETERIORATION,2566,44,36.43,9.49,0.26,11.26,55.51,1,Light Rain,Moderate,0,0,0,3.53,3.65,65.79,2.0,0.0,0.0,0.08,7.85,9.84,64.45,2.0,0.0,0.0,0.178,5.96,7.61,-10.28,-1.0,0.18,0.0,168.83,208.49,-15.63,3.698,-2.5,-2.047,-0.109,0.0
Zone_39,19,Industrial_Corridor,GRADUAL_DETERIORATION,2566,44,44.0,12.83,0.292,15.7,64.92,4,Normal,Good,0,0,0,9.49,11.26,55.51,1.0,0.0,0.0,0.26,8.0,10.17,61.67,2.0,0.0,0.0,0.193,3.34,4.44,9.41,3.0,0.032,0.0,35.19,39.43,16.95,5.0,-2.025,-1.032,-1.694,0.0
Zone_39,20,Industrial_Corridor,GRADUAL_DETERIORATION,2566,44,36.43,18.33,0.503,25.41,53.6,4,Light Rain,Moderate,0,1,1,12.83,15.7,64.92,4.0,0.0,0.0,0.292,8.29,10.1,62.41,2.75,0.0,0.0,0.2,5.5,9.71,-11.32,0.0,0.211,0.0,42.87,61.85,-17.44,7.143,2.531,2.252,-0.575,0.0
Zone_39,21,Industrial_Corridor,GRADUAL_DETERIORATION,2566,44,44.0,17.65,0.401,15.79,60.76,4,Normal,Good,0,0,0,18.33,25.41,53.6,4.0,1.0,1.0,0.503,11.04,14.0,59.96,2.75,1.0,0.25,0.284,-0.68,-9.62,7.16,0.0,-0.102,1.0,-3.71,-37.86,13.36,6.878,6.972,4.774,-2.716,0.3
Zone_39,22,Industrial_Corridor,GRADUAL_DETERIORATION,2566,44,44.0,28.77,0.654,40.14,54.96,5,Normal,Good,0,0,0,17.65,15.79,60.76,4.0,0.0,0.0,0.401,14.58,17.04,58.7,3.25,1.0,0.25,0.364,11.12,24.35,-5.8,1.0,0.253,-1.0,63.0,154.21,-9.55,11.212,2.33,2.998,0.443,0.1
Zone_39,23,Industrial_Corridor,GRADUAL_DETERIORATION,2566,44,44.0,26.29,0.598,32.3,58.05,2,Normal,Good,0,0,0,28.77,40.14,54.96,5.0,0.0,0.0,0.654,19.4,24.26,58.56,4.25,1.0,0.25,0.462,-2.48,-7.84,3.09,-3.0,-0.056,0.0,-8.62,-19.53,5.62,10.246,6.37,4.714,-2.272,-0.1
Zone_39,24,Industrial_Corridor,GRADUAL_DETERIORATION,2566,44,44.0,20.38,0.463,20.93,55.1,4,Normal,Good,0,0,0,26.29,32.3,58.05,2.0,0.0,0.0,0.598,22.76,28.41,56.84,3.75,1.0,0.25,0.539,-5.91,-11.37,-2.95,2.0,-0.135,0.0,-22.48,-35.2,-5.08,7.942,4.502,3.5,0.755,-0.3
Zone_39,25,Industrial_Corridor,GRADUAL_DETERIORATION,2566,44,44.0,23.62,0.537,25.35,57.18,7,Normal,Good,0,1,1,20.38,20.93,55.1,4.0,0.0,0.0,0.463,23.27,27.29,57.22,3.75,0.0,0.0,0.529,3.24,4.42,2.08,3.0,0.074,0.0,15.9,21.12,3.77,9.205,0.758,0.571,-1.389,0.0
Zone_39,26,Industrial_Corridor,GRADUAL_DETERIORATION,2566,44,44.0,17.75,0.403,18.62,60.91,1,Normal,Good,0,0,0,23.62,25.35,57.18,7.0,1.0,1.0,0.537,24.76,29.68,56.32,4.5,1.0,0.25,0.563,-5.87,-6.73,3.73,-6.0,-0.134,1.0,-24.85,-26.55,6.52,6.917,-5.574,-2.136,0.371,0.3
Zone_39,27,Industrial_Corridor,GRADUAL_DETERIORATION,2566,44,44.0,16.02,0.364,18.67,60.18,3,Normal,Good,0,1,1,17.75,18.62,60.91,1.0,0.0,0.0,0.403,22.01,24.3,57.81,3.5,1.0,0.25,0.5,-1.73,0.05,-0.73,2.0,-0.039,-1.0,-9.75,0.27,-1.2,6.243,-3.662,-2.238,1.066,0.1
Zone_39,28,Industrial_Corridor,GRADUAL_DETERIORATION,2566,44,44.0,16.97,0.386,16.42,62.55,3,Normal,Good,0,0,0,16.02,18.67,60.18,3.0,1.0,1.0,0.364,19.44,20.89,58.34,3.75,2.0,0.5,0.442,0.95,-2.25,2.37,0.0,0.022,1.0,5.93,-12.05,3.94,6.613,-1.351,-1.895,1.897,0.2
Zone_39,29,Industrial_Corridor,GRADUAL_DETERIORATION,2566,44,44.0,13.26,0.301,11.77,62.53,0,Normal,Good,0,0,0,16.97,16.42,62.55,3.0,0.0,0.0,0.386,18.59,19.76,60.2,3.5,2.0,0.5,0.422,-3.71,-4.65,-0.02,-3.0,-0.085,-1.0,-21.86,-28.32,-0.03,5.168,-2.674,-2.168,1.538,-0.2
Zone_39,30,Industrial_Corridor,GRADUAL_DETERIORATION,2566,44,44.0,17.2,0.391,21.19,62.0,4,Normal,Good,0,0,0,13.26,11.77,62.53,0.0,0.0,0.0,0.301,16.0,16.37,61.54,1.75,1.0,0.25,0.364,3.94,9.42,-0.53,4.0,0.09,0.0,29.71,80.03,-0.85,6.703,-2.28,-1.252,0.723,-0.1
Zone_39,31,Industrial_Corridor,GRADUAL_DETERIORATION,2566,44,36.43,18.01,0.494,27.08,52.05,3,Light Rain,Moderate,0,0,0,17.2,21.19,62.0,4.0,0.0,0.0,0.391,15.86,17.01,61.82,2.5,1.0,0.25,0.36,0.81,5.89,-9.95,-1.0,0.103,0.0,4.71,27.8,-16.05,7.019,0.291,-0.017,0.544,-0.3
Zone_39,32,Industrial_Corridor,GRADUAL_DETERIORATION,2566,44,25.74,17.7,0.688,48.92,27.59,6,Heavy Rain,Poor,0,5,1,18.01,27.08,52.05,3.0,0.0,0.0,0.494,16.36,19.11,59.78,2.5,0.0,0.0,0.393,-0.31,21.84,-24.46,3.0,0.194,0.0,-1.72,80.65,-46.99,6.898,4.14,0.706,-3.203,0.0
Zone_39,33,Industrial_Corridor,GRADUAL_DETERIORATION,2566,44,25.74,18.85,0.732,50.86,29.92,1,Heavy Rain,Poor,0,3,1,17.7,48.92,27.59,6.0,5.0,1.0,0.688,16.54,27.24,51.04,3.25,5.0,0.25,0.468,1.15,1.94,2.33,-5.0,0.044,5.0,6.5,3.97,8.45,7.346,11.734,1.413,-11.477,0.3
Zone_39,34,Industrial_Corridor,GRADUAL_DETERIORATION,2566,44,36.43,22.82,0.626,37.49,46.62,6,Light Rain,Moderate,0,0,0,18.85,50.86,29.92,1.0,3.0,1.0,0.732,17.94,37.01,42.89,3.5,8.0,0.5,0.576,3.97,-13.37,16.7,5.0,-0.106,-2.0,21.06,-26.29,55.82,8.893,11.085,0.464,-12.07,0.4
Zone_39,35,Industrial_Corridor,GRADUAL_DETERIORATION,2566,44,44.0,27.2,0.618,33.45,58.49,4,Normal,Good,0,0,0,22.82,37.49,46.62,6.0,0.0,0.0,0.626,19.34,41.09,39.04,4.0,8.0,0.5,0.635,4.38,-4.04,11.87,-2.0,-0.008,-3.0,19.19,-10.78,25.46,10.6,3.317,1.558,-1.396,0.0
Zone_39,36,Industrial_Corridor,GRADUAL_DETERIORATION,2566,44,36.43,23.63,0.649,36.89,48.27,5,Light Rain,Moderate,0,0,0,27.2,33.45,58.49,4.0,0.0,0.0,0.618,21.64,42.68,40.66,4.25,8.0,0.5,0.666,-3.57,3.44,-10.22,1.0,0.031,0.0,-13.12,10.28,-17.47,9.209,-5.978,3.247,10.94,-0.4
Zone_39,37,Industrial_Corridor,GRADUAL_DETERIORATION,2566,44,44.0,23.44,0.533,25.17,62.19,2,Normal,Good,0,0,0,23.63,36.89,48.27,5.0,0.0,0.0,0.649,23.12,39.67,45.82,4.0,3.0,0.25,0.656,-0.19,-11.72,13.92,-3.0,-0.116,0.0,-0.8,-31.77,28.84,9.135,-4.595,1.872,6.692,-0.3
Zone_39,38,Industrial_Corridor,GRADUAL_DETERIORATION,2566,44,44.0,22.65,0.515,26.6,57.14,5,Normal,Good,0,0,0,23.44,25.17,62.19,2.0,0.0,0.0,0.533,24.27,33.25,53.89,4.25,0.0,0.0,0.606,-0.79,1.43,-5.05,3.0,-0.018,0.0,-3.37,5.68,-8.12,8.827,-3.352,-0.171,3.649,0.0
Zone_39,39,Industrial_Corridor,GRADUAL_DETERIORATION,2566,44,36.43,25.57,0.702,42.47,41.59,4,Light Rain,Moderate,0,1,1,22.65,26.6,57.14,5.0,0.0,0.0,0.515,24.23,30.53,56.52,4.0,0.0,0.0,0.579,2.92,15.87,-15.55,-1.0,0.187,0.0,12.89,59.66,-27.21,9.965,-3.227,-1.384,0.987,0.0
Zone_39,40,Industrial_Corridor,GRADUAL_DETERIORATION,2566,44,44.0,28.31,0.643,32.29,55.54,3,Normal,Good,0,0,0,25.57,42.47,41.59,4.0,1.0,1.0,0.702,23.82,32.78,52.3,4.0,1.0,0.25,0.6,2.74,-10.18,13.95,-1.0,-0.059,1.0,10.72,-23.97,33.54,11.033,1.817,0.503,-2.509,0.3
Zone_39,41,Industrial_Corridor,GRADUAL_DETERIORATION,2566,44,44.0,32.6,0.741,41.77,53.22,7,Normal,Good,0,0,0,28.31,32.29,55.54,3.0,0.0,0.0,0.643,24.99,31.63,54.12,3.5,1.0,0.25,0.598,4.29,9.48,-2.32,4.0,0.098,-1.0,15.15,29.36,-4.18,12.705,3.723,1.753,-3.55,0.1
Zone_39,42,Industrial_Corridor,GRADUAL_DETERIORATION,2566,44,44.0,31.08,0.706,35.53,53.84,3,Normal,Good,0,0,0,32.6,41.77,53.22,7.0,0.0,0.0,0.741,27.28,35.78,51.87,4.75,1.0,0.25,0.65,-1.52,-6.24,0.62,-4.0,-0.035,0.0,-4.66,-14.94,1.16,12.112,3.533,3.259,0.219,-0.1
Zone_39,43,Industrial_Corridor,GRADUAL_DETERIORATION,2566,44,36.43,21.93,0.602,34.3,47.05,0,Light Rain,Moderate,0,0,0,31.08,35.53,53.84,3.0,0.0,0.0,0.706,29.39,38.02,51.05,4.25,1.0,0.25,0.698,-9.15,-1.23,-6.79,-3.0,-0.104,0.0,-29.44,-3.46,-12.61,8.546,-1.134,2.082,3.443,-0.3
Zone_39,44,Industrial_Corridor,GRADUAL_DETERIORATION,2566,44,44.0,32.78,0.745,40.01,54.01,5,Normal,Good,0,0,0,21.93,34.3,47.05,0.0,0.0,0.0,0.602,28.48,35.97,52.41,3.25,0.0,0.0,0.673,10.85,5.71,6.96,5.0,0.143,0.0,49.48,16.65,14.79,12.775,-0.021,-2.066,-2.485,0.0
Zone_39,45,Industrial_Corridor,GRADUAL_DETERIORATION,2566,44,44.0,33.66,0.765,45.51,50.72,3,Normal,Good,0,0,0,32.78,40.01,54.01,5.0,0.0,0.0,0.745,29.6,37.9,52.03,3.75,0.0,0.0,0.698,0.88,5.5,-3.29,-2.0,0.02,0.0,2.68,13.75,-6.09,13.118,-0.651,-0.861,-0.442,0.0
Zone_39,46,Industrial_Corridor,GRADUAL_DETERIORATION,2566,44,44.0,31.45,0.715,42.9,51.06,1,Normal,Good,0,0,0,33.66,45.51,50.72,3.0,0.0,0.0,0.765,29.86,38.84,51.4,2.75,0.0,0.0,0.704,-2.21,-2.61,0.34,-2.0,-0.05,0.0,-6.57,-5.73,0.67,12.256,3.565,1.859,-0.24,0.0
Zone_39,47,Industrial_Corridor,GRADUAL_DETERIORATION,2566,44,44.0,30.01,0.682,35.85,56.16,4,Normal,Good,0,0,0,31.45,42.9,51.06,1.0,0.0,0.0,0.715,29.96,40.68,50.71,2.25,0.0,0.0,0.707,-1.44,-7.05,5.1,3.0,-0.033,0.0,-4.58,-16.43,9.99,11.695,3.13,2.944,0.874,0.0
Zone_39,48,Industrial_Corridor,GRADUAL_DETERIORATION,2566,44,44.0,35.0,0.795,43.21,52.88,8,Normal,Good,0,0,0,30.01,35.85,56.16,4.0,0.0,0.0,0.682,31.98,41.07,52.99,3.25,0.0,0.0,0.727,4.99,7.36,-3.28,4.0,0.113,0.0,16.63,20.53,-5.84,13.64,-1.509,-1.052,0.679,0.0
Zone_39,49,Industrial_Corridor,GRADUAL_DETERIORATION,2566,44,44.0,29.13,0.662,32.84,54.24,3,Normal,Good,0,0,0,35.0,43.21,52.88,8.0,0.0,0.0,0.795,32.53,41.87,52.7,4.0,0.0,0.0,0.739,-5.87,-10.37,1.36,-5.0,-0.133,0.0,-16.77,-24.0,2.57,11.352,-1.395,0.258,1.158,0.0
Zone_39,50,Industrial_Corridor,GRADUAL_DETERIORATION,2566,44,44.0,26.53,0.603,29.8,55.94,4,Normal,Good,0,0,0,29.13,32.84,54.24,3.0,0.0,0.0,0.662,31.4,38.7,53.58,4.0,0.0,0.0,0.714,-2.6,-3.04,1.7,1.0,-0.059,0.0,-8.93,-9.26,3.13,10.339,-2.282,-0.197,0.626,0.0
Zone_39,51,Industrial_Corridor,GRADUAL_DETERIORATION,2566,44,44.0,39.85,0.906,57.46,48.92,3,Normal,Good,0,0,0,26.53,29.8,55.94,4.0,0.0,0.0,0.603,30.17,35.42,54.8,4.75,0.0,0.0,0.686,13.32,27.66,-7.02,-1.0,0.303,0.0,50.21,92.82,-12.55,15.53,-2.852,-1.631,0.07,0.0
Zone_39,52,Industrial_Corridor,GRADUAL_DETERIORATION,2566,44,36.43,33.86,0.929,64.0,34.44,1,Light Rain,Moderate,0,0,0,39.85,57.46,48.92,3.0,0.0,0.0,0.906,32.63,40.83,53.0,4.5,0.0,0.0,0.741,-5.99,6.54,-14.48,-2.0,0.023,0.0,-15.03,11.38,-29.6,13.196,3.971,1.195,-1.018,0.0
Zone_40,1,University_District,PERIODIC_SPIKE,7930,55,55.0,39.91,0.726,41.0,54.11,6,Normal,Good,0,0,0,,,,,,,,,,,,,,,,,,,,,,,,5.033,,,,
Zone_40,2,University_District,PERIODIC_SPIKE,7930,55,55.0,44.67,0.812,50.6,50.52,10,Normal,Good,0,1,1,39.91,41.0,54.11,6.0,0.0,0.0,0.726,,,,,,,,4.76,9.6,-3.59,4.0,0.086,,11.93,23.41,-6.63,5.633,,,,
Zone_40,3,University_District,PERIODIC_SPIKE,7930,55,55.0,46.37,0.843,51.37,49.35,5,Normal,Good,0,2,1,44.67,50.6,50.52,10.0,1.0,1.0,0.812,,,,,,,,1.7,0.77,-1.17,-5.0,0.031,1.0,3.81,1.52,-2.32,5.847,,,,
Zone_40,4,University_District,PERIODIC_SPIKE,7930,55,55.0,39.84,0.724,36.78,56.75,3,Normal,Good,0,0,0,46.37,51.37,49.35,5.0,2.0,1.0,0.843,,,,,,,,-6.53,-14.59,7.4,-2.0,-0.119,1.0,-14.08,-28.4,14.99,5.024,,,,
Zone_40,5,University_District,PERIODIC_SPIKE,7930,55,49.5,51.37,1.038,65.44,41.24,7,Normal,Good,1,2,1,39.84,36.78,56.75,3.0,0.0,0.0,0.724,42.7,44.94,52.68,6.0,3.0,0.5,0.776,11.53,28.66,-15.51,4.0,0.314,-2.0,28.94,77.92,-27.33,6.478,-1.189,0.149,0.675,0.0
Zone_40,6,University_District,PERIODIC_SPIKE,7930,55,55.0,45.21,0.822,47.99,51.15,2,Normal,Good,0,2,1,51.37,65.44,41.24,7.0,2.0,1.0,1.038,45.56,51.05,49.46,6.25,5.0,0.75,0.854,-6.16,-17.45,9.91,-5.0,-0.216,2.0,-11.99,-26.67,24.03,5.701,2.993,1.357,-2.044,-0.1
Zone_40,7,University_District,PERIODIC_SPIKE,7930,55,45.54,42.42,0.931,64.94,33.47,4,Light Rain,Moderate,0,2,1,45.21,47.99,51.15,2.0,2.0,1.0,0.822,45.7,50.4,49.62,4.25,6.0,0.75,0.857,-2.79,16.95,-17.68,2.0,0.109,0.0,-6.17,35.32,-34.56,5.349,1.852,0.805,-1.011,0.1
Zone_40,8,University_District,PERIODIC_SPIKE,7930,55,55.0,40.68,0.74,38.49,55.57,2,Normal,Good,0,0,0,42.42,64.94,33.47,4.0,2.0,1.0,0.931,44.71,53.79,45.65,4.0,6.0,0.75,0.879,-1.74,-26.45,22.1,-2.0,-0.191,0.0,-4.1,-40.73,66.03,5.13,6.703,0.158,-5.993,0.3
Zone_40,9,University_District,PERIODIC_SPIKE,7930,55,55.0,38.61,0.702,37.13,54.91,7,Normal,Good,0,0,0,40.68,38.49,55.57,2.0,0.0,0.0,0.74,44.92,54.22,45.36,3.75,6.0,0.75,0.883,-2.07,-1.36,-0.66,5.0,-0.038,-2.0,-5.09,-3.53,-1.19,4.869,-6.39,-3.486,2.531,-0.3
Zone_40,10,University_District,PERIODIC_SPIKE,7930,55,49.5,52.32,1.057,60.25,45.52,18,Normal,Good,1,1,1,38.61,37.13,54.91,7.0,0.0,0.0,0.702,41.73,47.14,48.78,3.75,4.0,0.5,0.799,13.71,23.12,-9.39,11.0,0.355,0.0,35.51,62.27,-17.1,6.598,-5.903,-2.154,3.338,-0.4
Zone_40,11,University_District,PERIODIC_SPIKE,7930,55,55.0,39.9,0.725,46.49,52.99,8,Normal,Good,0,2,1,52.32,60.25,45.52,18.0,1.0,1.0,1.057,43.51,50.2,47.37,7.75,3.0,0.5,0.858,-12.42,-13.76,7.47,-10.0,-0.332,1.0,-23.74,-22.84,16.41,5.032,-1.543,2.763,3.549,0.0
Zone_40,12,University_District,PERIODIC_SPIKE,7930,55,55.0,36.65,0.666,36.98,55.66,7,Normal,Good,0,0,0,39.9,46.49,52.99,8.0,2.0,1.0,0.725,42.88,45.59,52.25,8.75,3.0,0.5,0.806,-3.25,-9.51,2.67,-1.0,-0.059,1.0,-8.15,-20.46,5.04,4.622,4.712,1.137,-1.713,0.4
Zone_40,13,University_District,PERIODIC_SPIKE,7930,55,55.0,36.63,0.666,39.55,55.46,5,Normal,Good,0,0,0,36.65,36.98,55.66,7.0,0.0,0.0,0.666,41.87,45.21,52.27,10.0,3.0,0.5,0.788,-0.02,2.57,-0.2,-2.0,0.0,-2.0,-0.05,6.95,-0.36,4.619,-1.421,-1.83,0.972,0.0
Zone_40,14,University_District,PERIODIC_SPIKE,7930,55,55.0,41.03,0.746,39.94,52.35,2,Normal,Good,0,1,1,36.63,39.55,55.46,5.0,0.0,0.0,0.666,41.38,45.82,52.41,9.5,3.0,0.5,0.778,4.4,0.39,-3.11,-3.0,0.08,0.0,12.01,0.99,-5.61,5.174,-7.161,-5.032,3.249,-0.4
Zone_40,15,University_District,PERIODIC_SPIKE,7930,55,40.99,45.01,1.098,76.89,30.58,4,Light Rain,Moderate,1,4,1,41.03,39.94,52.35,2.0,1.0,1.0,0.746,38.55,40.74,54.12,5.5,3.0,0.5,0.701,3.98,36.95,-21.77,2.0,0.352,1.0,9.7,92.51,-41.59,5.676,-1.708,0.337,-0.212,0.0
Zone_40,16,University_District,PERIODIC_SPIKE,7930,55,55.0,42.32,0.769,45.97,53.33,3,Normal,Good,0,0,0,45.01,76.89,30.58,4.0,4.0,1.0,1.098,39.83,48.34,48.51,4.5,5.0,0.5,0.794,-2.69,-30.92,22.75,-1.0,-0.329,3.0,-5.98,-40.21,74.39,5.337,12.012,2.948,-7.835,0.4
Zone_40,17,University_District,PERIODIC_SPIKE,7930,55,55.0,43.36,0.788,46.09,53.43,5,Normal,Good,0,0,0,42.32,45.97,53.33,3.0,0.0,0.0,0.769,41.25,50.59,47.93,3.5,5.0,0.5,0.82,1.04,0.12,0.1,2.0,0.019,-4.0,2.46,0.26,0.19,5.468,5.621,2.105,-2.816,0.0
Zone_40,18,University_District,PERIODIC_SPIKE,7930,55,38.71,41.97,1.084,78.56,29.46,8,Light Rain,Moderate,1,0,0,43.36,46.09,53.43,5.0,0.0,0.0,0.788,42.93,52.22,47.42,3.5,5.0,0.5,0.85,-1.39,32.47,-23.97,3.0,0.296,0.0,-3.21,70.45,-44.86,5.293,-1.247,0.43,2.599,-0.4
Zone_40,19,University_District,PERIODIC_SPIKE,7930,55,46.75,43.05,0.921,54.5,49.83,5,Normal,Good,1,0,0,41.97,78.56,29.46,8.0,0.0,0.0,1.084,43.16,61.88,41.7,5.0,4.0,0.25,0.935,1.08,-24.06,20.37,-3.0,-0.163,0.0,2.57,-30.63,69.14,5.429,0.513,-0.808,-0.326,-0.3
Zone_40,20,University_District,PERIODIC_SPIKE,7930,55,49.5,46.63,0.942,53.34,49.93,10,Normal,Good,1,1,1,43.05,54.5,49.83,5.0,0.0,0.0,0.921,42.68,56.28,46.51,5.25,0.0,0.0,0.891,3.58,-1.16,0.1,5.0,0.021,0.0,8.32,-2.13,0.2,5.88,5.806,0.08,-3.447,0.0
Zone_40,21,University_District,PERIODIC_SPIKE,7930,55,45.54,37.17,0.816,50.91,38.92,5,Light Rain,Moderate,0,0,0,46.63,53.34,49.93,10.0,1.0,1.0,0.942,43.75,58.12,45.66,7.0,1.0,0.25,0.934,-9.46,-2.43,-11.01,-5.0,-0.126,1.0,-20.29,-4.56,-22.05,4.687,-0.231,1.089,0.987,0.3
Zone_40,22,University_District,PERIODIC_SPIKE,7930,55,45.54,39.84,0.875,53.79,44.41,5,Light Rain,Moderate,0,1,1,37.17,50.91,38.92,5.0,0.0,0.0,0.816,42.2,59.33,42.04,7.0,1.0,0.25,0.941,2.67,2.88,5.49,0.0,0.059,-1.0,7.18,5.66,14.11,5.024,-8.411,-1.082,2.848,0.1
Zone_40,23,University_District,PERIODIC_SPIKE,7930,55,45.54,37.27,0.818,53.76,42.32,7,Light Rain,Moderate,0,1,1,39.84,53.79,44.41,5.0,1.0,1.0,0.875,41.67,53.14,45.77,6.25,2.0,0.5,0.888,-2.57,-0.03,-2.09,2.0,-0.057,1.0,-6.45,-0.06,-4.71,4.7,-0.456,-1.909,-2.727,0.2
Zone_40,24,University_District,PERIODIC_SPIKE,7930,55,55.0,33.36,0.607,29.87,53.98,4,Normal,Good,0,0,0,37.27,53.76,42.32,7.0,1.0,1.0,0.818,40.23,52.95,43.9,6.75,3.0,0.75,0.863,-3.91,-23.89,11.66,-3.0,-0.211,0.0,-10.49,-44.44,27.55,4.207,0.414,-2.541,-1.734,0.1
Zone_40,25,University_District,PERIODIC_SPIKE,7930,55,40.99,43.06,1.051,75.01,29.88,8,Light Rain,Moderate,1,0,0,33.36,29.87,53.98,4.0,0.0,0.0,0.607,36.91,47.08,44.91,5.25,2.0,0.5,0.779,9.7,45.14,-24.1,4.0,0.444,-1.0,29.08,151.12,-44.65,5.43,-6.315,-1.4,4.309,0.0
Zone_40,26,University_District,PERIODIC_SPIKE,7930,55,55.0,40.09,0.729,41.91,56.0,1,Normal,Good,0,0,0,43.06,75.01,29.88,8.0,0.0,0.0,1.051,38.38,53.11,42.65,6.0,2.0,0.5,0.838,-2.97,-33.1,26.12,-7.0,-0.322,0.0,-6.9,-44.13,87.42,5.055,3.977,0.575,-3.193,-0.4
Zone_40,27,University_District,PERIODIC_SPIKE,7930,55,55.0,40.34,0.733,40.52,51.77,4,Normal,Good,0,1,1,40.09,41.91,56.0,1.0,0.0,0.0,0.729,38.44,50.14,45.54,5.0,1.0,0.25,0.801,0.25,-1.39,-4.23,3.0,0.004,0.0,0.62,-3.32,-7.55,5.087,0.959,1.816,1.694,-0.3
Zone_40,28,University_District,PERIODIC_SPIKE,7930,55,55.0,37.78,0.687,40.67,53.79,4,Normal,Good,0,0,0,40.34,40.52,51.77,4.0,1.0,1.0,0.733,39.21,46.83,47.91,4.25,1.0,0.25,0.78,-2.56,0.15,2.02,0.0,-0.046,1.0,-6.35,0.37,3.9,4.764,-0.115,1.797,1.949,0.3
Zone_40,29,University_District,PERIODIC_SPIKE,7930,55,55.0,37.32,0.679,36.15,56.39,4,Normal,Good,0,0,0,37.78,40.67,53.79,4.0,0.0,0.0,0.687,40.32,49.53,47.86,4.25,1.0,0.25,0.8,-0.46,-4.52,2.6,0.0,-0.008,-1.0,-1.22,-11.11,4.83,4.706,-10.441,-1.559,6.75,0.1
Zone_40,30,University_District,PERIODIC_SPIKE,7930,55,49.5,43.96,0.888,54.86,47.94,8,Normal,Good,1,2,1,37.32,36.15,56.39,4.0,0.0,0.0,0.679,38.88,39.81,54.49,3.25,1.0,0.25,0.707,6.64,18.71,-8.45,4.0,0.209,0.0,17.79,51.76,-14.98,5.544,-1.713,-1.087,0.319,-0.1
Zone_40,31,University_District,PERIODIC_SPIKE,7930,55,45.54,44.04,0.967,64.78,37.66,4,Light Rain,Moderate,0,0,0,43.96,54.86,47.94,8.0,2.0,1.0,0.888,39.85,43.05,52.47,5.0,3.0,0.5,0.747,0.08,9.92,-10.28,-4.0,0.079,2.0,0.18,18.08,-21.44,5.554,3.85,1.04,-0.889,0.0
Zone_40,32,University_District,PERIODIC_SPIKE,7930,55,32.17,42.55,1.323,100.0,10.0,8,Heavy Rain,Poor,0,1,1,44.04,64.78,37.66,4.0,0.0,0.0,0.967,40.78,49.11,48.94,5.0,2.0,0.25,0.805,-1.49,35.22,-27.66,4.0,0.356,-2.0,-3.38,54.37,-73.45,5.366,9.104,2.542,-5.684,0.1
Zone_40,33,University_District,PERIODIC_SPIKE,7930,55,45.54,36.41,0.8,52.53,42.06,2,Light Rain,Moderate,0,0,0,42.55,100.0,10.0,8.0,1.0,1.0,1.323,41.97,63.95,38.0,6.0,3.0,0.5,0.964,-6.14,-47.47,32.06,-6.0,-0.523,1.0,-14.43,-47.47,320.6,4.591,20.147,1.577,-14.945,0.2
Zone_40,34,University_District,PERIODIC_SPIKE,7930,55,45.54,31.36,0.689,43.33,44.95,8,Light Rain,Moderate,0,1,1,36.41,52.53,42.06,2.0,0.0,0.0,0.8,41.74,68.04,34.42,5.5,3.0,0.5,0.994,-5.05,-9.2,2.89,6.0,-0.111,-1.0,-13.87,-17.51,6.87,3.955,2.823,-2.414,-4.53,-0.2
Zone_40,35,University_District,PERIODIC_SPIKE,7930,55,28.96,32.97,1.138,94.68,10.0,12,Heavy Rain,Poor,1,1,1,31.36,43.33,44.95,8.0,1.0,1.0,0.689,38.59,65.16,33.67,5.5,2.0,0.5,0.945,1.61,51.35,-34.95,4.0,0.449,1.0,5.13,118.51,-77.75,4.158,-11.182,-4.418,5.393,0.2
Zone_40,36,University_District,PERIODIC_SPIKE,7930,55,32.17,32.43,1.008,81.81,17.04,8,Heavy Rain,Poor,0,2,1,32.97,94.68,10.0,12.0,1.0,1.0,1.138,35.82,72.64,26.75,7.5,3.0,0.75,0.988,-0.54,-12.87,7.04,-4.0,-0.13,0.0,-1.64,-13.59,70.4,4.09,-2.516,-3.379,0.289,0.1
Zone_40,37,University_District,PERIODIC_SPIKE,7930,55,55.0,33.34,0.606,32.94,56.26,4,Normal,Good,0,1,1,32.43,81.81,17.04,8.0,2.0,1.0,1.008,33.29,68.09,28.51,7.5,4.0,0.75,0.909,0.91,-48.87,39.22,-4.0,-0.402,1.0,2.81,-59.74,230.16,4.204,13.919,-1.033,-11.001,0.3
Zone_40,38,University_District,PERIODIC_SPIKE,7930,55,55.0,33.21,0.604,30.01,59.03,4,Normal,Good,0,1,1,33.34,32.94,56.26,4.0,1.0,1.0,0.606,32.52,63.19,32.06,8.0,5.0,1.0,0.86,-0.13,-2.93,2.77,0.0,-0.002,-1.0,-0.39,-8.89,4.92,4.188,-4.404,0.54,4.097,0.0
Zone_40,39,University_District,PERIODIC_SPIKE,7930,55,55.0,32.89,0.598,29.87,58.72,2,Normal,Good,0,0,0,33.21,30.01,59.03,4.0,1.0,1.0,0.604,32.99,59.86,35.58,7.0,5.0,1.0,0.839,-0.32,-0.14,-0.31,-2.0,-0.006,0.0,-0.96,-0.47,-0.53,4.148,-24.288,0.163,18.631,0.0
Zone_40,40,University_District,PERIODIC_SPIKE,7930,55,49.5,39.51,0.798,45.31,48.77,3,Normal,Good,1,0,0,32.89,29.87,58.72,2.0,0.0,0.0,0.598,32.97,43.66,47.76,4.5,4.0,0.75,0.704,6.62,15.44,-9.95,1.0,0.2,-1.0,20.13,51.69,-16.94,4.982,-15.875,0.125,12.781,-0.3
Zone_40,41,University_District,PERIODIC_SPIKE,7930,55,55.0,42.03,0.764,42.64,53.16,8,Normal,Good,0,0,0,39.51,45.31,48.77,3.0,0.0,0.0,0.798,34.74,34.53,55.7,3.25,2.0,0.5,0.652,2.52,-2.67,4.39,5.0,-0.034,0.0,6.38,-5.89,9.0,5.3,3.697,1.819,-2.278,-0.4
Zone_40,42,University_District,PERIODIC_SPIKE,7930,55,55.0,42.49,0.773,50.5,50.41,6,Normal,Good,0,1,1,42.03,42.64,53.16,8.0,0.0,0.0,0.764,36.91,36.96,54.92,4.25,1.0,0.25,0.691,0.46,7.86,-2.75,-2.0,0.009,0.0,1.09,18.43,-5.17,5.358,5.333,3.308,-2.756,-0.3
Zone_40,43,University_District,PERIODIC_SPIKE,7930,55,45.54,44.16,0.97,63.85,34.44,5,Light Rain,Moderate,0,0,0,42.49,50.5,50.41,6.0,1.0,1.0,0.773,39.23,42.08,52.76,4.75,1.0,0.25,0.733,1.67,13.35,-15.97,-1.0,0.197,1.0,3.93,26.44,-31.68,5.569,5.922,3.132,-2.054,0.3
Zone_40,44,University_District,PERIODIC_SPIKE,7930,55,55.0,48.7,0.885,54.29,47.39,5,Normal,Good,0,0,0,44.16,63.85,34.44,5.0,0.0,0.0,0.97,42.05,50.58,46.69,5.5,1.0,0.25,0.826,4.54,-9.56,12.95,0.0,-0.085,-1.0,10.28,-14.97,37.6,6.141,6.348,1.441,-4.574,0.1
Zone_40,45,University_District,PERIODIC_SPIKE,7930,55,49.5,51.78,1.046,64.16,44.2,9,Normal,Good,1,2,1,48.7,54.29,47.39,5.0,0.0,0.0,0.885,44.35,52.82,46.35,6.0,1.0,0.25,0.848,3.08,9.87,-3.19,4.0,0.161,0.0,6.32,18.18,-6.73,6.53,4.83,2.168,-3.328,-0.1
Zone_40,46,University_District,PERIODIC_SPIKE,7930,55,55.0,46.35,0.843,51.1,46.77,5,Normal,Good,0,1,1,51.78,64.16,44.2,9.0,2.0,1.0,1.046,46.78,58.2,44.11,6.25,3.0,0.5,0.918,-5.43,-13.06,2.57,-4.0,-0.203,2.0,-10.49,-20.36,5.81,5.845,3.142,3.241,-0.568,0.0
Zone_40,47,University_District,PERIODIC_SPIKE,7930,55,55.0,48.4,0.88,50.02,50.16,10,Normal,Good,0,0,0,46.35,51.1,46.77,5.0,1.0,1.0,0.843,47.75,58.35,43.2,6.0,3.0,0.5,0.936,2.05,-1.08,3.39,5.0,0.037,-1.0,4.42,-2.11,7.25,6.103,-2.838,0.965,3.38,0.4
Zone_40,48,University_District,PERIODIC_SPIKE,7930,55,45.54,47.49,1.043,75.35,34.13,6,Light Rain,Moderate,0,2,1,48.4,50.02,50.16,10.0,0.0,0.0,0.88,48.81,54.89,47.13,7.25,3.0,0.5,0.914,-0.91,25.33,-16.03,-4.0,0.163,-1.0,-1.88,50.64,-31.96,5.989,-2.587,-0.633,1.088,0.0
Zone_40,49,University_District,PERIODIC_SPIKE,7930,55,45.54,49.42,1.085,75.47,31.77,10,Light Rain,Moderate,0,1,1,47.49,75.35,34.13,6.0,2.0,1.0,1.043,48.5,60.16,43.82,7.5,5.0,0.75,0.953,1.93,0.12,-2.36,4.0,0.042,2.0,4.06,0.16,-6.91,6.232,3.249,-1.082,-2.682,-0.1
Zone_40,50,University_District,PERIODIC_SPIKE,7930,55,40.99,42.31,1.032,68.86,33.8,12,Light Rain,Moderate,1,1,1,49.42,75.47,31.77,10.0,1.0,1.0,1.085,47.92,62.98,40.71,7.75,4.0,0.75,0.963,-7.11,-6.61,2.03,2.0,-0.053,-1.0,-14.39,-8.76,6.39,5.335,9.844,0.83,-6.103,0.1
Zone_40,51,University_District,PERIODIC_SPIKE,7930,55,55.0,40.06,0.728,41.72,56.03,4,Normal,Good,0,1,1,42.31,68.86,33.8,12.0,1.0,1.0,1.032,46.9,67.42,37.47,9.5,4.0,0.75,1.01,-2.25,-27.14,22.23,-8.0,-0.304,0.0,-5.32,-39.41,65.77,5.052,5.664,-1.634,-5.144,0.3
Zone_40,52,University_District,PERIODIC_SPIKE,7930,55,45.54,42.57,0.935,67.03,35.51,7,Light Rain,Moderate,0,2,1,40.06,41.72,56.03,4.0,1.0,1.0,0.728,44.82,65.35,38.93,8.0,5.0,1.0,0.972,2.51,25.31,-20.52,3.0,0.207,0.0,6.27,60.67,-36.62,5.368,-10.75,-2.94,6.773,0.0
Zone_41,1,Highway_Junction,GRADUAL_DETERIORATION,2549,42,42.0,9.52,0.227,11.07,64.43,4,Normal,Good,0,0,0,,,,,,,,,,,,,,,,,,,,,,,,3.735,,,,
Zone_41,2,Highway_Junction,GRADUAL_DETERIORATION,2549,42,42.0,16.9,0.402,20.61,64.76,5,Normal,Good,0,0,0,9.52,11.07,64.43,4.0,0.0,0.0,0.227,,,,,,,,7.38,9.54,0.33,1.0,0.175,,77.52,86.18,0.51,6.63,,,,
Zone_41,3,Highway_Junction,GRADUAL_DETERIORATION,2549,42,42.0,13.25,0.315,11.02,64.83,3,Normal,Good,0,0,0,16.9,20.61,64.76,5.0,0.0,0.0,0.402,,,,,,,,-3.65,-9.59,0.07,-2.0,-0.087,0.0,-21.6,-46.53,0.11,5.198,,,,
Zone_41,4,Highway_Junction,GRADUAL_DETERIORATION,2549,42,42.0,10.58,0.252,14.11,62.68,5,Normal,Good,0,1,1,13.25,11.02,64.83,3.0,0.0,0.0,0.315,,,,,,,,-2.67,3.09,-2.15,2.0,-0.063,0.0,-20.15,28.04,-3.32,4.151,,,,
Zone_41,5,Highway_Junction,GRADUAL_DETERIORATION,2549,42,42.0,14.53,0.346,17.66,60.97,1,Normal,Good,0,0,0,10.58,14.11,62.68,5.0,1.0,1.0,0.252,12.56,14.2,64.18,4.25,1.0,0.25,0.299,3.95,3.55,-1.71,-4.0,0.094,1.0,37.33,25.16,-2.73,5.7,-0.047,-0.047,-0.518,0.3
Zone_41,6,Highway_Junction,GRADUAL_DETERIORATION,2549,42,42.0,8.66,0.206,10.74,63.54,4,Normal,Good,0,0,0,14.53,17.66,60.97,1.0,0.0,0.0,0.346,13.82,15.85,63.31,3.5,1.0,0.25,0.329,-5.87,-6.92,2.57,3.0,-0.14,-1.0,-40.4,-39.18,4.22,3.397,-0.576,-0.978,-1.352,0.1
Zone_41,7,Highway_Junction,GRADUAL_DETERIORATION,2549,42,42.0,14.11,0.336,15.89,63.98,6,Normal,Good,0,0,0,8.66,10.74,63.54,4.0,0.0,0.0,0.206,11.76,13.38,63.0,3.25,1.0,0.25,0.28,5.45,5.15,0.44,2.0,0.13,0.0,62.93,47.95,0.69,5.536,0.271,-0.982,-0.558,-0.1
Zone_41,8,Highway_Junction,GRADUAL_DETERIORATION,2549,42,42.0,14.58,0.347,17.54,59.87,2,Normal,Good,0,0,0,14.11,15.89,63.98,6.0,0.0,0.0,0.336,11.97,14.6,62.79,4.0,1.0,0.25,0.285,0.47,1.65,-4.11,-4.0,0.011,0.0,3.33,10.38,-6.42,5.72,-0.158,0.472,0.647,-0.3
Zone_41,9,Highway_Junction,GRADUAL_DETERIORATION,2549,42,42.0,11.52,0.274,12.87,58.75,4,Normal,Good,0,0,0,14.58,17.54,59.87,2.0,0.0,0.0,0.347,12.97,15.46,62.09,3.25,0.0,0.0,0.309,-3.06,-4.67,-1.12,2.0,-0.073,0.0,-20.99,-26.62,-1.87,4.519,0.479,0.56,-0.286,0.0
Zone_41,10,Highway_Junction,GRADUAL_DETERIORATION,2549,42,42.0,12.79,0.305,11.17,62.58,9,Normal,Good,0,0,0,11.52,12.87,58.75,4.0,0.0,0.0,0.274,12.22,14.26,61.54,4.0,0.0,0.0,0.291,1.27,-1.7,3.83,5.0,0.031,0.0,11.02,-13.21,6.52,5.018,0.804,0.905,-1.848,0.0
Zone_41,11,Highway_Junction,GRADUAL_DETERIORATION,2549,42,42.0,16.55,0.394,20.39,58.89,8,Normal,Good,0,0,0,12.79,11.17,62.58,9.0,0.0,0.0,0.305,13.25,14.37,61.3,5.25,0.0,0.0,0.316,3.76,9.22,-3.69,-1.0,0.089,0.0,29.4,82.54,-5.9,6.493,-1.883,-0.702,-0.532,0.0
Zone_41,12,Highway_Junction,GRADUAL_DETERIORATION,2549,42,42.0,16.42,0.391,20.25,62.09,4,Normal,Good,0,0,0,16.55,20.39,58.89,8.0,0.0,0.0,0.394,13.86,15.49,60.02,5.75,0.0,0.0,0.33,-0.13,-0.14,3.2,-4.0,-0.003,0.0,-0.79,-0.69,5.43,6.442,0.685,0.718,0.089,0.0
Zone_41,13,Highway_Junction,GRADUAL_DETERIORATION,2549,42,34.78,11.59,0.333,17.89,54.6,4,Light Rain,Moderate,0,0,0,16.42,20.25,62.09,4.0,0.0,0.0,0.391,14.32,16.17,60.58,6.25,0.0,0.0,0.341,-4.83,-2.36,-7.49,0.0,-0.058,0.0,-29.42,-11.65,-12.06,4.547,3.136,1.846,0.633,0.0
Zone_41,14,Highway_Junction,GRADUAL_DETERIORATION,2549,42,34.78,14.12,0.406,20.05,56.85,2,Light Rain,Moderate,0,0,0,11.59,17.89,54.6,4.0,0.0,0.0,0.333,14.34,17.42,59.54,6.25,0.0,0.0,0.356,2.53,2.16,2.25,-2.0,0.073,0.0,21.83,12.07,4.12,5.539,2.002,-0.373,-2.074,0.0
Zone_41,15,Highway_Junction,GRADUAL_DETERIORATION,2549,42,42.0,8.81,0.21,13.72,61.17,6,Normal,Good,0,0,0,14.12,20.05,56.85,2.0,0.0,0.0,0.406,14.67,19.64,58.11,4.5,0.0,0.0,0.381,-5.31,-6.33,4.32,4.0,-0.196,0.0,-37.61,-31.57,7.6,3.456,-0.338,-1.212,-1.361,0.0
Zone_41,16,Highway_Junction,GRADUAL_DETERIORATION,2549,42,42.0,12.97,0.309,15.38,63.9,2,Normal,Good,0,0,0,8.81,13.72,61.17,6.0,0.0,0.0,0.21,12.74,17.98,58.68,4.0,0.0,0.0,0.335,4.16,1.66,2.73,-4.0,0.099,0.0,47.22,12.1,4.46,5.088,-1.743,-2.03,-0.051,0.0
Zone_41,17,Highway_Junction,GRADUAL_DETERIORATION,2549,42,42.0,17.91,0.426,16.83,60.85,4,Normal,Good,0,0,0,12.97,15.38,63.9,2.0,0.0,0.0,0.309,11.87,16.76,59.13,3.5,0.0,0.0,0.314,4.94,1.45,-3.05,2.0,0.117,0.0,38.09,9.43,-4.77,7.026,-1.386,-0.117,3.222,0.0
Zone_41,18,Highway_Junction,GRADUAL_DETERIORATION,2549,42,42.0,10.77,0.256,9.14,65.04,6,Normal,Good,0,0,0,17.91,16.83,60.85,4.0,0.0,0.0,0.426,13.45,16.5,60.69,3.5,0.0,0.0,0.338,-7.14,-7.69,4.19,2.0,-0.17,0.0,-39.87,-45.69,6.89,4.225,-0.8,1.553,1.473,0.0
Zone_41,19,Highway_Junction,GRADUAL_DETERIORATION,2549,42,34.78,11.48,0.33,18.62,53.53,2,Light Rain,Moderate,0,0,0,10.77,9.14,65.04,6.0,0.0,0.0,0.256,12.61,13.77,62.74,4.5,0.0,0.0,0.3,0.71,9.48,-11.51,-4.0,0.074,0.0,6.59,103.72,-17.7,4.504,-1.229,1.082,0.856,0.0
Zone_41,20,Highway_Junction,GRADUAL_DETERIORATION,2549,42,42.0,19.11,0.455,20.92,62.23,6,Normal,Good,0,0,0,11.48,18.62,53.53,2.0,0.0,0.0,0.33,13.28,14.99,60.83,3.5,0.0,0.0,0.33,7.63,2.3,8.7,4.0,0.125,0.0,66.46,12.35,16.25,7.497,0.203,-1.161,-2.692,0.0
Zone_41,21,Highway_Junction,GRADUAL_DETERIORATION,2549,42,42.0,16.05,0.382,13.28,62.77,1,Normal,Good,0,0,0,19.11,20.92,62.23,6.0,0.0,0.0,0.455,14.82,16.38,60.41,4.5,0.0,0.0,0.367,-3.06,-7.64,0.54,-5.0,-0.073,0.0,-16.01,-36.52,0.87,6.297,2.175,0.431,-0.737,0.0
Zone_41,22,Highway_Junction,GRADUAL_DETERIORATION,2549,42,42.0,21.64,0.515,25.87,57.51,2,Normal,Good,0,0,0,16.05,13.28,62.77,1.0,0.0,0.0,0.382,14.35,15.49,60.89,3.75,0.0,0.0,0.356,5.59,12.59,-5.26,1.0,0.133,0.0,34.83,94.8,-8.38,8.49,1.472,2.347,0.189,0.0
Zone_41,23,Highway_Junction,GRADUAL_DETERIORATION,2549,42,42.0,17.87,0.425,17.11,58.72,6,Normal,Good,0,1,1,21.64,25.87,57.51,2.0,0.0,0.0,0.515,17.07,19.67,59.01,2.75,0.0,0.0,0.42,-3.77,-8.76,1.21,4.0,-0.09,0.0,-17.42,-33.86,2.1,7.011,1.411,2.742,1.248,0.0
Zone_41,24,Highway_Junction,GRADUAL_DETERIORATION,2549,42,42.0,24.24,0.577,25.15,57.29,4,Normal,Good,0,0,0,17.87,17.11,58.72,6.0,1.0,1.0,0.425,18.67,19.3,60.31,3.75,1.0,0.25,0.444,6.37,8.04,-1.43,-2.0,0.152,1.0,35.65,46.99,-2.44,9.51,0.116,0.187,-1.579,0.3
Zone_41,25,Highway_Junction,GRADUAL_DETERIORATION,2549,42,42.0,24.07,0.573,25.92,57.63,7,Normal,Good,0,0,0,24.24,25.15,57.29,4.0,0.0,0.0,0.577,19.95,20.35,59.07,3.25,1.0,0.25,0.475,-0.17,0.77,0.34,3.0,-0.004,-1.0,-0.7,3.06,0.59,9.443,2.685,2.08,-1.523,0.1
Zone_41,26,Highway_Junction,GRADUAL_DETERIORATION,2549,42,42.0,14.12,0.336,16.03,62.87,2,Normal,Good,0,0,0,24.07,25.92,57.63,7.0,0.0,0.0,0.573,21.96,23.51,57.79,4.75,1.0,0.25,0.522,-9.95,-9.89,5.24,-5.0,-0.237,0.0,-41.34,-38.16,9.09,5.539,0.819,1.366,-0.107,-0.1
Zone_41,27,Highway_Junction,GRADUAL_DETERIORATION,2549,42,42.0,14.43,0.344,17.41,60.87,5,Normal,Good,0,0,0,14.12,16.03,62.87,2.0,0.0,0.0,0.336,20.08,21.05,59.13,4.75,1.0,0.25,0.478,0.31,1.38,-2.0,3.0,0.008,0.0,2.2,8.61,-3.18,5.661,-0.247,-1.142,1.279,-0.3
Zone_41,28,Highway_Junction,GRADUAL_DETERIORATION,2549,42,42.0,14.01,0.334,12.96,64.74,4,Normal,Good,0,0,0,14.43,17.41,60.87,5.0,0.0,0.0,0.344,19.22,21.13,59.66,4.5,0.0,0.0,0.457,-0.42,-4.45,3.87,-1.0,-0.01,0.0,-2.91,-25.56,6.36,5.496,-3.311,-3.938,1.598,0.0
Zone_41,29,Highway_Junction,GRADUAL_DETERIORATION,2549,42,42.0,14.72,0.35,17.46,62.86,6,Normal,Good,0,0,0,14.01,12.96,64.74,4.0,0.0,0.0,0.334,16.66,18.08,61.53,4.5,0.0,0.0,0.397,0.71,4.5,-1.88,2.0,0.016,0.0,5.07,34.72,-2.9,5.775,-3.75,-2.987,1.933,0.0
Zone_41,30,Highway_Junction,GRADUAL_DETERIORATION,2549,42,42.0,18.95,0.451,17.72,63.54,4,Normal,Good,0,0,0,14.72,17.46,62.86,6.0,0.0,0.0,0.35,14.32,15.96,62.83,4.25,0.0,0.0,0.341,4.23,0.26,0.68,-2.0,0.101,0.0,28.74,1.49,1.08,7.434,-0.016,0.138,0.384,0.0
Zone_41,31,Highway_Junction,GRADUAL_DETERIORATION,2549,42,24.57,19.05,0.775,55.24,26.36,9,Heavy Rain,Poor,0,0,0,18.95,17.72,63.54,4.0,0.0,0.0,0.451,15.53,16.39,63.0,4.75,0.0,0.0,0.37,0.1,37.52,-37.18,5.0,0.324,0.0,0.53,211.74,-58.51,7.474,0.543,1.427,0.613,0.0
Zone_41,32,Highway_Junction,GRADUAL_DETERIORATION,2549,42,42.0,16.54,0.394,15.71,63.31,6,Normal,Good,0,0,0,19.05,55.24,26.36,9.0,0.0,0.0,0.775,16.68,25.85,54.37,5.75,0.0,0.0,0.478,-2.51,-39.53,36.95,-3.0,-0.381,0.0,-13.18,-71.56,140.17,6.489,12.71,1.935,-11.446,0.0
Zone_41,33,Highway_Junction,GRADUAL_DETERIORATION,2549,42,24.57,20.68,0.842,62.9,22.17,6,Heavy Rain,Poor,0,4,1,16.54,15.71,63.31,6.0,0.0,0.0,0.394,17.32,26.53,54.02,6.25,0.0,0.0,0.493,4.14,47.19,-41.14,0.0,0.448,0.0,25.03,300.38,-64.98,8.113,3.227,0.556,-3.583,0.0
Zone_41,34,Highway_Junction,GRADUAL_DETERIORATION,2549,42,34.78,17.89,0.514,29.72,49.68,4,Light Rain,Moderate,0,0,0,20.68,62.9,22.17,6.0,4.0,1.0,0.842,18.8,37.89,43.84,6.25,4.0,0.25,0.615,-2.79,-33.18,27.51,-2.0,-0.328,4.0,-13.49,-52.75,124.09,7.018,9.601,0.268,-8.716,0.3
Zone_41,35,Highway_Junction,GRADUAL_DETERIORATION,2549,42,42.0,14.31,0.341,10.05,62.22,2,Normal,Good,0,0,0,17.89,29.72,49.68,4.0,0.0,0.0,0.514,18.54,40.89,40.38,6.25,4.0,0.25,0.631,-3.58,-19.67,12.54,-2.0,-0.173,-4.0,-20.01,-66.18,25.24,5.614,-2.937,0.066,2.882,0.1
Zone_41,36,Highway_Junction,GRADUAL_DETERIORATION,2549,42,24.57,20.02,0.815,61.38,22.73,11,Heavy Rain,Poor,0,2,1,14.31,10.05,62.22,2.0,0.0,0.0,0.341,17.36,29.6,49.34,4.5,4.0,0.25,0.523,5.71,51.33,-39.49,9.0,0.474,0.0,39.9,510.74,-63.47,7.854,-5.016,-0.948,2.424,-0.1
Zone_41,37,Highway_Junction,GRADUAL_DETERIORATION,2549,42,42.0,22.4,0.533,26.68,59.25,9,Normal,Good,0,0,0,20.02,61.38,22.73,11.0,2.0,1.0,0.815,18.23,41.01,39.2,5.75,6.0,0.5,0.628,2.38,-34.7,36.52,-2.0,-0.282,2.0,11.89,-56.53,160.67,8.788,-2.423,-0.556,1.422,0.0
Zone_41,38,Highway_Junction,GRADUAL_DETERIORATION,2549,42,33.6,36.63,1.09,70.19,43.71,13,Normal,Good,1,0,0,22.4,26.68,59.25,9.0,0.0,0.0,0.533,18.66,31.96,48.47,6.5,2.0,0.25,0.551,14.23,43.51,-15.54,4.0,0.557,-2.0,63.53,163.08,-26.23,14.37,4.221,1.924,-1.078,0.1
Zone_41,39,Highway_Junction,GRADUAL_DETERIORATION,2549,42,33.6,45.89,1.366,84.94,35.72,13,Normal,Good,1,0,0,36.63,70.19,43.71,13.0,0.0,0.0,1.09,23.34,42.08,46.98,8.75,2.0,0.25,0.695,9.26,14.75,-7.99,0.0,0.276,0.0,25.28,21.01,-18.28,18.003,14.572,6.934,-1.901,-0.1
Zone_41,40,Highway_Junction,GRADUAL_DETERIORATION,2549,42,33.6,45.94,1.367,87.75,31.44,12,Normal,Good,1,2,1,45.89,84.94,35.72,13.0,0.0,0.0,1.366,31.24,60.8,40.35,11.5,2.0,0.25,0.951,0.05,2.81,-4.28,-1.0,0.001,0.0,0.11,3.31,-11.98,18.023,11.419,9.184,2.343,-0.3
Zone_41,41,Highway_Junction,GRADUAL_DETERIORATION,2549,42,42.0,37.5,0.893,54.05,49.4,4,Normal,Good,0,0,0,45.94,87.75,31.44,12.0,2.0,1.0,1.367,37.71,67.39,42.53,11.75,2.0,0.25,1.089,-8.44,-33.7,17.96,-8.0,-0.474,2.0,-18.37,-38.4,57.12,14.712,19.796,7.988,-9.142,0.3
Zone_41,42,Highway_Junction,GRADUAL_DETERIORATION,2549,42,42.0,39.42,0.939,55.27,48.88,8,Normal,Good,0,0,0,37.5,54.05,49.4,4.0,0.0,0.0,0.893,41.49,74.23,40.07,10.5,2.0,0.25,1.179,1.92,1.22,-0.52,4.0,0.046,-2.0,5.12,2.26,-1.05,15.465,-4.561,0.266,1.279,0.1
Zone_41,43,Highway_Junction,GRADUAL_DETERIORATION,2549,42,42.0,29.32,0.698,34.68,55.29,5,Normal,Good,0,0,0,39.42,55.27,48.88,8.0,0.0,0.0,0.939,42.19,70.5,41.36,9.25,2.0,0.25,1.141,-10.1,-20.59,6.41,-3.0,-0.241,0.0,-25.62,-37.25,13.11,11.503,-12.271,-2.785,5.744,-0.1
Zone_41,44,Highway_Junction,GRADUAL_DETERIORATION,2549,42,42.0,31.35,0.746,42.14,49.95,5,Normal,Good,0,3,1,29.32,34.68,55.29,5.0,0.0,0.0,0.698,38.04,57.94,46.25,7.25,2.0,0.25,0.974,2.03,7.46,-5.34,0.0,0.048,0.0,6.92,21.51,-9.66,12.299,-15.799,-4.794,7.103,-0.3
Zone_41,45,Highway_Junction,GRADUAL_DETERIORATION,2549,42,42.0,36.9,0.879,52.66,47.95,9,Normal,Good,0,0,0,31.35,42.14,49.95,5.0,3.0,1.0,0.746,34.4,46.54,50.88,5.5,3.0,0.25,0.819,5.55,10.52,-2.0,4.0,0.133,3.0,17.7,24.96,-4.0,14.476,-5.632,-2.855,0.806,0.3
Zone_41,46,Highway_Junction,GRADUAL_DETERIORATION,2549,42,42.0,29.22,0.696,37.12,58.97,10,Normal,Good,0,0,0,36.9,52.66,47.95,9.0,0.0,0.0,0.879,34.25,46.19,50.52,6.75,3.0,0.25,0.816,-7.68,-15.54,11.02,1.0,-0.183,-3.0,-20.81,-29.51,22.98,11.463,-0.037,-0.553,-0.813,0.1
Zone_41,47,Highway_Junction,GRADUAL_DETERIORATION,2549,42,34.78,26.46,0.761,51.6,41.09,16,Light Rain,Moderate,0,1,1,29.22,37.12,58.97,10.0,0.0,0.0,0.696,31.7,41.65,53.04,7.25,3.0,0.25,0.755,-2.76,14.48,-17.88,6.0,0.065,0.0,-9.45,39.01,-30.32,10.381,1.784,0.525,0.904,-0.1
Zone_41,48,Highway_Junction,GRADUAL_DETERIORATION,2549,42,34.78,28.34,0.815,50.47,39.77,7,Light Rain,Moderate,0,0,0,26.46,51.6,41.09,16.0,1.0,1.0,0.761,30.98,45.88,49.49,10.0,4.0,0.5,0.771,1.88,-1.13,-1.32,-9.0,0.054,1.0,7.11,-2.19,-3.21,11.118,1.284,-2.235,-1.556,0.0
Zone_41,49,Highway_Junction,GRADUAL_DETERIORATION,2549,42,34.78,27.86,0.801,51.16,42.91,6,Light Rain,Moderate,0,2,1,28.34,50.47,39.77,7.0,0.0,0.0,0.815,30.23,47.96,46.94,10.5,1.0,0.25,0.788,-0.48,0.69,3.14,-1.0,-0.014,-1.0,-1.69,1.37,7.9,10.93,0.791,-2.844,-4.242,0.1
Zone_41,50,Highway_Junction,GRADUAL_DETERIORATION,2549,42,42.0,26.14,0.622,28.67,58.92,7,Normal,Good,0,0,0,27.86,51.16,42.91,6.0,2.0,1.0,0.801,27.97,47.59,45.68,9.75,3.0,0.5,0.768,-1.72,-22.49,16.01,1.0,-0.179,2.0,-6.17,-43.96,37.31,10.255,4.099,-0.22,-4.95,0.2
Zone_41,51,Highway_Junction,GRADUAL_DETERIORATION,2549,42,42.0,24.99,0.595,29.16,55.39,8,Normal,Good,0,3,1,26.14,28.67,58.92,7.0,0.0,0.0,0.622,27.2,45.48,45.67,9.0,3.0,0.5,0.75,-1.15,0.49,-3.53,1.0,-0.027,-2.0,-4.4,1.71,-5.99,9.804,-6.81,-0.144,5.663,-0.2
Zone_41,52,Highway_Junction,GRADUAL_DETERIORATION,2549,42,34.78,23.96,0.689,37.46,44.94,4,Light Rain,Moderate,0,0,0,24.99,29.16,55.39,8.0,3.0,1.0,0.595,26.83,39.86,49.25,7.0,5.0,0.5,0.708,-1.03,8.3,-10.45,-4.0,0.094,3.0,-4.12,28.46,-18.87,9.4,-8.642,-1.177,6.287,0.2
Zone_42,1,University_District,PERIODIC_SPIKE,7369,58,58.0,28.83,0.497,23.8,59.4,4,Normal,Good,0,0,0,,,,,,,,,,,,,,,,,,,,,,,,3.912,,,,
Zone_42,2,University_District,PERIODIC_SPIKE,7369,58,48.02,24.4,0.508,29.68,48.75,2,Light Rain,Moderate,0,0,0,28.83,23.8,59.4,4.0,0.0,0.0,0.497,,,,,,,,-4.43,5.88,-10.65,-2.0,0.011,,-15.37,24.71,-17.93,3.311,,,,
Zone_42,3,University_District,PERIODIC_SPIKE,7369,58,48.02,36.81,0.767,47.26,42.63,6,Light Rain,Moderate,0,0,0,24.4,29.68,48.75,2.0,0.0,0.0,0.508,,,,,,,,12.41,17.58,-6.12,4.0,0.259,0.0,50.86,59.23,-12.55,4.995,,,,
Zone_42,4,University_District,PERIODIC_SPIKE,7369,58,58.0,35.55,0.613,31.24,55.99,4,Normal,Good,0,0,0,36.81,47.26,42.63,6.0,0.0,0.0,0.767,,,,,,,,-1.26,-16.02,13.36,-2.0,-0.154,0.0,-3.42,-33.9,31.34,4.824,,,,
Zone_42,5,University_District,PERIODIC_SPIKE,7369,58,52.2,34.17,0.655,34.86,55.35,9,Normal,Good,1,0,0,35.55,31.24,55.99,4.0,0.0,0.0,0.613,31.4,32.99,51.69,4.0,0.0,0.0,0.596,-1.38,3.62,-0.64,5.0,0.042,0.0,-3.88,11.59,-1.14,4.637,3.99,3.257,-1.635,0.0
Zone_42,6,University_District,PERIODIC_SPIKE,7369,58,48.02,40.46,0.843,51.71,41.08,7,Light Rain,Moderate,0,0,0,34.17,34.86,55.35,9.0,0.0,0.0,0.655,32.73,35.76,50.68,5.25,0.0,0.0,0.636,6.29,16.85,-14.27,-2.0,0.188,0.0,18.41,48.34,-25.78,5.491,-0.048,2.805,3.316,0.0
Zone_42,7,University_District,PERIODIC_SPIKE,7369,58,58.0,40.96,0.706,35.71,56.24,1,Normal,Good,0,0,0,40.46,51.71,41.08,7.0,0.0,0.0,0.843,36.75,41.27,48.76,6.5,0.0,0.0,0.72,0.5,-16.0,15.16,-6.0,-0.137,0.0,1.24,-30.94,36.9,5.558,1.697,0.957,-0.529,0.0
Zone_42,8,University_District,PERIODIC_SPIKE,7369,58,58.0,34.77,0.599,28.86,59.37,5,Normal,Good,0,0,0,40.96,35.71,56.24,1.0,0.0,0.0,0.706,37.78,38.38,52.16,5.25,0.0,0.0,0.704,-6.19,-6.85,3.13,4.0,-0.107,0.0,-15.11,-19.18,5.57,4.718,3.026,2.252,-1.352,0.0
Zone_42,9,University_District,PERIODIC_SPIKE,7369,58,58.0,33.37,0.575,33.37,56.19,1,Normal,Good,0,2,1,34.77,28.86,59.37,5.0,0.0,0.0,0.599,37.59,37.78,53.01,5.5,0.0,0.0,0.701,-1.4,4.51,-3.18,-4.0,-0.024,0.0,-4.03,15.63,-5.36,4.528,-3.4,0.23,2.722,0.0
Zone_42,10,University_District,PERIODIC_SPIKE,7369,58,43.22,34.99,0.81,53.19,41.1,8,Light Rain,Moderate,1,2,1,33.37,33.37,56.19,1.0,2.0,1.0,0.575,37.39,37.41,53.22,3.5,2.0,0.25,0.681,1.62,19.82,-15.09,7.0,0.235,2.0,4.85,59.39,-26.86,4.748,-6.187,-2.746,4.846,0.3
Zone_42,11,University_District,PERIODIC_SPIKE,7369,58,58.0,34.3,0.591,34.74,54.77,5,Normal,Good,0,1,1,34.99,53.19,41.1,8.0,2.0,1.0,0.81,36.02,37.78,53.22,3.75,4.0,0.5,0.672,-0.69,-18.45,13.67,-3.0,-0.219,0.0,-1.97,-34.69,33.26,4.655,5.695,-1.931,-4.86,0.4
Zone_42,12,University_District,PERIODIC_SPIKE,7369,58,58.0,29.99,0.517,20.51,62.32,2,Normal,Good,0,0,0,34.3,34.74,54.77,5.0,1.0,1.0,0.591,34.36,37.54,52.86,4.75,5.0,0.75,0.644,-4.31,-14.23,7.55,-3.0,-0.074,-1.0,-12.57,-40.96,13.78,4.07,3.746,0.021,-2.889,0.3
Zone_42,13,University_District,PERIODIC_SPIKE,7369,58,58.0,24.63,0.425,19.35,58.63,0,Normal,Good,0,0,0,29.99,20.51,62.32,2.0,0.0,0.0,0.517,33.16,35.45,53.6,4.0,5.0,0.75,0.623,-5.36,-1.16,-3.69,-2.0,-0.092,-1.0,-17.87,-5.66,-5.92,3.342,-5.703,-1.083,3.206,-0.3
Zone_42,14,University_District,PERIODIC_SPIKE,7369,58,58.0,28.78,0.496,21.59,56.38,3,Normal,Good,0,0,0,24.63,19.35,58.63,0.0,0.0,0.0,0.425,30.98,31.95,54.2,3.75,3.0,0.5,0.586,4.15,2.24,-2.25,3.0,0.071,0.0,16.85,11.58,-3.84,3.906,-11.575,-3.539,6.014,-0.4
Zone_42,15,University_District,PERIODIC_SPIKE,7369,58,52.2,35.68,0.684,33.3,59.09,3,Normal,Good,1,0,0,28.78,21.59,56.38,3.0,0.0,0.0,0.496,29.42,24.05,58.03,2.5,1.0,0.25,0.507,6.9,11.71,2.71,0.0,0.188,0.0,23.97,54.24,4.81,4.842,-4.061,-2.192,0.114,-0.3
Zone_42,16,University_District,PERIODIC_SPIKE,7369,58,58.0,41.04,0.708,38.83,54.89,8,Normal,Good,0,1,1,35.68,33.3,59.09,3.0,0.0,0.0,0.684,29.77,23.69,59.1,2.0,0.0,0.0,0.53,5.36,5.53,-4.2,5.0,0.024,0.0,15.02,16.61,-7.11,5.569,4.061,2.122,-1.194,0.0
Zone_42,17,University_District,PERIODIC_SPIKE,7369,58,58.0,32.22,0.556,25.5,58.15,2,Normal,Good,0,0,0,41.04,38.83,54.89,8.0,1.0,1.0,0.708,32.53,28.27,57.25,3.5,1.0,0.25,0.578,-8.82,-13.33,3.26,-6.0,-0.152,1.0,-21.49,-34.33,5.94,4.372,7.015,5.613,-0.851,0.3
Zone_42,18,University_District,PERIODIC_SPIKE,7369,58,40.82,38.84,0.951,65.11,37.28,6,Light Rain,Moderate,1,0,0,32.22,25.5,58.15,2.0,0.0,0.0,0.556,34.43,29.8,57.13,4.0,1.0,0.25,0.611,6.62,39.61,-20.87,4.0,0.395,-1.0,20.55,155.33,-35.89,5.271,1.726,1.568,0.111,0.1
Zone_42,19,University_District,PERIODIC_SPIKE,7369,58,49.3,42.96,0.871,52.25,45.14,9,Normal,Good,1,0,0,38.84,65.11,37.28,6.0,0.0,0.0,0.951,36.94,40.68,52.35,4.75,1.0,0.25,0.725,4.12,-12.86,7.86,3.0,-0.08,0.0,10.61,-19.75,21.08,5.83,8.21,0.066,-6.217,-0.1
Zone_42,20,University_District,PERIODIC_SPIKE,7369,58,52.2,44.61,0.855,49.32,51.55,5,Normal,Good,1,0,0,42.96,52.25,45.14,9.0,0.0,0.0,0.871,38.76,45.42,48.86,6.25,1.0,0.25,0.772,1.65,-2.93,6.41,-4.0,-0.016,0.0,3.84,-5.61,14.2,6.054,7.987,1.238,-5.012,-0.3
Zone_42,21,University_District,PERIODIC_SPIKE,7369,58,58.0,36.87,0.636,27.76,56.67,4,Normal,Good,0,0,0,44.61,49.32,51.55,5.0,0.0,0.0,0.855,39.66,48.04,48.03,5.5,0.0,0.0,0.808,-7.74,-21.56,5.12,-1.0,-0.219,0.0,-17.35,-43.71,9.93,5.003,5.86,4.129,-1.194,0.0
Zone_42,22,University_District,PERIODIC_SPIKE,7369,58,58.0,39.45,0.68,38.29,55.06,2,Normal,Good,0,0,0,36.87,27.76,56.67,4.0,0.0,0.0,0.636,40.82,48.61,47.66,6.0,0.0,0.0,0.828,2.58,10.53,-1.61,-2.0,0.044,0.0,7.0,37.93,-2.84,5.354,-11.498,-0.426,6.458,0.0
Zone_42,23,University_District,PERIODIC_SPIKE,7369,58,58.0,40.16,0.692,35.75,57.32,4,Normal,Good,0,0,0,39.45,38.29,55.06,2.0,0.0,0.0,0.68,40.97,41.9,52.1,5.0,0.0,0.0,0.761,0.71,-2.54,2.26,2.0,0.012,0.0,1.8,-6.63,4.1,5.45,-6.344,-1.827,3.488,0.0
Zone_42,24,University_District,PERIODIC_SPIKE,7369,58,48.02,32.79,0.683,42.32,43.88,7,Light Rain,Moderate,0,0,0,40.16,35.75,57.32,4.0,0.0,0.0,0.692,40.27,37.78,55.15,3.75,0.0,0.0,0.716,-7.37,6.57,-13.44,3.0,-0.009,0.0,-18.35,18.38,-23.45,4.45,-3.018,-1.077,1.57,0.0
Zone_42,25,University_District,PERIODIC_SPIKE,7369,58,52.2,41.03,0.786,41.3,54.19,6,Normal,Good,1,0,0,32.79,42.32,43.88,7.0,0.0,0.0,0.683,37.32,36.03,53.23,4.25,0.0,0.0,0.673,8.24,-1.02,10.31,-1.0,0.103,0.0,25.13,-2.41,23.5,5.568,4.114,-1.153,-3.611,0.0
Zone_42,26,University_District,PERIODIC_SPIKE,7369,58,58.0,46.33,0.799,45.87,54.4,5,Normal,Good,0,1,1,41.03,41.3,54.19,6.0,0.0,0.0,0.786,38.36,39.42,52.61,4.75,0.0,0.0,0.71,5.3,4.57,0.21,-1.0,0.013,0.0,12.92,11.07,0.39,6.287,1.56,-0.263,-1.605,0.0
Zone_42,27,University_District,PERIODIC_SPIKE,7369,58,58.0,47.35,0.816,44.3,51.05,5,Normal,Good,0,0,0,46.33,45.87,54.4,5.0,1.0,1.0,0.799,40.08,41.31,52.45,5.5,1.0,0.25,0.74,1.02,-1.57,-3.35,0.0,0.017,1.0,2.2,-3.42,-6.16,6.426,2.934,2.675,0.155,0.3
Zone_42,28,University_District,PERIODIC_SPIKE,7369,58,58.0,39.83,0.687,40.89,53.37,4,Normal,Good,0,1,1,47.35,44.3,51.05,5.0,0.0,0.0,0.816,41.88,43.45,50.88,5.75,1.0,0.25,0.771,-7.52,-3.41,2.32,-1.0,-0.129,-1.0,-15.88,-7.7,4.54,5.405,1.051,4.898,2.172,0.1
Zone_42,29,University_District,PERIODIC_SPIKE,7369,58,58.0,32.64,0.563,27.78,57.7,3,Normal,Good,0,0,0,39.83,40.89,53.37,4.0,1.0,1.0,0.687,43.64,43.09,53.25,5.0,2.0,0.5,0.772,-7.19,-13.11,4.33,-1.0,-0.124,1.0,-18.05,-32.06,8.11,4.429,-0.28,-0.258,-0.581,0.2
Zone_42,30,University_District,PERIODIC_SPIKE,7369,58,52.2,37.05,0.71,37.64,53.76,10,Normal,Good,1,0,0,32.64,27.78,57.7,3.0,0.0,0.0,0.563,41.54,39.71,54.13,4.25,2.0,0.5,0.716,4.41,9.86,-3.94,7.0,0.147,-1.0,13.51,35.49,-6.83,5.028,-5.768,-4.859,1.222,-0.2
Zone_42,31,University_District,PERIODIC_SPIKE,7369,58,48.02,33.35,0.695,40.33,48.56,7,Light Rain,Moderate,0,1,1,37.05,37.64,53.76,10.0,0.0,0.0,0.71,39.22,37.65,53.97,5.5,1.0,0.25,0.694,-3.7,2.69,-5.2,-3.0,-0.015,0.0,-9.99,7.15,-9.67,4.526,-3.309,-3.809,1.246,-0.1
Zone_42,32,University_District,PERIODIC_SPIKE,7369,58,58.0,36.17,0.624,32.41,53.55,2,Normal,Good,0,0,0,33.35,40.33,48.56,7.0,1.0,1.0,0.695,35.72,36.66,53.35,6.0,2.0,0.5,0.664,2.82,-7.92,4.99,-5.0,-0.071,1.0,8.46,-19.64,10.28,4.908,0.818,-1.503,-1.837,0.0
Zone_42,33,University_District,PERIODIC_SPIKE,7369,58,58.0,35.79,0.617,32.05,57.09,7,Normal,Good,0,0,0,36.17,32.41,53.55,2.0,0.0,0.0,0.624,34.8,34.54,53.39,5.5,1.0,0.25,0.648,-0.38,-0.36,3.54,5.0,-0.007,-1.0,-1.05,-1.11,6.61,4.857,1.658,0.689,-1.765,0.1
Zone_42,34,University_District,PERIODIC_SPIKE,7369,58,48.02,35.65,0.742,49.04,45.75,6,Light Rain,Moderate,0,0,0,35.79,32.05,57.09,7.0,0.0,0.0,0.617,35.59,35.61,53.24,6.5,1.0,0.25,0.662,-0.14,16.99,-11.34,-1.0,0.125,0.0,-0.39,53.01,-19.86,4.838,-2.469,-0.096,1.498,-0.1
Zone_42,35,University_District,PERIODIC_SPIKE,7369,58,43.22,46.28,1.071,74.33,30.09,16,Light Rain,Moderate,1,2,1,35.65,49.04,45.75,6.0,0.0,0.0,0.742,35.24,38.46,51.24,5.5,1.0,0.25,0.67,10.63,25.29,-15.66,10.0,0.329,0.0,29.82,51.57,-34.23,6.28,2.577,0.652,-0.489,-0.3
Zone_42,36,University_District,PERIODIC_SPIKE,7369,58,33.93,48.52,1.43,100.0,10.0,7,Heavy Rain,Poor,0,2,1,46.28,74.33,30.09,16.0,2.0,1.0,1.071,38.47,46.96,46.62,7.75,2.0,0.25,0.764,2.24,25.67,-20.09,-9.0,0.359,2.0,4.84,34.54,-66.77,6.584,14.275,3.019,-8.172,0.3
Zone_42,37,University_District,PERIODIC_SPIKE,7369,58,58.0,44.73,0.771,45.64,52.18,1,Normal,Good,0,0,0,48.52,100.0,10.0,7.0,2.0,1.0,1.43,41.56,63.86,35.73,9.0,4.0,0.5,0.965,-3.79,-54.36,42.18,-6.0,-0.659,0.0,-7.81,-54.36,421.8,6.07,22.914,4.882,-15.693,0.4
Zone_42,38,University_District,PERIODIC_SPIKE,7369,58,58.0,34.9,0.602,23.34,58.26,5,Normal,Good,0,0,0,44.73,45.64,52.18,1.0,0.0,0.0,0.771,43.8,67.25,34.51,7.5,4.0,0.5,1.004,-9.83,-22.3,6.08,4.0,-0.169,-2.0,-21.98,-48.86,11.65,4.736,1.547,2.948,-0.08,0.0
Zone_42,39,University_District,PERIODIC_SPIKE,7369,58,58.0,34.56,0.596,33.14,55.48,5,Normal,Good,0,0,0,34.9,23.34,58.26,5.0,0.0,0.0,0.602,43.61,60.83,37.63,7.25,4.0,0.5,0.968,-0.34,9.8,-2.78,0.0,-0.006,0.0,-0.97,41.99,-4.77,4.69,-20.733,-3.793,12.669,-0.4
Zone_42,40,University_District,PERIODIC_SPIKE,7369,58,52.2,34.31,0.657,35.64,56.51,11,Normal,Good,1,0,0,34.56,33.14,55.48,5.0,0.0,0.0,0.596,40.68,50.53,43.98,4.5,2.0,0.25,0.85,-0.25,2.5,1.03,6.0,0.061,0.0,-0.72,7.54,1.86,4.656,-22.288,-5.171,14.252,-0.3
Zone_42,41,University_District,PERIODIC_SPIKE,7369,58,58.0,29.54,0.509,20.91,59.17,5,Normal,Good,0,0,0,34.31,35.64,56.51,11.0,0.0,0.0,0.657,37.12,34.44,55.61,5.5,0.0,0.0,0.657,-4.77,-14.73,2.66,-6.0,-0.148,0.0,-13.9,-41.33,4.71,4.009,-2.02,-3.16,1.021,0.0
Zone_42,42,University_District,PERIODIC_SPIKE,7369,58,58.0,35.0,0.603,31.36,57.57,4,Normal,Good,0,0,0,29.54,20.91,59.17,5.0,0.0,0.0,0.509,33.33,28.26,57.36,6.5,0.0,0.0,0.591,5.46,10.45,-1.6,-1.0,0.094,0.0,18.48,49.98,-2.7,4.75,-0.479,-1.633,0.376,0.0
Zone_42,43,University_District,PERIODIC_SPIKE,7369,58,58.0,33.03,0.569,25.1,61.9,3,Normal,Good,0,0,0,35.0,31.36,57.57,4.0,0.0,0.0,0.603,33.35,30.26,57.18,6.25,0.0,0.0,0.591,-1.97,-6.26,4.33,-1.0,-0.034,0.0,-5.63,-19.96,7.52,4.482,-2.007,-0.345,0.893,0.0
Zone_42,44,University_District,PERIODIC_SPIKE,7369,58,58.0,30.13,0.519,25.38,61.27,6,Normal,Good,0,0,0,33.03,25.1,61.9,3.0,0.0,0.0,0.569,32.97,28.25,58.79,5.75,0.0,0.0,0.584,-2.9,0.28,-0.63,3.0,-0.05,0.0,-8.78,1.12,-1.02,4.089,-2.117,0.162,1.457,0.0
Zone_42,45,University_District,PERIODIC_SPIKE,7369,58,52.2,30.53,0.585,30.04,61.31,9,Normal,Good,1,0,0,30.13,25.38,61.27,6.0,0.0,0.0,0.519,31.92,25.69,59.98,4.5,0.0,0.0,0.55,0.4,4.66,0.04,3.0,0.066,0.0,1.33,18.36,0.07,4.143,0.715,-0.02,1.063,0.0
Zone_42,46,University_District,PERIODIC_SPIKE,7369,58,58.0,34.29,0.591,29.44,55.34,4,Normal,Good,0,0,0,30.53,30.04,61.31,9.0,0.0,0.0,0.585,32.17,27.97,60.51,5.5,0.0,0.0,0.569,3.76,-0.6,-5.97,-5.0,0.006,0.0,12.32,-2.0,-9.74,4.653,-0.368,-1.631,1.059,0.0
Zone_42,47,University_District,PERIODIC_SPIKE,7369,58,58.0,36.0,0.621,32.39,59.69,3,Normal,Good,0,1,1,34.29,29.44,55.34,4.0,0.0,0.0,0.591,32.0,27.49,59.96,5.5,0.0,0.0,0.566,1.71,2.95,4.35,-1.0,0.03,0.0,4.99,10.02,7.86,4.885,1.768,0.418,-1.964,0.0
Zone_42,48,University_District,PERIODIC_SPIKE,7369,58,58.0,33.27,0.574,24.01,58.88,0,Normal,Good,0,0,0,36.0,32.39,59.69,3.0,1.0,1.0,0.621,32.74,29.31,59.4,5.5,1.0,0.25,0.579,-2.73,-8.38,-0.81,-3.0,-0.047,1.0,-7.58,-25.87,-1.36,4.515,2.043,2.137,-1.071,0.3
Zone_42,49,University_District,PERIODIC_SPIKE,7369,58,58.0,28.24,0.487,24.21,59.73,2,Normal,Good,0,1,1,33.27,24.01,58.88,0.0,0.0,0.0,0.574,33.52,28.97,58.8,4.0,1.0,0.25,0.593,-5.03,0.2,0.85,2.0,-0.087,-1.0,-15.12,0.83,1.44,3.832,-1.514,0.993,-0.294,0.1
Zone_42,50,University_District,PERIODIC_SPIKE,7369,58,52.2,43.34,0.83,46.98,47.34,10,Normal,Good,1,1,1,28.24,24.21,59.73,2.0,1.0,1.0,0.487,32.95,27.51,58.41,2.25,2.0,0.5,0.568,15.1,22.77,-12.39,8.0,0.343,1.0,53.47,94.05,-20.74,5.881,-2.407,-2.088,1.236,0.2
Zone_42,51,University_District,PERIODIC_SPIKE,7369,58,58.0,34.72,0.599,29.69,57.48,7,Normal,Good,0,0,0,43.34,46.98,47.34,10.0,1.0,1.0,0.83,35.21,31.9,56.41,3.75,3.0,0.75,0.628,-8.62,-17.29,10.14,-3.0,-0.231,0.0,-19.89,-36.8,21.42,4.712,4.397,1.699,-3.62,0.1
Zone_42,52,University_District,PERIODIC_SPIKE,7369,58,58.0,39.88,0.688,41.53,53.87,1,Normal,Good,0,0,0,34.72,29.69,57.48,7.0,0.0,0.0,0.599,34.89,31.22,55.86,4.75,2.0,0.5,0.622,5.16,11.84,-3.61,-6.0,0.089,-1.0,14.86,39.88,-6.28,5.412,3.981,1.945,-1.659,0.0
Zone_43,1,Commercial_Downtown,STABLE,3988,78,78.0,20.3,0.26,11.39,64.02,5,Normal,Good,0,0,0,,,,,,,,,,,,,,,,,,,,,,,,5.09,,,,
Zone_43,2,Commercial_Downtown,STABLE,3988,78,78.0,18.02,0.231,11.75,62.72,8,Normal,Good,0,0,0,20.3,11.39,64.02,5.0,0.0,0.0,0.26,,,,,,,,-2.28,0.36,-1.3,3.0,-0.029,,-11.23,3.16,-2.03,4.519,,,,
Zone_43,3,Commercial_Downtown,STABLE,3988,78,78.0,14.27,0.183,8.62,62.03,2,Normal,Good,0,0,0,18.02,11.75,62.72,8.0,0.0,0.0,0.231,,,,,,,,-3.75,-3.13,-0.69,-6.0,-0.048,0.0,-20.81,-26.64,-1.1,3.578,,,,
Zone_43,4,Commercial_Downtown,STABLE,3988,78,78.0,19.83,0.254,16.36,60.41,4,Normal,Good,0,0,0,14.27,8.62,62.03,2.0,0.0,0.0,0.183,,,,,,,,5.56,7.74,-1.62,2.0,0.071,0.0,38.96,89.79,-2.61,4.972,,,,
Zone_43,5,Commercial_Downtown,STABLE,3988,78,64.58,17.16,0.266,16.09,56.38,4,Light Rain,Moderate,0,0,0,19.83,16.36,60.41,4.0,0.0,0.0,0.254,18.1,12.03,62.3,4.75,0.0,0.0,0.232,-2.67,-0.27,-4.03,0.0,0.012,0.0,-13.46,-1.65,-6.67,4.303,1.178,-0.516,-1.152,0.0
Zone_43,6,Commercial_Downtown,STABLE,3988,78,78.0,17.63,0.226,10.25,61.04,3,Normal,Good,0,0,0,17.16,16.09,56.38,4.0,0.0,0.0,0.266,17.32,13.2,60.39,4.5,0.0,0.0,0.234,0.47,-5.84,4.66,-1.0,-0.04,0.0,2.74,-36.3,8.27,4.421,2.076,0.298,-2.064,0.0
Zone_43,7,Commercial_Downtown,STABLE,3988,78,78.0,15.43,0.198,15.01,63.93,5,Normal,Good,0,0,0,17.63,10.25,61.04,3.0,0.0,0.0,0.226,17.22,12.83,59.96,3.25,0.0,0.0,0.232,-2.2,4.76,2.89,2.0,-0.028,0.0,-12.48,46.44,4.73,3.869,0.462,0.741,-0.7,0.0
Zone_43,8,Commercial_Downtown,STABLE,3988,78,78.0,10.14,0.13,5.96,65.53,3,Normal,Good,0,1,1,15.43,15.01,63.93,5.0,0.0,0.0,0.198,17.51,14.43,60.44,4.0,0.0,0.0,0.236,-5.29,-9.05,1.6,-2.0,-0.068,0.0,-34.28,-60.29,2.5,2.543,-0.989,-1.273,1.522,0.0
Zone_43,9,Commercial_Downtown,STABLE,3988,78,78.0,9.96,0.128,9.6,62.5,1,Normal,Good,0,0,0,10.14,5.96,65.53,3.0,1.0,1.0,0.13,15.09,11.83,61.72,3.75,1.0,0.25,0.205,-0.18,3.64,-3.03,-2.0,-0.002,1.0,-1.78,61.07,-4.62,2.497,-2.563,-2.326,3.034,0.3
Zone_43,10,Commercial_Downtown,STABLE,3988,78,64.58,17.22,0.267,16.09,52.62,6,Light Rain,Moderate,0,0,0,9.96,9.6,62.5,1.0,0.0,0.0,0.128,13.29,10.2,63.25,3.0,1.0,0.25,0.17,7.26,6.49,-9.88,5.0,0.139,-1.0,72.89,67.6,-15.81,4.318,-1.1,-2.83,0.598,0.1
Zone_43,11,Commercial_Downtown,STABLE,3988,78,78.0,14.69,0.188,11.42,64.77,4,Normal,Good,0,0,0,17.22,16.09,52.62,6.0,0.0,0.0,0.267,13.19,11.66,61.14,3.75,1.0,0.25,0.181,-2.53,-4.67,12.15,-2.0,-0.079,0.0,-14.69,-29.02,23.09,3.684,0.688,0.519,-3.696,-0.1
Zone_43,12,Commercial_Downtown,STABLE,3988,78,78.0,11.58,0.148,11.08,60.52,8,Normal,Good,0,0,0,14.69,11.42,64.77,4.0,0.0,0.0,0.188,13.0,10.77,61.36,3.5,1.0,0.25,0.178,-3.11,-0.34,-4.25,4.0,-0.04,0.0,-21.17,-2.98,-6.56,2.904,2.287,2.091,-1.216,-0.3
Zone_43,13,Commercial_Downtown,STABLE,3988,78,78.0,12.46,0.16,7.64,66.06,4,Normal,Good,0,0,0,11.58,11.08,60.52,8.0,0.0,0.0,0.148,13.36,12.05,60.1,4.75,0.0,0.0,0.183,0.88,-3.44,5.54,-4.0,0.012,0.0,7.6,-31.05,9.15,3.124,-0.023,0.233,0.621,0.0
Zone_43,14,Commercial_Downtown,STABLE,3988,78,78.0,16.07,0.206,7.74,62.4,1,Normal,Good,0,0,0,12.46,7.64,66.06,4.0,0.0,0.0,0.16,13.99,11.56,60.99,5.5,0.0,0.0,0.191,3.61,0.1,-3.66,-3.0,0.046,0.0,28.97,1.31,-5.54,4.03,-2.569,-1.739,3.607,0.0
Zone_43,15,Commercial_Downtown,STABLE,3988,78,78.0,18.19,0.233,9.77,62.75,2,Normal,Good,0,0,0,16.07,7.74,62.4,1.0,0.0,0.0,0.206,13.7,9.47,63.44,4.25,0.0,0.0,0.176,2.12,2.03,0.35,1.0,0.027,0.0,13.19,26.23,0.56,4.561,-1.448,0.502,-0.157,0.0
Zone_43,16,Commercial_Downtown,STABLE,3988,78,78.0,27.01,0.346,16.26,58.9,2,Normal,Good,0,0,0,18.19,9.77,62.75,2.0,0.0,0.0,0.233,14.58,9.06,62.93,3.75,0.0,0.0,0.187,8.82,6.49,-3.85,0.0,0.113,0.0,48.49,66.43,-6.14,6.773,-0.383,2.344,0.303,0.0
Zone_43,17,Commercial_Downtown,STABLE,3988,78,78.0,23.03,0.295,12.93,64.54,3,Normal,Good,0,0,0,27.01,16.26,58.9,2.0,0.0,0.0,0.346,18.43,10.35,62.53,2.25,0.0,0.0,0.236,-3.98,-3.33,5.64,1.0,-0.051,0.0,-14.74,-20.48,9.58,5.775,2.789,4.577,-2.113,0.0
Zone_43,18,Commercial_Downtown,STABLE,3988,78,66.3,29.15,0.44,18.45,62.7,13,Normal,Good,1,0,0,23.03,12.93,64.54,3.0,0.0,0.0,0.295,21.08,11.68,62.15,2.0,0.0,0.0,0.27,6.12,5.52,-1.84,10.0,0.145,0.0,26.57,42.69,-2.85,7.309,2.206,2.97,0.257,0.0
Zone_43,19,Commercial_Downtown,STABLE,3988,78,66.3,27.72,0.418,19.8,61.03,6,Normal,Good,1,0,0,29.15,18.45,62.7,13.0,0.0,0.0,0.44,24.35,14.35,62.22,5.0,0.0,0.0,0.328,-1.43,1.35,-1.67,-7.0,-0.022,0.0,-4.91,7.32,-2.66,6.951,2.271,2.89,0.549,0.0
Zone_43,20,Commercial_Downtown,STABLE,3988,78,78.0,27.31,0.35,12.71,62.35,3,Normal,Good,0,2,1,27.72,19.8,61.03,6.0,0.0,0.0,0.418,26.73,16.86,61.79,6.0,0.0,0.0,0.375,-0.41,-7.09,1.32,-3.0,-0.068,0.0,-1.48,-35.81,2.16,6.848,1.614,0.825,0.455,0.0
Zone_43,21,Commercial_Downtown,STABLE,3988,78,78.0,23.58,0.302,12.3,61.82,3,Normal,Good,0,0,0,27.31,12.71,62.35,3.0,2.0,1.0,0.35,26.8,15.97,62.66,6.25,2.0,0.25,0.376,-3.73,-0.41,-0.53,0.0,-0.048,2.0,-13.66,-3.23,-0.85,5.913,0.069,1.141,-0.824,0.3
Zone_43,22,Commercial_Downtown,STABLE,3988,78,78.0,21.69,0.278,10.19,65.0,4,Normal,Good,0,0,0,23.58,12.3,61.82,3.0,0.0,0.0,0.302,26.94,15.82,61.98,6.25,2.0,0.25,0.378,-1.89,-2.11,3.18,1.0,-0.024,-2.0,-8.02,-17.15,5.14,5.439,-2.554,-1.712,-0.132,0.1
Zone_43,23,Commercial_Downtown,STABLE,3988,78,78.0,18.04,0.231,5.22,65.29,5,Normal,Good,0,0,0,21.69,10.19,65.0,4.0,0.0,0.0,0.278,25.08,13.75,62.55,4.0,2.0,0.25,0.337,-3.65,-4.97,0.29,1.0,-0.047,0.0,-16.83,-48.77,0.45,4.524,-2.924,-2.182,1.138,-0.1
Zone_43,24,Commercial_Downtown,STABLE,3988,78,78.0,22.41,0.287,10.63,61.7,5,Normal,Good,0,0,0,18.04,5.22,65.29,5.0,0.0,0.0,0.231,22.66,10.1,63.62,3.75,2.0,0.25,0.29,4.37,5.41,-3.59,0.0,0.056,0.0,24.22,103.64,-5.5,5.619,-2.458,-2.97,1.2,-0.3
Zone_43,25,Commercial_Downtown,STABLE,3988,78,78.0,18.6,0.238,8.81,66.42,7,Normal,Good,0,0,0,22.41,10.63,61.7,5.0,0.0,0.0,0.287,21.43,9.59,63.45,4.25,0.0,0.0,0.274,-3.81,-1.82,4.72,2.0,-0.049,0.0,-17.0,-17.12,7.65,4.664,-0.998,-0.716,-0.007,0.0
Zone_43,26,Commercial_Downtown,STABLE,3988,78,78.0,23.73,0.304,12.4,62.43,6,Normal,Good,0,1,1,18.6,8.81,66.42,7.0,0.0,0.0,0.238,20.18,8.71,64.6,5.25,0.0,0.0,0.258,5.13,3.59,-3.99,-1.0,0.066,0.0,27.58,40.75,-6.01,5.95,0.127,-0.49,0.067,0.0
Zone_43,27,Commercial_Downtown,STABLE,3988,78,78.0,25.08,0.322,12.93,63.07,6,Normal,Good,0,0,0,23.73,12.4,62.43,6.0,1.0,1.0,0.304,20.7,9.26,63.96,5.75,1.0,0.25,0.265,1.35,0.53,0.64,0.0,0.018,1.0,5.69,4.27,1.03,6.289,1.972,1.326,-0.386,0.3
Zone_43,28,Commercial_Downtown,STABLE,3988,78,78.0,23.87,0.306,10.18,62.44,2,Normal,Good,0,0,0,25.08,12.93,63.07,6.0,0.0,0.0,0.322,22.46,11.19,63.4,6.0,1.0,0.25,0.288,-1.21,-2.75,-0.63,-4.0,-0.016,-1.0,-4.82,-21.27,-1.0,5.985,1.049,1.314,0.012,0.1
Zone_43,29,Commercial_Downtown,STABLE,3988,78,78.0,24.95,0.32,11.98,61.59,2,Normal,Good,0,0,0,23.87,10.18,62.44,2.0,0.0,0.0,0.306,22.82,11.08,63.59,5.25,1.0,0.25,0.292,1.08,1.8,-0.85,0.0,0.014,0.0,4.52,17.68,-1.36,6.256,0.464,1.716,-1.13,-0.1
Zone_43,30,Commercial_Downtown,STABLE,3988,78,78.0,20.09,0.258,13.56,65.86,5,Normal,Good,0,0,0,24.95,11.98,61.59,2.0,0.0,0.0,0.32,24.41,11.87,62.38,4.0,1.0,0.25,0.313,-4.86,1.58,4.27,3.0,-0.062,0.0,-19.48,13.19,6.93,5.038,-0.401,0.245,-0.315,-0.3
Zone_43,31,Commercial_Downtown,STABLE,3988,78,64.58,18.76,0.29,15.2,53.68,4,Light Rain,Moderate,0,0,0,20.09,13.56,65.86,5.0,0.0,0.0,0.258,23.5,12.16,63.24,3.75,0.0,0.0,0.302,-1.33,1.64,-12.18,-1.0,0.032,0.0,-6.62,12.09,-18.49,4.704,0.369,-1.389,0.752,0.0
Zone_43,32,Commercial_Downtown,STABLE,3988,78,64.58,17.45,0.27,10.63,55.71,6,Light Rain,Moderate,0,0,0,18.76,15.2,53.68,4.0,0.0,0.0,0.29,21.92,12.73,60.89,3.25,0.0,0.0,0.294,-1.31,-4.57,2.03,2.0,-0.02,0.0,-6.98,-30.07,3.78,4.376,1.664,-2.019,-2.201,0.0
Zone_43,33,Commercial_Downtown,STABLE,3988,78,45.63,18.03,0.395,20.85,40.89,2,Heavy Rain,Poor,0,0,0,17.45,10.63,55.71,6.0,0.0,0.0,0.27,20.31,12.84,59.21,4.25,0.0,0.0,0.284,0.58,10.22,-14.82,-4.0,0.125,0.0,3.32,96.14,-26.6,4.521,-0.241,-2.383,-2.982,0.0
Zone_43,34,Commercial_Downtown,STABLE,3988,78,78.0,14.06,0.18,5.32,64.92,5,Normal,Good,0,0,0,18.03,20.85,40.89,2.0,0.0,0.0,0.395,18.58,15.06,54.04,4.25,0.0,0.0,0.303,-3.97,-15.53,24.03,3.0,-0.215,0.0,-22.02,-74.48,58.77,3.526,1.73,-0.749,-7.288,0.0
Zone_43,35,Commercial_Downtown,STABLE,3988,78,64.58,14.86,0.23,10.97,52.68,3,Light Rain,Moderate,0,0,0,14.06,5.32,64.92,5.0,0.0,0.0,0.18,17.08,13.0,53.8,4.25,0.0,0.0,0.284,0.8,5.65,-12.24,-2.0,0.05,0.0,5.69,106.2,-18.85,3.726,-1.942,-1.352,1.89,0.0
Zone_43,36,Commercial_Downtown,STABLE,3988,78,45.63,18.12,0.397,27.07,39.25,4,Heavy Rain,Poor,0,2,1,14.86,10.97,52.68,3.0,0.0,0.0,0.23,16.1,11.94,53.55,4.0,0.0,0.0,0.269,3.26,16.1,-13.43,1.0,0.167,0.0,21.94,146.76,-25.49,4.544,-1.451,-1.174,1.494,0.0
Zone_43,37,Commercial_Downtown,STABLE,3988,78,78.0,15.1,0.194,10.46,62.91,6,Normal,Good,0,0,0,18.12,27.07,39.25,4.0,2.0,1.0,0.397,16.27,16.05,49.44,3.5,2.0,0.25,0.3,-3.02,-16.61,23.66,2.0,-0.203,2.0,-16.67,-61.36,60.28,3.786,2.431,0.107,-1.716,0.3
Zone_43,38,Commercial_Downtown,STABLE,3988,78,62.4,21.66,0.347,21.86,58.91,8,Normal,Good,1,0,0,15.1,10.46,62.91,6.0,0.0,0.0,0.194,15.54,13.46,54.94,4.5,2.0,0.25,0.25,6.56,11.4,-4.0,2.0,0.153,-2.0,43.44,108.99,-6.36,5.431,3.152,0.638,-1.946,0.1
Zone_43,39,Commercial_Downtown,STABLE,3988,78,62.4,30.94,0.496,24.7,62.11,7,Normal,Good,1,0,0,21.66,21.86,58.91,8.0,0.0,0.0,0.347,17.44,17.59,53.44,5.25,2.0,0.25,0.292,9.28,2.84,3.2,-1.0,0.149,0.0,42.84,12.99,5.43,7.758,1.606,1.738,4.235,-0.1
Zone_43,40,Commercial_Downtown,STABLE,3988,78,62.4,27.55,0.442,24.09,60.07,4,Normal,Good,1,0,0,30.94,24.7,62.11,7.0,0.0,0.0,0.496,21.46,21.02,55.8,6.25,2.0,0.25,0.358,-3.39,-0.61,-2.04,-3.0,-0.054,0.0,-10.96,-2.47,-3.28,6.908,0.429,4.502,6.458,-0.3
Zone_43,41,Commercial_Downtown,STABLE,3988,78,78.0,28.71,0.368,19.43,60.25,5,Normal,Good,0,0,0,27.55,24.09,60.07,4.0,0.0,0.0,0.442,23.81,20.28,61.0,6.25,0.0,0.0,0.37,1.16,-4.66,0.18,1.0,-0.074,0.0,4.21,-19.34,0.3,7.199,4.373,4.663,-0.532,0.0
Zone_43,42,Commercial_Downtown,STABLE,3988,78,78.0,21.97,0.282,10.13,62.8,2,Normal,Good,0,0,0,28.71,19.43,60.25,5.0,0.0,0.0,0.368,27.22,22.52,60.34,6.0,0.0,0.0,0.413,-6.74,-9.3,2.55,-3.0,-0.086,0.0,-23.48,-47.86,4.23,5.509,-0.79,1.776,0.198,0.0
Zone_43,43,Commercial_Downtown,STABLE,3988,78,78.0,13.37,0.171,11.57,60.45,7,Normal,Good,0,0,0,21.97,10.13,62.8,2.0,0.0,0.0,0.282,27.29,19.59,61.31,4.5,0.0,0.0,0.397,-8.6,1.44,-2.35,5.0,-0.111,0.0,-39.14,14.22,-3.74,3.353,-4.837,-2.575,0.225,0.0
Zone_43,44,Commercial_Downtown,STABLE,3988,78,78.0,10.86,0.139,6.27,62.15,3,Normal,Good,0,0,0,13.37,11.57,60.45,7.0,0.0,0.0,0.171,22.9,16.3,60.89,4.5,0.0,0.0,0.316,-2.51,-5.3,1.7,-4.0,-0.032,0.0,-18.77,-45.81,2.81,2.723,-4.686,-4.928,0.369,0.0
Zone_43,45,Commercial_Downtown,STABLE,3988,78,78.0,16.6,0.213,7.84,64.68,4,Normal,Good,0,0,0,10.86,6.27,62.15,3.0,0.0,0.0,0.139,18.73,11.85,61.41,4.25,0.0,0.0,0.24,5.74,1.57,2.53,1.0,0.074,0.0,52.85,25.04,4.07,4.162,-3.804,-6.215,0.335,0.0
Zone_43,46,Commercial_Downtown,STABLE,3988,78,78.0,24.67,0.316,16.68,62.54,4,Normal,Good,0,0,0,16.6,7.84,64.68,4.0,0.0,0.0,0.213,15.7,8.95,62.52,4.0,0.0,0.0,0.201,8.07,8.84,-2.14,0.0,0.103,0.0,48.61,112.75,-3.31,6.186,-1.217,-1.862,0.734,0.0
Zone_43,47,Commercial_Downtown,STABLE,3988,78,78.0,26.13,0.335,17.64,60.27,3,Normal,Good,0,0,0,24.67,16.68,62.54,4.0,0.0,0.0,0.316,16.38,10.59,62.46,4.5,0.0,0.0,0.21,1.46,0.96,-2.27,-1.0,0.019,0.0,5.92,5.76,-3.63,6.552,1.69,3.964,0.88,0.0
Zone_43,48,Commercial_Downtown,STABLE,3988,78,78.0,26.29,0.337,14.02,62.05,6,Normal,Good,0,0,0,26.13,17.64,60.27,3.0,0.0,0.0,0.335,19.57,12.11,62.41,3.5,0.0,0.0,0.251,0.16,-3.62,1.78,3.0,0.002,0.0,0.61,-20.52,2.95,6.592,4.295,5.388,-0.778,0.0
Zone_43,49,Commercial_Downtown,STABLE,3988,78,78.0,17.46,0.224,8.26,67.82,3,Normal,Good,0,0,0,26.29,14.02,62.05,6.0,0.0,0.0,0.337,23.42,14.05,62.39,4.25,0.0,0.0,0.3,-8.83,-5.76,5.77,-3.0,-0.113,0.0,-33.59,-41.08,9.3,4.378,1.95,3.053,-1.016,0.0
Zone_43,50,Commercial_Downtown,STABLE,3988,78,78.0,19.72,0.253,6.33,62.51,4,Normal,Good,0,0,0,17.46,8.26,67.82,3.0,0.0,0.0,0.224,23.64,14.15,63.17,4.0,0.0,0.0,0.303,2.26,-1.93,-5.31,1.0,0.029,0.0,12.94,-23.37,-7.83,4.945,-2.888,-2.147,1.762,0.0
Zone_43,51,Commercial_Downtown,STABLE,3988,78,78.0,17.48,0.224,9.49,64.55,2,Normal,Good,0,0,0,19.72,6.33,62.51,4.0,0.0,0.0,0.253,22.4,11.56,63.16,4.0,0.0,0.0,0.287,-2.24,3.16,2.04,-2.0,-0.029,0.0,-11.36,49.92,3.26,4.383,-3.969,-2.806,1.249,0.0
Zone_43,52,Commercial_Downtown,STABLE,3988,78,78.0,20.74,0.266,11.67,63.41,5,Normal,Good,0,0,0,17.48,9.49,64.55,2.0,0.0,0.0,0.224,20.24,9.52,64.23,3.75,0.0,0.0,0.26,3.26,2.18,-1.14,3.0,0.042,0.0,18.65,22.97,-1.77,5.201,-1.552,-2.417,0.219,0.0
Zone_44,1,Suburban_LowDensity,STABLE,3720,70,70.0,12.81,0.183,11.44,66.15,4,Normal,Good,0,0,0,,,,,,,,,,,,,,,,,,,,,,,,3.444,,,,
Zone_44,2,Suburban_LowDensity,STABLE,3720,70,70.0,15.69,0.224,11.74,61.29,3,Normal,Good,0,0,0,12.81,11.44,66.15,4.0,0.0,0.0,0.183,,,,,,,,2.88,0.3,-4.86,-1.0,0.041,,22.48,2.62,-7.35,4.218,,,,
Zone_44,3,Suburban_LowDensity,STABLE,3720,70,70.0,8.77,0.125,6.49,63.94,0,Normal,Good,0,0,0,15.69,11.74,61.29,3.0,0.0,0.0,0.224,,,,,,,,-6.92,-5.25,2.65,-3.0,-0.099,0.0,-44.1,-44.72,4.32,2.358,,,,
Zone_44,4,Suburban_LowDensity,STABLE,3720,70,70.0,6.68,0.095,9.71,61.95,1,Normal,Good,0,0,0,8.77,6.49,63.94,0.0,0.0,0.0,0.125,,,,,,,,-2.09,3.22,-1.99,1.0,-0.03,0.0,-23.83,49.61,-3.11,1.796,,,,
Zone_44,5,Suburban_LowDensity,STABLE,3720,70,70.0,12.81,0.183,7.79,63.39,3,Normal,Good,0,0,0,6.68,9.71,61.95,1.0,0.0,0.0,0.095,10.99,9.85,63.33,2.0,0.0,0.0,0.157,6.13,-1.92,1.44,2.0,0.088,0.0,91.77,-19.77,2.32,3.444,-1.044,-2.531,-0.995,0.0
Zone_44,6,Suburban_LowDensity,STABLE,3720,70,70.0,10.16,0.145,9.67,63.75,1,Normal,Good,0,0,0,12.81,7.79,63.39,3.0,0.0,0.0,0.183,10.99,8.93,62.64,1.75,0.0,0.0,0.157,-2.65,1.88,0.36,-2.0,-0.038,0.0,-20.69,24.13,0.57,2.731,-0.863,-1.073,0.431,0.0
Zone_44,7,Suburban_LowDensity,STABLE,3720,70,70.0,4.53,0.065,6.02,60.99,2,Normal,Good,0,0,0,10.16,9.67,63.75,1.0,0.0,0.0,0.145,9.6,8.41,63.26,1.25,0.0,0.0,0.137,-5.63,-3.65,-2.76,1.0,-0.08,0.0,-55.41,-37.75,-4.33,1.218,0.762,1.03,0.087,0.0
Zone_44,8,Suburban_LowDensity,STABLE,3720,70,57.96,9.76,0.168,7.05,54.1,1,Light Rain,Moderate,0,0,0,4.53,6.02,60.99,2.0,0.0,0.0,0.065,8.54,8.3,62.52,1.75,0.0,0.0,0.122,5.23,1.03,-6.89,-1.0,0.103,0.0,115.45,17.11,-11.3,2.624,-0.919,-0.91,-0.252,0.0
Zone_44,9,Suburban_LowDensity,STABLE,3720,70,70.0,5.74,0.082,5.24,62.82,2,Normal,Good,0,0,0,9.76,7.05,54.1,1.0,0.0,0.0,0.168,9.32,7.63,60.56,1.75,0.0,0.0,0.14,-4.02,-1.81,8.72,1.0,-0.086,0.0,-41.19,-25.67,16.12,1.543,-0.587,-1.478,-3.063,0.0
Zone_44,10,Suburban_LowDensity,STABLE,3720,70,70.0,3.67,0.052,2.23,67.41,2,Normal,Good,0,0,0,5.74,5.24,62.82,2.0,0.0,0.0,0.082,7.55,6.99,60.42,1.5,0.0,0.0,0.115,-2.07,-3.01,4.59,0.0,-0.03,0.0,-36.06,-57.44,7.31,0.987,-1.226,-0.803,-0.968,0.0
Zone_44,11,Suburban_LowDensity,STABLE,3720,70,70.0,11.44,0.163,7.05,62.25,0,Normal,Good,0,0,0,3.67,2.23,67.41,2.0,0.0,0.0,0.052,5.93,5.14,61.33,1.75,0.0,0.0,0.092,7.77,4.82,-5.16,-2.0,0.111,0.0,211.71,216.13,-7.65,3.075,-1.318,-0.66,2.798,0.0
Zone_44,12,Suburban_LowDensity,STABLE,3720,70,70.0,11.09,0.158,11.62,64.11,0,Normal,Good,0,0,0,11.44,7.05,62.25,0.0,0.0,0.0,0.163,7.65,5.39,61.64,1.25,0.0,0.0,0.116,-0.35,4.57,1.86,0.0,-0.005,0.0,-3.06,64.82,2.99,2.981,-0.301,0.297,2.904,0.0
Zone_44,13,Suburban_LowDensity,STABLE,3720,70,57.96,14.94,0.258,11.97,55.97,7,Light Rain,Moderate,0,1,1,11.09,11.62,64.11,0.0,0.0,0.0,0.158,7.98,6.54,64.15,1.0,0.0,0.0,0.114,3.85,0.35,-8.14,7.0,0.1,0.0,34.72,3.01,-12.7,4.016,2.396,2.382,-0.129,0.0
Zone_44,14,Suburban_LowDensity,STABLE,3720,70,57.96,8.68,0.15,12.2,51.96,4,Light Rain,Moderate,0,0,0,14.94,11.97,55.97,7.0,1.0,1.0,0.258,10.28,8.22,62.44,2.25,1.0,0.25,0.158,-6.26,0.23,-4.01,-3.0,-0.108,1.0,-41.9,1.92,-7.16,2.333,3.379,3.346,-3.246,0.3
Zone_44,15,Suburban_LowDensity,STABLE,3720,70,70.0,8.62,0.123,6.34,60.51,1,Normal,Good,0,0,0,8.68,12.2,51.96,4.0,0.0,0.0,0.15,11.54,10.71,58.57,2.75,1.0,0.25,0.182,-0.06,-5.86,8.55,-3.0,-0.027,-1.0,-0.69,-48.03,16.45,2.317,1.58,-0.443,-3.901,0.1
Zone_44,16,Suburban_LowDensity,STABLE,3720,70,70.0,6.59,0.094,6.99,62.86,0,Normal,Good,0,0,0,8.62,6.34,60.51,1.0,0.0,0.0,0.123,10.83,10.53,58.14,3.0,1.0,0.25,0.172,-2.03,0.65,2.35,-1.0,-0.029,0.0,-23.55,10.25,3.88,1.772,-1.561,-1.367,-1.481,-0.1
Zone_44,17,Suburban_LowDensity,STABLE,3720,70,70.0,3.51,0.05,3.04,64.85,2,Normal,Good,0,0,0,6.59,6.99,62.86,0.0,0.0,0.0,0.094,9.71,9.38,57.82,3.0,1.0,0.25,0.156,-3.08,-3.95,1.99,2.0,-0.044,0.0,-46.74,-56.51,3.17,0.944,-2.08,-2.511,2.922,-0.3
Zone_44,18,Suburban_LowDensity,STABLE,3720,70,70.0,10.59,0.151,10.18,66.34,0,Normal,Good,0,0,0,3.51,3.04,64.85,2.0,0.0,0.0,0.05,6.85,7.14,60.04,1.75,0.0,0.0,0.104,7.08,7.14,1.49,-2.0,0.101,0.0,201.7,234.86,2.3,2.847,-2.683,-1.754,4.102,0.0
Zone_44,19,Suburban_LowDensity,STABLE,3720,70,70.0,6.05,0.086,10.97,63.13,0,Normal,Good,0,0,0,10.59,10.18,66.34,0.0,0.0,0.0,0.151,7.33,6.64,63.64,0.75,0.0,0.0,0.105,-4.54,0.79,-3.21,0.0,-0.065,0.0,-42.87,7.76,-4.84,1.626,0.757,0.283,1.948,0.0
Zone_44,20,Suburban_LowDensity,STABLE,3720,70,70.0,6.06,0.087,8.97,62.51,3,Normal,Good,0,0,0,6.05,10.97,63.13,0.0,0.0,0.0,0.086,6.68,7.8,64.3,0.5,0.0,0.0,0.095,0.01,-2.0,-0.62,3.0,0.001,0.0,0.17,-18.23,-0.98,1.629,1.908,0.546,0.23,0.0
Zone_44,21,Suburban_LowDensity,STABLE,3720,70,70.0,13.8,0.197,7.49,65.86,2,Normal,Good,0,0,0,6.06,8.97,62.51,3.0,0.0,0.0,0.087,6.55,8.29,64.21,1.25,0.0,0.0,0.094,7.74,-1.48,3.35,-1.0,0.11,0.0,127.72,-16.5,5.36,3.71,1.858,0.311,-1.023,0.0
Zone_44,22,Suburban_LowDensity,STABLE,3720,70,70.0,11.31,0.162,6.32,62.73,2,Normal,Good,0,0,0,13.8,7.49,65.86,2.0,0.0,0.0,0.197,9.12,9.4,64.46,1.25,0.0,0.0,0.13,-2.49,-1.17,-3.13,0.0,-0.035,0.0,-18.04,-15.62,-4.75,3.04,-1.007,0.964,-0.206,0.0
Zone_44,23,Suburban_LowDensity,STABLE,3720,70,70.0,13.99,0.2,14.34,63.43,3,Normal,Good,0,0,0,11.31,6.32,62.73,2.0,0.0,0.0,0.162,9.3,8.44,63.56,1.75,0.0,0.0,0.133,2.68,8.02,0.7,1.0,0.038,0.0,23.7,126.9,1.12,3.761,-1.543,2.352,0.215,0.0
Zone_44,24,Suburban_LowDensity,STABLE,3720,70,70.0,13.36,0.191,10.97,64.7,2,Normal,Good,0,0,0,13.99,14.34,63.43,3.0,0.0,0.0,0.2,11.29,9.28,63.63,2.5,0.0,0.0,0.162,-0.63,-3.37,1.27,-1.0,-0.009,0.0,-4.5,-23.5,2.0,3.591,1.494,2.13,-0.037,0.0
Zone_44,25,Suburban_LowDensity,STABLE,3720,70,70.0,14.43,0.206,11.02,63.49,3,Normal,Good,0,0,0,13.36,10.97,64.7,2.0,0.0,0.0,0.191,13.11,9.78,64.18,2.25,0.0,0.0,0.188,1.07,0.05,-1.21,1.0,0.015,0.0,8.01,0.46,-1.87,3.879,1.846,0.136,-0.278,0.0
Zone_44,26,Suburban_LowDensity,STABLE,3720,70,70.0,8.24,0.118,6.72,63.84,0,Normal,Good,0,0,0,14.43,11.02,63.49,3.0,0.0,0.0,0.206,13.27,10.66,63.59,2.5,0.0,0.0,0.19,-6.19,-4.3,0.35,-3.0,-0.088,0.0,-42.9,-39.02,0.55,2.215,1.073,0.873,0.355,0.0
Zone_44,27,Suburban_LowDensity,STABLE,3720,70,70.0,6.58,0.094,6.22,65.75,0,Normal,Good,0,0,0,8.24,6.72,63.84,0.0,0.0,0.0,0.118,12.5,10.76,63.86,2.0,0.0,0.0,0.179,-1.66,-0.5,1.91,0.0,-0.024,0.0,-20.15,-7.44,2.99,1.769,-2.281,-1.618,0.002,0.0
Zone_44,28,Suburban_LowDensity,STABLE,3720,70,57.96,10.3,0.178,7.93,55.0,2,Light Rain,Moderate,0,0,0,6.58,6.22,65.75,0.0,0.0,0.0,0.094,10.65,8.73,64.45,1.25,0.0,0.0,0.152,3.72,1.71,-10.75,2.0,0.084,0.0,56.53,27.49,-16.35,2.769,-1.855,-2.653,0.35,0.0
Zone_44,29,Suburban_LowDensity,STABLE,3720,70,70.0,4.46,0.064,6.85,64.23,1,Normal,Good,0,0,0,10.3,7.93,55.0,2.0,0.0,0.0,0.178,9.89,7.97,62.02,1.25,0.0,0.0,0.149,-5.84,-1.08,9.23,-1.0,-0.114,0.0,-56.7,-13.62,16.78,1.199,-0.977,-1.405,-2.356,0.0
Zone_44,30,Suburban_LowDensity,STABLE,3720,70,57.96,7.48,0.129,8.14,58.55,1,Light Rain,Moderate,0,0,0,4.46,6.85,64.23,1.0,0.0,0.0,0.064,7.4,6.93,62.2,0.75,0.0,0.0,0.113,3.02,1.29,-5.68,0.0,0.065,0.0,67.71,18.83,-8.84,2.011,0.21,-0.762,-0.958,0.0
Zone_44,31,Suburban_LowDensity,STABLE,3720,70,40.95,16.74,0.409,24.11,35.99,7,Heavy Rain,Poor,0,1,1,7.48,8.14,58.55,1.0,0.0,0.0,0.129,7.21,7.28,60.88,1.0,0.0,0.0,0.116,9.26,15.97,-22.56,6.0,0.28,0.0,123.8,196.19,-38.53,4.5,0.468,-0.314,-1.237,0.0
Zone_44,32,Suburban_LowDensity,STABLE,3720,70,40.95,14.76,0.36,22.65,35.96,4,Heavy Rain,Poor,0,1,1,16.74,24.11,35.99,7.0,1.0,1.0,0.409,9.75,11.76,53.44,2.75,1.0,0.25,0.195,-1.98,-1.46,-0.03,-3.0,-0.049,1.0,-11.83,-6.06,-0.08,3.968,4.983,2.234,-6.271,0.3
Zone_44,33,Suburban_LowDensity,STABLE,3720,70,40.95,11.19,0.273,16.72,40.43,2,Heavy Rain,Poor,0,0,0,14.76,22.65,35.96,4.0,1.0,1.0,0.36,10.86,15.44,48.68,3.25,2.0,0.5,0.24,-3.57,-5.93,4.47,-2.0,-0.087,0.0,-24.19,-26.18,12.43,3.008,6.337,4.016,-10.737,0.4
Zone_44,34,Suburban_LowDensity,STABLE,3720,70,57.96,6.83,0.118,5.98,55.72,2,Light Rain,Moderate,0,0,0,11.19,16.72,40.43,2.0,0.0,0.0,0.273,12.54,17.9,42.73,3.5,2.0,0.5,0.293,-4.36,-10.74,15.29,0.0,-0.155,-1.0,-38.96,-64.23,37.82,1.836,2.428,0.915,-5.439,0.0
Zone_44,35,Suburban_LowDensity,STABLE,3720,70,40.95,7.44,0.182,11.29,41.55,1,Heavy Rain,Poor,0,0,0,6.83,5.98,55.72,2.0,0.0,0.0,0.118,12.38,17.36,42.02,3.75,2.0,0.5,0.29,0.61,5.31,-14.17,-1.0,0.064,0.0,8.93,88.79,-25.43,2.0,-6.032,-3.33,6.366,-0.4
Zone_44,36,Suburban_LowDensity,STABLE,3720,70,40.95,10.34,0.253,11.16,41.7,3,Heavy Rain,Poor,0,1,1,7.44,11.29,41.55,1.0,0.0,0.0,0.182,10.06,14.16,43.42,2.25,1.0,0.25,0.233,2.9,-0.13,0.15,2.0,0.071,0.0,38.98,-1.15,0.36,2.78,-4.482,-2.632,3.206,-0.3
Zone_44,37,Suburban_LowDensity,STABLE,3720,70,70.0,14.27,0.204,8.3,63.84,2,Normal,Good,0,0,0,10.34,11.16,41.7,3.0,1.0,1.0,0.253,8.95,11.29,44.85,2.0,1.0,0.25,0.207,3.93,-2.86,22.14,-1.0,-0.049,1.0,38.01,-25.63,53.09,3.836,-1.137,-0.194,-1.036,0.3
Zone_44,38,Suburban_LowDensity,STABLE,3720,70,70.0,12.22,0.175,9.77,64.7,5,Normal,Good,0,0,0,14.27,8.3,63.84,2.0,0.0,0.0,0.204,9.72,9.18,50.7,2.0,1.0,0.25,0.189,-2.05,1.47,0.86,3.0,-0.029,-1.0,-14.37,17.71,1.35,3.285,0.683,2.522,2.451,0.1
Zone_44,39,Suburban_LowDensity,STABLE,3720,70,57.96,10.78,0.186,13.39,52.05,1,Light Rain,Moderate,0,0,0,12.22,9.77,64.7,5.0,0.0,0.0,0.175,11.07,10.13,52.95,2.75,1.0,0.25,0.204,-1.44,3.62,-12.65,-4.0,0.011,0.0,-11.78,37.05,-19.55,2.898,-0.742,1.827,9.159,-0.1
Zone_44,40,Suburban_LowDensity,STABLE,3720,70,70.0,8.47,0.121,7.93,62.96,0,Normal,Good,0,0,0,10.78,13.39,52.05,1.0,0.0,0.0,0.186,11.9,10.66,55.57,2.75,1.0,0.25,0.204,-2.31,-5.46,10.91,-1.0,-0.065,0.0,-21.43,-40.78,20.96,2.277,0.816,-0.073,3.191,-0.3
Zone_44,41,Suburban_LowDensity,STABLE,3720,70,70.0,8.02,0.115,6.73,61.27,3,Normal,Good,0,0,0,8.47,7.93,62.96,0.0,0.0,0.0,0.121,11.44,9.85,60.89,2.0,0.0,0.0,0.172,-0.45,-1.2,-1.69,3.0,-0.006,0.0,-5.31,-15.13,-2.68,2.156,0.251,-1.884,-1.529,0.0
Zone_44,42,Suburban_LowDensity,STABLE,3720,70,70.0,6.73,0.096,0.0,65.63,1,Normal,Good,0,0,0,8.02,6.73,61.27,3.0,0.0,0.0,0.115,9.87,9.46,60.24,2.25,0.0,0.0,0.149,-1.29,-6.73,4.36,-2.0,-0.019,0.0,-16.08,-100.0,7.12,1.809,-1.458,-1.491,0.062,0.0
Zone_44,43,Suburban_LowDensity,STABLE,3720,70,57.96,3.49,0.06,11.36,55.3,3,Light Rain,Moderate,0,1,1,6.73,0.0,65.63,1.0,0.0,0.0,0.096,8.5,7.01,60.48,1.25,0.0,0.0,0.13,-3.24,11.36,-10.33,2.0,-0.036,0.0,-48.14,11360000.0,-15.74,0.938,-4.137,-1.26,3.905,0.0
Zone_44,44,Suburban_LowDensity,STABLE,3720,70,70.0,3.51,0.05,7.62,66.25,2,Normal,Good,0,0,0,3.49,11.36,55.3,3.0,1.0,1.0,0.06,6.68,6.5,61.29,1.75,1.0,0.25,0.098,0.02,-3.74,10.95,-1.0,-0.01,1.0,0.57,-32.92,19.8,0.944,0.356,-1.623,-1.862,0.3
Zone_44,45,Suburban_LowDensity,STABLE,3720,70,70.0,3.09,0.044,4.62,61.28,1,Normal,Good,0,0,0,3.51,7.62,66.25,2.0,0.0,0.0,0.05,5.44,6.43,62.11,2.25,1.0,0.25,0.08,-0.42,-3.0,-4.97,-1.0,-0.006,-1.0,-11.97,-39.37,-7.5,0.831,1.403,-1.677,0.461,0.1
Zone_44,46,Suburban_LowDensity,STABLE,3720,70,70.0,6.22,0.089,4.72,62.34,1,Normal,Good,0,0,0,3.09,4.62,61.28,1.0,0.0,0.0,0.044,4.2,5.9,62.11,1.75,1.0,0.25,0.062,3.13,0.1,1.06,0.0,0.045,0.0,101.29,2.16,1.73,1.672,1.012,-1.09,-0.21,-0.1
Zone_44,47,Suburban_LowDensity,STABLE,3720,70,70.0,1.48,0.021,7.78,59.75,1,Normal,Good,0,0,0,6.22,4.72,62.34,1.0,0.0,0.0,0.089,4.08,7.08,61.29,1.75,1.0,0.25,0.061,-4.74,3.06,-2.59,0.0,-0.068,0.0,-76.2,64.83,-4.15,0.398,-2.292,0.777,1.615,-0.3
Zone_44,48,Suburban_LowDensity,STABLE,3720,70,70.0,7.01,0.1,9.19,64.33,6,Normal,Good,0,0,0,1.48,7.78,59.75,1.0,0.0,0.0,0.021,3.58,6.18,62.4,1.25,0.0,0.0,0.051,5.53,1.41,4.58,5.0,0.079,0.0,373.62,18.12,7.67,1.884,0.058,-0.296,-1.844,0.0
Zone_44,49,Suburban_LowDensity,STABLE,3720,70,70.0,11.09,0.158,8.15,63.69,2,Normal,Good,0,0,0,7.01,9.19,64.33,6.0,0.0,0.0,0.1,4.45,6.58,61.92,2.25,0.0,0.0,0.064,4.08,-1.04,-0.64,-4.0,0.058,0.0,58.2,-11.32,-0.99,2.981,1.677,0.702,0.656,0.0
Zone_44,50,Suburban_LowDensity,STABLE,3720,70,70.0,8.11,0.116,7.84,63.05,4,Normal,Good,0,0,0,11.09,8.15,63.69,2.0,0.0,0.0,0.158,6.45,7.46,62.53,2.5,0.0,0.0,0.092,-2.98,-0.31,-0.64,2.0,-0.042,0.0,-26.87,-3.8,-1.0,2.18,1.17,2.014,0.863,0.0
Zone_44,51,Suburban_LowDensity,STABLE,3720,70,70.0,4.93,0.07,8.96,62.88,1,Normal,Good,0,0,0,8.11,7.84,63.05,4.0,0.0,0.0,0.116,6.92,8.24,62.7,3.25,0.0,0.0,0.099,-3.18,1.12,-0.17,-3.0,-0.046,0.0,-39.21,14.29,-0.27,1.325,-0.086,2.397,0.926,0.0
Zone_44,52,Suburban_LowDensity,STABLE,3720,70,57.96,5.82,0.1,5.68,55.27,0,Light Rain,Moderate,0,0,0,4.93,8.96,62.88,1.0,0.0,0.0,0.07,7.78,8.54,63.49,3.25,0.0,0.0,0.111,0.89,-3.28,-7.61,-1.0,0.03,0.0,18.05,-36.61,-12.1,1.565,-0.1,-0.922,-0.499,0.0
Zone_45,1,Highway_Junction,GRADUAL_DETERIORATION,2987,87,87.0,8.97,0.103,7.45,64.29,4,Normal,Good,0,0,0,,,,,,,,,,,,,,,,,,,,,,,,3.003,,,,
Zone_45,2,Highway_Junction,GRADUAL_DETERIORATION,2987,87,87.0,16.8,0.193,12.87,63.03,2,Normal,Good,0,0,0,8.97,7.45,64.29,4.0,0.0,0.0,0.103,,,,,,,,7.83,5.42,-1.26,-2.0,0.09,,87.29,72.75,-1.96,5.624,,,,
Zone_45,3,Highway_Junction,GRADUAL_DETERIORATION,2987,87,87.0,18.8,0.216,12.57,63.33,7,Normal,Good,0,0,0,16.8,12.87,63.03,2.0,0.0,0.0,0.193,,,,,,,,2.0,-0.3,0.3,5.0,0.023,0.0,11.9,-2.33,0.48,6.294,,,,
Zone_45,4,Highway_Junction,GRADUAL_DETERIORATION,2987,87,87.0,10.94,0.126,8.5,66.3,6,Normal,Good,0,0,0,18.8,12.57,63.33,7.0,0.0,0.0,0.216,,,,,,,,-7.86,-4.07,2.97,-1.0,-0.09,0.0,-41.81,-32.38,4.69,3.663,,,,
Zone_45,5,Highway_Junction,GRADUAL_DETERIORATION,2987,87,87.0,3.64,0.042,7.4,66.7,4,Normal,Good,0,0,0,10.94,8.5,66.3,6.0,0.0,0.0,0.126,13.88,10.35,64.24,4.75,0.0,0.0,0.16,-7.3,-1.1,0.4,-2.0,-0.084,0.0,-66.73,-12.94,0.6,1.219,0.285,0.791,0.633,0.0
Zone_45,6,Highway_Junction,GRADUAL_DETERIORATION,2987,87,87.0,5.46,0.063,6.57,64.22,2,Normal,Good,0,0,0,3.64,7.4,66.7,4.0,0.0,0.0,0.042,12.54,10.34,64.84,4.75,0.0,0.0,0.144,1.82,-0.83,-2.48,-2.0,0.021,0.0,50.0,-11.22,-3.72,1.828,-2.048,-4.734,1.398,0.0
Zone_45,7,Highway_Junction,GRADUAL_DETERIORATION,2987,87,87.0,3.64,0.042,4.2,62.48,2,Normal,Good,0,0,0,5.46,6.57,64.22,2.0,0.0,0.0,0.063,9.71,8.76,65.14,4.75,0.0,0.0,0.112,-1.82,-2.37,-1.74,0.0,-0.021,0.0,-33.33,-36.07,-2.71,1.219,-1.91,-4.732,0.307,0.0
Zone_45,8,Highway_Junction,GRADUAL_DETERIORATION,2987,87,87.0,6.47,0.074,10.74,64.42,6,Normal,Good,0,0,0,3.64,4.2,62.48,2.0,0.0,0.0,0.042,5.92,6.67,64.92,3.5,0.0,0.0,0.068,2.83,6.54,1.94,4.0,0.032,0.0,77.75,155.71,3.1,2.166,-1.373,-2.008,-1.394,0.0
Zone_45,9,Highway_Junction,GRADUAL_DETERIORATION,2987,87,87.0,2.91,0.033,5.13,63.92,3,Normal,Good,0,0,0,6.47,10.74,64.42,6.0,0.0,0.0,0.074,4.8,7.23,64.46,3.5,0.0,0.0,0.055,-3.56,-5.61,-0.5,-3.0,-0.041,0.0,-55.02,-52.23,-0.78,0.974,0.765,0.667,-0.858,0.0
Zone_45,10,Highway_Junction,GRADUAL_DETERIORATION,2987,87,87.0,9.37,0.108,8.57,63.19,4,Normal,Good,0,0,0,2.91,5.13,63.92,3.0,0.0,0.0,0.033,4.62,6.66,63.76,3.25,0.0,0.0,0.053,6.46,3.44,-0.73,1.0,0.075,0.0,221.99,67.06,-1.14,3.137,0.222,-0.482,0.104,0.0
Zone_45,11,Highway_Junction,GRADUAL_DETERIORATION,2987,87,87.0,9.9,0.114,9.52,62.69,3,Normal,Good,0,0,0,9.37,8.57,63.19,4.0,0.0,0.0,0.108,5.6,7.16,63.5,3.75,0.0,0.0,0.064,0.53,0.95,-0.5,-1.0,0.006,0.0,5.66,11.09,-0.79,3.314,0.75,1.363,0.163,0.0
Zone_45,12,Highway_Junction,GRADUAL_DETERIORATION,2987,87,87.0,12.69,0.146,8.71,61.24,4,Normal,Good,0,0,0,9.9,9.52,62.69,3.0,0.0,0.0,0.114,7.16,8.49,63.56,4.0,0.0,0.0,0.082,2.79,-0.81,-1.45,1.0,0.032,0.0,28.18,-8.51,-2.31,4.248,-0.022,1.675,-0.592,0.0
Zone_45,13,Highway_Junction,GRADUAL_DETERIORATION,2987,87,87.0,15.45,0.178,9.64,62.55,2,Normal,Good,0,0,0,12.69,8.71,61.24,4.0,0.0,0.0,0.146,8.72,7.98,62.76,3.5,0.0,0.0,0.1,2.76,0.93,1.31,-2.0,0.032,0.0,21.75,10.68,2.14,5.172,1.169,2.987,-0.854,0.0
Zone_45,14,Highway_Junction,GRADUAL_DETERIORATION,2987,87,87.0,21.03,0.242,11.53,61.75,1,Normal,Good,0,0,0,15.45,9.64,62.55,2.0,0.0,0.0,0.178,11.85,9.11,62.42,3.25,0.0,0.0,0.136,5.58,1.89,-0.8,-1.0,0.064,0.0,36.12,19.61,-1.28,7.041,0.24,2.103,-0.337,0.0
Zone_45,15,Highway_Junction,GRADUAL_DETERIORATION,2987,87,87.0,23.1,0.266,10.77,65.18,2,Normal,Good,0,0,0,21.03,11.53,61.75,1.0,0.0,0.0,0.242,14.77,9.85,62.06,2.5,0.0,0.0,0.17,2.07,-0.76,3.43,1.0,0.024,0.0,9.84,-6.59,5.55,7.734,0.696,3.615,-0.151,0.0
Zone_45,16,Highway_Junction,GRADUAL_DETERIORATION,2987,87,87.0,20.67,0.238,5.66,61.38,3,Normal,Good,0,0,0,23.1,10.77,65.18,2.0,0.0,0.0,0.266,18.07,10.16,62.68,2.25,0.0,0.0,0.208,-2.43,-5.11,-3.8,1.0,-0.028,0.0,-10.52,-47.45,-5.83,6.92,0.807,3.681,1.102,0.0
Zone_45,17,Highway_Junction,GRADUAL_DETERIORATION,2987,87,87.0,22.76,0.262,10.77,64.05,3,Normal,Good,0,0,0,20.67,5.66,61.38,3.0,0.0,0.0,0.238,20.06,9.4,62.72,2.0,0.0,0.0,0.231,2.09,5.11,2.67,0.0,0.024,0.0,10.11,90.28,4.35,7.62,-1.27,1.773,-0.008,0.0
Zone_45,18,Highway_Junction,GRADUAL_DETERIORATION,2987,87,87.0,21.07,0.242,10.36,63.43,2,Normal,Good,0,0,0,22.76,10.77,64.05,3.0,0.0,0.0,0.262,21.89,9.68,63.09,2.25,0.0,0.0,0.252,-1.69,-0.41,-0.62,-1.0,-0.02,0.0,-7.43,-3.81,-0.97,7.054,-0.739,0.276,0.31,0.0
Zone_45,19,Highway_Junction,GRADUAL_DETERIORATION,2987,87,87.0,25.2,0.29,15.33,64.6,5,Normal,Good,0,0,0,21.07,10.36,63.43,2.0,0.0,0.0,0.242,21.9,9.39,63.51,2.5,0.0,0.0,0.252,4.13,4.97,1.17,3.0,0.048,0.0,19.6,47.97,1.84,8.437,0.388,-0.4,-0.258,0.0
Zone_45,20,Highway_Junction,GRADUAL_DETERIORATION,2987,87,72.04,22.98,0.319,16.08,51.06,6,Light Rain,Moderate,0,0,0,25.2,15.33,64.6,5.0,0.0,0.0,0.29,22.42,10.53,63.36,3.25,0.0,0.0,0.258,-2.22,0.75,-13.54,1.0,0.029,0.0,-8.81,4.89,-20.96,7.693,2.86,1.19,0.904,0.0
Zone_45,21,Highway_Junction,GRADUAL_DETERIORATION,2987,87,87.0,17.04,0.196,6.03,66.72,2,Normal,Good,0,0,0,22.98,16.08,51.06,6.0,0.0,0.0,0.319,23.0,13.13,60.78,4.0,0.0,0.0,0.278,-5.94,-10.05,15.66,-4.0,-0.123,0.0,-25.85,-62.5,30.67,5.705,2.09,0.479,-3.78,0.0
Zone_45,22,Highway_Junction,GRADUAL_DETERIORATION,2987,87,87.0,21.18,0.243,14.71,62.99,3,Normal,Good,0,0,0,17.04,6.03,66.72,2.0,0.0,0.0,0.196,21.57,11.95,61.45,3.75,0.0,0.0,0.262,4.14,8.68,-3.73,1.0,0.047,0.0,24.3,143.94,-5.59,7.091,-1.224,-1.431,-0.367,0.0
Zone_45,23,Highway_Junction,GRADUAL_DETERIORATION,2987,87,87.0,22.49,0.259,6.62,66.05,7,Normal,Good,0,0,0,21.18,14.71,62.99,3.0,0.0,0.0,0.243,21.6,13.04,61.34,4.0,0.0,0.0,0.262,1.31,-8.09,3.06,4.0,0.016,0.0,6.19,-55.0,4.86,7.529,-1.191,-1.8,1.083,0.0
Zone_45,24,Highway_Junction,GRADUAL_DETERIORATION,2987,87,87.0,18.66,0.214,8.63,64.98,1,Normal,Good,0,0,0,22.49,6.62,66.05,7.0,0.0,0.0,0.259,20.92,10.86,61.7,4.5,0.0,0.0,0.254,-3.83,2.01,-1.07,-6.0,-0.045,0.0,-17.03,30.36,-1.62,6.247,-1.97,0.267,4.124,0.0
Zone_45,25,Highway_Junction,GRADUAL_DETERIORATION,2987,87,87.0,13.29,0.153,8.51,64.85,4,Normal,Good,0,0,0,18.66,8.63,64.98,1.0,0.0,0.0,0.214,19.84,9.0,65.18,3.25,0.0,0.0,0.228,-5.37,-0.12,-0.13,3.0,-0.061,0.0,-28.78,-1.39,-0.2,4.449,-0.029,0.617,-0.216,0.0
Zone_45,26,Highway_Junction,GRADUAL_DETERIORATION,2987,87,87.0,22.4,0.257,7.89,67.04,4,Normal,Good,0,0,0,13.29,8.51,64.85,4.0,0.0,0.0,0.153,18.9,9.62,64.72,3.75,0.0,0.0,0.217,9.11,-0.62,2.19,0.0,0.104,0.0,68.55,-7.29,3.38,7.499,-1.659,-2.75,0.451,0.0
Zone_45,27,Highway_Junction,GRADUAL_DETERIORATION,2987,87,87.0,11.32,0.13,6.98,63.28,2,Normal,Good,0,0,0,22.4,7.89,67.04,4.0,0.0,0.0,0.257,19.21,7.91,65.73,4.0,0.0,0.0,0.221,-11.08,-0.91,-3.76,-2.0,-0.127,0.0,-49.46,-11.53,-5.61,3.79,0.369,-0.564,0.284,0.0
Zone_45,28,Highway_Junction,GRADUAL_DETERIORATION,2987,87,72.04,16.6,0.23,11.56,56.81,7,Light Rain,Moderate,0,0,0,11.32,6.98,63.28,2.0,0.0,0.0,0.13,16.42,8.0,65.04,2.75,0.0,0.0,0.188,5.28,4.58,-6.47,5.0,0.1,0.0,46.64,65.62,-10.22,5.557,-0.557,-1.291,-0.291,0.0
Zone_45,29,Highway_Junction,GRADUAL_DETERIORATION,2987,87,72.04,22.45,0.312,20.72,52.71,2,Light Rain,Moderate,0,0,0,16.6,11.56,56.81,7.0,0.0,0.0,0.23,15.9,8.74,63.0,4.25,0.0,0.0,0.192,5.85,9.16,-4.1,-5.0,0.082,0.0,35.24,79.24,-7.22,7.516,0.824,-0.115,-2.788,0.0
Zone_45,30,Highway_Junction,GRADUAL_DETERIORATION,2987,87,87.0,24.12,0.277,11.74,62.72,9,Normal,Good,0,0,0,22.45,20.72,52.71,2.0,0.0,0.0,0.312,18.19,11.79,59.96,3.75,0.0,0.0,0.232,1.67,-8.98,10.01,7.0,-0.035,0.0,7.44,-43.34,18.99,8.075,4.307,0.543,-4.946,0.0
Zone_45,31,Highway_Junction,GRADUAL_DETERIORATION,2987,87,87.0,22.76,0.262,13.87,61.22,8,Normal,Good,0,0,0,24.12,11.74,62.72,9.0,0.0,0.0,0.277,18.62,12.75,58.88,5.0,0.0,0.0,0.237,-1.36,2.13,-1.5,-1.0,-0.015,0.0,-5.64,18.14,-2.39,7.62,2.344,4.425,-0.578,0.0
Zone_45,32,Highway_Junction,GRADUAL_DETERIORATION,2987,87,72.04,24.57,0.341,18.92,53.48,6,Light Rain,Moderate,0,0,0,22.76,13.87,61.22,8.0,0.0,0.0,0.262,21.48,14.47,58.36,6.5,0.0,0.0,0.27,1.81,5.05,-7.74,-2.0,0.079,0.0,7.95,36.41,-12.64,8.226,-0.205,2.015,2.324,0.0
Zone_45,33,Highway_Junction,GRADUAL_DETERIORATION,2987,87,50.89,19.85,0.39,21.55,40.07,3,Heavy Rain,Poor,0,1,1,24.57,18.92,53.48,6.0,0.0,0.0,0.341,23.48,16.31,57.53,6.25,0.0,0.0,0.298,-4.72,2.63,-13.41,-3.0,0.049,0.0,-19.21,13.9,-25.07,6.645,-0.327,0.5,0.081,0.0
Zone_45,34,Highway_Junction,GRADUAL_DETERIORATION,2987,87,87.0,23.56,0.271,11.33,66.29,4,Normal,Good,0,0,0,19.85,21.55,40.07,3.0,1.0,1.0,0.39,22.83,16.52,54.37,6.5,1.0,0.25,0.318,3.71,-10.22,26.22,1.0,-0.119,1.0,18.69,-47.42,65.44,7.888,3.448,-1.1,-7.569,0.3
Zone_45,35,Highway_Junction,GRADUAL_DETERIORATION,2987,87,72.04,27.0,0.375,24.66,52.28,3,Light Rain,Moderate,0,0,0,23.56,11.33,66.29,4.0,0.0,0.0,0.271,22.68,16.42,55.26,5.25,1.0,0.25,0.316,3.44,13.33,-14.01,-1.0,0.104,-1.0,14.6,117.65,-21.13,9.039,-0.499,-0.232,0.18,0.1
Zone_45,36,Highway_Junction,GRADUAL_DETERIORATION,2987,87,50.89,31.89,0.627,40.63,36.58,4,Heavy Rain,Poor,0,0,0,27.0,24.66,52.28,3.0,0.0,0.0,0.375,23.74,19.12,53.03,4.0,1.0,0.25,0.344,4.89,15.97,-15.7,1.0,0.252,0.0,18.11,64.76,-30.03,10.676,0.7,1.1,2.262,-0.1
Zone_45,37,Highway_Junction,GRADUAL_DETERIORATION,2987,87,87.0,35.3,0.406,18.65,62.1,7,Normal,Good,0,0,0,31.89,40.63,36.58,4.0,0.0,0.0,0.627,25.58,24.54,48.81,3.5,1.0,0.25,0.416,3.41,-21.98,25.52,3.0,-0.221,0.0,10.69,-54.1,69.76,11.818,7.057,3.956,-2.448,-0.3
Zone_45,38,Highway_Junction,GRADUAL_DETERIORATION,2987,87,57.63,39.96,0.693,40.92,46.69,7,Light Rain,Moderate,1,0,0,35.3,18.65,62.1,7.0,0.0,0.0,0.406,29.44,23.82,54.31,4.5,0.0,0.0,0.42,4.66,22.27,-15.41,0.0,0.287,0.0,13.2,119.41,-24.81,13.378,3.793,4.011,-2.827,0.0
Zone_45,39,Highway_Junction,GRADUAL_DETERIORATION,2987,87,69.6,45.16,0.649,37.55,51.81,11,Normal,Good,1,0,0,39.96,40.92,46.69,7.0,0.0,0.0,0.693,33.54,31.22,49.41,5.25,0.0,0.0,0.525,5.2,-3.37,5.12,4.0,-0.044,0.0,13.01,-8.24,10.97,15.119,2.68,4.229,0.875,0.0
Zone_45,40,Highway_Junction,GRADUAL_DETERIORATION,2987,87,69.6,48.14,0.692,36.55,53.76,8,Normal,Good,1,1,1,45.16,37.55,51.81,11.0,0.0,0.0,0.649,38.08,34.44,49.3,7.25,0.0,0.0,0.594,2.98,-1.0,1.95,-3.0,0.043,0.0,6.6,-2.66,3.76,16.117,1.303,4.447,3.028,0.0
Zone_45,41,Highway_Junction,GRADUAL_DETERIORATION,2987,87,87.0,37.37,0.43,17.82,60.22,2,Normal,Good,0,0,0,48.14,36.55,53.76,8.0,1.0,1.0,0.692,42.14,33.42,53.59,8.25,1.0,0.25,0.61,-10.77,-18.73,6.46,-6.0,-0.262,1.0,-22.37,-51.24,12.02,12.511,5.033,4.372,-1.99,0.3
Zone_45,42,Highway_Junction,GRADUAL_DETERIORATION,2987,87,87.0,35.91,0.413,16.15,63.8,5,Normal,Good,0,0,0,37.37,17.82,60.22,2.0,0.0,0.0,0.43,42.66,33.21,53.12,7.0,1.0,0.25,0.616,-1.46,-1.67,3.58,3.0,-0.017,-1.0,-3.91,-9.37,5.94,12.022,-7.03,-0.479,4.254,0.1
Zone_45,43,Highway_Junction,GRADUAL_DETERIORATION,2987,87,87.0,29.67,0.341,22.38,60.14,4,Normal,Good,0,0,0,35.91,16.15,63.8,5.0,0.0,0.0,0.413,41.64,27.02,57.4,6.5,1.0,0.25,0.546,-6.24,6.23,-3.66,-1.0,-0.072,0.0,-17.38,38.58,-5.74,9.933,-8.293,-3.852,4.243,-0.1
Zone_45,44,Highway_Junction,GRADUAL_DETERIORATION,2987,87,87.0,32.2,0.37,18.17,60.65,1,Normal,Good,0,0,0,29.67,22.38,60.14,4.0,0.0,0.0,0.341,37.77,23.22,59.48,4.75,1.0,0.25,0.469,2.53,-4.21,0.51,-3.0,0.029,0.0,8.53,-18.81,0.85,10.78,-4.418,-5.687,2.272,-0.3
Zone_45,45,Highway_Junction,GRADUAL_DETERIORATION,2987,87,87.0,30.09,0.346,11.74,63.63,2,Normal,Good,0,0,0,32.2,18.17,60.65,1.0,0.0,0.0,0.37,33.79,18.63,61.2,3.0,0.0,0.0,0.388,-2.11,-6.43,2.98,1.0,-0.024,0.0,-6.55,-35.39,4.91,10.074,0.728,-2.175,-0.237,0.0
Zone_45,46,Highway_Junction,GRADUAL_DETERIORATION,2987,87,87.0,34.52,0.397,19.37,61.61,0,Normal,Good,0,0,0,30.09,11.74,63.63,2.0,0.0,0.0,0.346,31.97,17.11,62.06,3.0,0.0,0.0,0.368,4.43,7.63,-2.02,-2.0,0.051,0.0,14.72,64.99,-3.17,11.557,-1.744,-1.493,0.0,0.0
Zone_45,47,Highway_Junction,GRADUAL_DETERIORATION,2987,87,87.0,35.93,0.413,15.79,61.15,5,Normal,Good,0,0,0,34.52,19.37,61.61,0.0,0.0,0.0,0.397,31.62,17.92,61.51,1.75,0.0,0.0,0.364,1.41,-3.58,-0.46,5.0,0.016,0.0,4.08,-18.48,-0.75,12.029,-1.546,1.244,0.739,0.0
Zone_45,48,Highway_Junction,GRADUAL_DETERIORATION,2987,87,87.0,34.84,0.4,15.68,63.88,4,Normal,Good,0,0,0,35.93,15.79,61.15,5.0,0.0,0.0,0.413,33.18,16.27,61.76,2.0,0.0,0.0,0.382,-1.09,-0.11,2.73,-1.0,-0.013,0.0,-3.03,-0.7,4.46,11.664,0.049,1.562,-0.052,0.0
Zone_45,49,Highway_Junction,GRADUAL_DETERIORATION,2987,87,87.0,37.36,0.429,22.32,59.16,2,Normal,Good,0,0,0,34.84,15.68,63.88,4.0,0.0,0.0,0.4,33.84,15.65,62.57,2.75,0.0,0.0,0.389,2.52,6.64,-4.72,-2.0,0.029,0.0,7.23,42.35,-7.39,12.508,0.824,1.566,0.029,0.0
Zone_45,50,Highway_Junction,GRADUAL_DETERIORATION,2987,87,87.0,43.28,0.497,22.47,59.41,5,Normal,Good,0,0,0,37.36,22.32,59.16,2.0,0.0,0.0,0.429,35.66,18.29,61.45,2.75,0.0,0.0,0.41,5.92,0.15,0.25,3.0,0.068,0.0,15.85,0.67,0.42,14.489,0.874,0.743,-0.462,0.0
Zone_45,51,Highway_Junction,GRADUAL_DETERIORATION,2987,87,87.0,33.0,0.379,19.08,63.39,3,Normal,Good,0,0,0,43.28,22.47,59.41,5.0,0.0,0.0,0.497,37.85,19.06,60.9,4.0,0.0,0.0,0.435,-10.28,-3.39,3.98,-2.0,-0.118,0.0,-23.75,-15.09,6.7,11.048,2.668,2.457,-0.994,0.0
Zone_45,52,Highway_Junction,GRADUAL_DETERIORATION,2987,87,72.04,35.42,0.492,25.82,48.83,4,Light Rain,Moderate,0,1,1,33.0,19.08,63.39,3.0,0.0,0.0,0.379,37.12,19.89,61.46,3.5,0.0,0.0,0.426,2.42,6.74,-14.56,1.0,0.113,0.0,7.33,35.32,-22.97,11.858,1.035,0.04,-0.122,0.0
Zone_46,1,University_District,GRADUAL_IMPROVEMENT,8049,51,51.0,40.71,0.798,49.57,52.01,5,Normal,Good,0,0,0,,,,,,,,,,,,,,,,,,,,,,,,5.058,,,,
Zone_46,2,University_District,GRADUAL_IMPROVEMENT,8049,51,51.0,46.1,0.904,59.08,45.09,4,Normal,Good,0,0,0,40.71,49.57,52.01,5.0,0.0,0.0,0.798,,,,,,,,5.39,9.51,-6.92,-1.0,0.106,,13.24,19.18,-13.31,5.727,,,,
Zone_46,3,University_District,GRADUAL_IMPROVEMENT,8049,51,51.0,40.56,0.795,39.8,49.16,7,Normal,Good,0,1,1,46.1,59.08,45.09,4.0,0.0,0.0,0.904,,,,,,,,-5.54,-19.28,4.07,3.0,-0.109,0.0,-12.02,-32.63,9.03,5.039,,,,
Zone_46,4,University_District,GRADUAL_IMPROVEMENT,8049,51,51.0,36.55,0.717,36.27,56.28,4,Normal,Good,0,0,0,40.56,39.8,49.16,7.0,1.0,1.0,0.795,,,,,,,,-4.01,-3.53,7.12,-3.0,-0.078,1.0,-9.89,-8.87,14.48,4.541,,,,
Zone_46,5,University_District,GRADUAL_IMPROVEMENT,8049,51,51.0,34.87,0.684,34.58,54.38,9,Normal,Good,0,0,0,36.55,36.27,56.28,4.0,0.0,0.0,0.717,40.98,46.18,50.64,5.0,1.0,0.25,0.804,-1.68,-1.69,-1.9,5.0,-0.033,-1.0,-4.6,-4.66,-3.38,4.332,-5.918,-1.802,1.688,0.1
Zone_46,6,University_District,GRADUAL_IMPROVEMENT,8049,51,51.0,39.28,0.77,42.02,53.12,3,Normal,Good,0,0,0,34.87,34.58,54.38,9.0,0.0,0.0,0.684,39.52,42.43,51.23,6.0,1.0,0.25,0.775,4.41,7.44,-1.26,-6.0,0.086,0.0,12.65,21.52,-2.32,4.88,-7.703,-3.77,3.499,-0.1
Zone_46,7,University_District,GRADUAL_IMPROVEMENT,8049,51,51.0,36.08,0.707,38.03,52.82,4,Normal,Good,0,0,0,39.28,42.02,53.12,3.0,0.0,0.0,0.77,37.82,38.17,53.24,5.75,1.0,0.25,0.742,-3.2,-3.99,-0.3,1.0,-0.063,0.0,-8.15,-9.5,-0.56,4.483,0.497,-0.552,0.998,-0.3
Zone_46,8,University_District,GRADUAL_IMPROVEMENT,8049,51,51.0,35.38,0.694,34.91,57.62,5,Normal,Good,0,0,0,36.08,38.03,52.82,4.0,0.0,0.0,0.707,36.7,37.72,54.15,5.0,0.0,0.0,0.72,-0.7,-3.12,4.8,1.0,-0.013,0.0,-1.94,-8.2,9.09,4.396,1.272,0.3,-1.164,0.0
Zone_46,9,University_District,GRADUAL_IMPROVEMENT,8049,51,51.0,36.09,0.708,34.69,54.51,5,Normal,Good,0,0,0,35.38,34.91,57.62,5.0,0.0,0.0,0.694,36.4,37.38,54.48,5.25,0.0,0.0,0.714,0.71,-0.22,-3.11,0.0,0.014,0.0,2.01,-0.63,-5.4,4.484,-0.3,-0.167,0.942,0.0
Zone_46,10,University_District,GRADUAL_IMPROVEMENT,8049,51,51.0,28.32,0.555,21.95,58.27,6,Normal,Good,0,0,0,36.09,34.69,54.51,5.0,0.0,0.0,0.708,36.71,37.41,54.52,4.25,0.0,0.0,0.72,-7.77,-12.74,3.76,1.0,-0.153,0.0,-21.53,-36.73,6.9,3.518,-2.511,-1.027,0.897,0.0
Zone_46,11,University_District,GRADUAL_IMPROVEMENT,8049,51,51.0,29.64,0.581,23.58,58.69,4,Normal,Good,0,0,0,28.32,21.95,58.27,6.0,0.0,0.0,0.555,33.97,32.39,55.8,5.0,0.0,0.0,0.666,1.32,1.63,0.42,-2.0,0.026,0.0,4.66,7.43,0.72,3.682,-4.846,-2.257,1.324,0.0
Zone_46,12,University_District,GRADUAL_IMPROVEMENT,8049,51,51.0,33.4,0.655,35.39,56.0,5,Normal,Good,0,0,0,29.64,23.58,58.69,4.0,0.0,0.0,0.581,32.36,28.78,57.27,5.0,0.0,0.0,0.635,3.76,11.81,-2.69,1.0,0.074,0.0,12.69,50.08,-4.58,4.15,-4.673,-2.499,0.697,0.0
Zone_46,13,University_District,GRADUAL_IMPROVEMENT,8049,51,51.0,32.24,0.632,36.02,51.81,2,Normal,Good,0,0,0,33.4,35.39,56.0,5.0,0.0,0.0,0.655,31.86,28.9,56.87,5.0,0.0,0.0,0.625,-1.16,0.63,-4.19,-3.0,-0.023,0.0,-3.47,1.78,-7.48,4.005,0.373,-0.675,0.489,0.0
Zone_46,14,University_District,GRADUAL_IMPROVEMENT,8049,51,51.0,28.68,0.562,24.77,60.32,3,Normal,Good,0,1,1,32.24,36.02,51.81,2.0,0.0,0.0,0.632,30.9,29.24,56.19,4.25,0.0,0.0,0.606,-3.56,-11.25,8.51,1.0,-0.07,0.0,-11.04,-31.23,16.43,3.563,5.402,1.552,-2.207,0.0
Zone_46,15,University_District,GRADUAL_IMPROVEMENT,8049,51,51.0,27.81,0.545,25.75,61.57,2,Normal,Good,0,0,0,28.68,24.77,60.32,3.0,1.0,1.0,0.562,30.99,29.94,56.7,3.5,1.0,0.25,0.608,-0.87,0.98,1.25,-1.0,-0.017,1.0,-3.03,3.96,2.07,3.455,0.42,-0.404,0.07,0.3
Zone_46,16,University_District,GRADUAL_IMPROVEMENT,8049,51,51.0,29.68,0.582,24.98,60.12,4,Normal,Good,0,1,1,27.81,25.75,61.57,2.0,0.0,0.0,0.545,30.53,30.48,57.42,3.0,1.0,0.25,0.598,1.87,-0.77,-1.45,2.0,0.037,-1.0,6.72,-2.99,-2.36,3.687,-4.017,-2.033,2.522,0.1
Zone_46,17,University_District,GRADUAL_IMPROVEMENT,8049,51,51.0,32.8,0.643,33.97,58.86,3,Normal,Good,0,1,1,29.68,24.98,60.12,4.0,1.0,1.0,0.582,29.6,27.88,58.46,2.75,2.0,0.5,0.58,3.12,8.99,-1.26,-1.0,0.061,1.0,10.51,35.99,-2.1,4.075,-3.214,-0.855,2.618,0.2
Zone_46,18,University_District,GRADUAL_IMPROVEMENT,8049,51,35.89,35.06,0.977,67.41,33.2,14,Light Rain,Moderate,1,0,0,32.8,33.97,58.86,3.0,1.0,1.0,0.643,29.74,27.37,60.22,3.0,3.0,0.75,0.583,2.26,33.44,-25.66,11.0,0.334,0.0,6.89,98.44,-43.59,4.356,2.683,1.423,-0.583,0.1
Zone_46,19,University_District,GRADUAL_IMPROVEMENT,8049,51,43.35,45.6,1.052,63.99,46.04,8,Normal,Good,1,0,0,35.06,67.41,33.2,14.0,0.0,0.0,0.977,31.34,38.03,53.44,5.75,2.0,0.5,0.687,10.54,-3.42,12.84,-6.0,0.075,-1.0,30.06,-5.07,38.67,5.665,13.397,2.487,-8.637,0.0
Zone_46,20,University_District,GRADUAL_IMPROVEMENT,8049,51,51.0,39.42,0.773,42.67,54.72,6,Normal,Good,0,2,1,45.6,63.99,46.04,8.0,0.0,0.0,1.052,35.78,47.59,49.56,7.25,2.0,0.5,0.814,-6.18,-21.32,8.68,-2.0,-0.279,0.0,-13.55,-33.32,18.85,4.898,15.047,5.002,-6.79,-0.4
Zone_46,21,University_District,GRADUAL_IMPROVEMENT,8049,51,51.0,39.67,0.778,43.69,53.41,5,Normal,Good,0,0,0,39.42,42.67,54.72,6.0,2.0,1.0,0.773,38.22,52.01,48.21,7.75,3.0,0.5,0.861,0.25,1.02,-1.31,-1.0,0.005,2.0,0.63,2.39,-2.39,4.929,2.268,3.04,0.042,0.0
Zone_46,22,University_District,GRADUAL_IMPROVEMENT,8049,51,51.0,32.78,0.643,35.87,54.83,6,Normal,Good,0,0,0,39.67,43.69,53.41,5.0,0.0,0.0,0.778,39.94,54.44,46.84,8.25,2.0,0.25,0.895,-6.89,-7.82,1.42,1.0,-0.135,-2.0,-17.37,-17.9,2.66,4.073,-9.248,0.765,6.931,0.1
Zone_46,23,University_District,GRADUAL_IMPROVEMENT,8049,51,42.23,28.64,0.678,34.37,48.82,3,Light Rain,Moderate,0,0,0,32.78,35.87,54.83,6.0,0.0,0.0,0.643,39.37,46.56,52.25,6.25,2.0,0.25,0.812,-4.14,-1.5,-6.01,-3.0,0.035,0.0,-12.63,-4.18,-10.96,3.558,-8.334,-3.821,2.506,-0.1
Zone_46,24,University_District,GRADUAL_IMPROVEMENT,8049,51,51.0,31.76,0.623,33.04,56.75,3,Normal,Good,0,1,1,28.64,34.37,48.82,3.0,0.0,0.0,0.678,35.13,39.15,52.94,5.0,2.0,0.25,0.718,3.12,-1.33,7.93,0.0,-0.055,0.0,10.89,-3.87,16.24,3.946,-3.272,-3.923,-1.628,-0.3
Zone_46,25,University_District,GRADUAL_IMPROVEMENT,8049,51,51.0,25.06,0.491,25.47,63.54,3,Normal,Good,0,0,0,31.76,33.04,56.75,3.0,1.0,1.0,0.623,33.21,36.74,53.45,4.25,1.0,0.25,0.681,-6.7,-7.57,6.79,0.0,-0.132,1.0,-21.1,-22.91,11.96,3.113,-3.345,-2.787,0.401,0.3
Zone_46,26,University_District,GRADUAL_IMPROVEMENT,8049,51,51.0,20.08,0.394,20.77,62.05,6,Normal,Good,0,0,0,25.06,25.47,63.54,3.0,0.0,0.0,0.491,29.56,32.19,55.98,3.75,1.0,0.25,0.609,-4.98,-4.7,-1.49,3.0,-0.097,-1.0,-19.87,-18.45,-2.34,2.495,-3.253,-2.004,3.406,0.1
Zone_46,27,University_District,GRADUAL_IMPROVEMENT,8049,51,51.0,23.95,0.47,21.06,61.05,4,Normal,Good,0,0,0,20.08,20.77,62.05,6.0,0.0,0.0,0.394,26.38,28.41,57.79,3.75,1.0,0.25,0.546,3.87,0.29,-1.0,-2.0,0.076,0.0,19.27,1.4,-1.61,2.976,-4.837,-3.238,4.648,-0.1
Zone_46,28,University_District,GRADUAL_IMPROVEMENT,8049,51,51.0,25.94,0.509,20.12,60.58,5,Normal,Good,0,0,0,23.95,21.06,61.05,4.0,0.0,0.0,0.47,25.21,25.08,60.85,4.0,1.0,0.25,0.494,1.99,-0.94,-0.47,1.0,0.039,0.0,8.31,-4.46,-0.77,3.223,-4.064,-2.841,1.141,-0.3
Zone_46,29,University_District,GRADUAL_IMPROVEMENT,8049,51,51.0,34.27,0.672,35.58,54.74,2,Normal,Good,0,0,0,25.94,20.12,60.58,5.0,0.0,0.0,0.509,23.76,21.86,61.8,4.5,0.0,0.0,0.466,8.33,15.46,-5.84,-3.0,0.163,0.0,32.11,76.84,-9.64,4.258,-1.576,0.651,-0.988,0.0
Zone_46,30,University_District,GRADUAL_IMPROVEMENT,8049,51,42.23,35.97,0.852,56.2,40.52,4,Light Rain,Moderate,0,0,0,34.27,35.58,54.74,2.0,0.0,0.0,0.672,26.06,24.38,59.6,4.25,0.0,0.0,0.511,1.7,20.62,-14.22,2.0,0.18,0.0,4.96,57.95,-25.98,4.469,4.349,4.456,-2.24,0.0
Zone_46,31,University_District,GRADUAL_IMPROVEMENT,8049,51,51.0,27.45,0.538,29.05,56.23,6,Normal,Good,0,0,0,35.97,56.2,40.52,4.0,0.0,0.0,0.852,30.03,33.24,54.22,3.75,0.0,0.0,0.626,-8.52,-27.15,15.71,2.0,-0.314,0.0,-23.69,-48.31,38.77,3.41,12.088,4.439,-6.743,0.0
Zone_46,32,University_District,GRADUAL_IMPROVEMENT,8049,51,51.0,24.76,0.485,24.82,61.64,4,Normal,Good,0,0,0,27.45,29.05,56.23,6.0,0.0,0.0,0.538,30.91,35.24,53.02,4.25,0.0,0.0,0.643,-2.69,-4.23,5.41,-2.0,-0.053,0.0,-9.8,-14.56,9.62,3.076,4.741,0.623,-2.727,0.0
Zone_46,33,University_District,GRADUAL_IMPROVEMENT,8049,51,29.84,30.25,1.014,79.12,13.89,10,Heavy Rain,Poor,0,2,1,24.76,24.82,61.64,4.0,0.0,0.0,0.485,30.61,36.41,53.28,4.0,0.0,0.0,0.637,5.49,54.3,-47.75,6.0,0.529,0.0,22.17,218.77,-77.47,3.758,-5.943,-3.705,3.641,0.0
Zone_46,34,University_District,GRADUAL_IMPROVEMENT,8049,51,29.84,33.93,1.137,93.31,10.82,10,Heavy Rain,Poor,0,1,1,30.25,79.12,13.89,10.0,2.0,1.0,1.014,29.61,47.3,43.07,6.0,2.0,0.25,0.722,3.68,14.19,-3.07,0.0,0.123,2.0,12.17,17.93,-22.1,4.215,6.453,-1.985,-7.448,0.3
Zone_46,35,University_District,GRADUAL_IMPROVEMENT,8049,51,42.23,33.78,0.8,50.74,40.02,6,Light Rain,Moderate,0,2,1,33.93,93.31,10.82,10.0,1.0,1.0,1.137,29.1,56.58,35.64,7.5,3.0,0.5,0.794,-0.15,-42.57,29.2,-4.0,-0.337,-1.0,-0.44,-45.62,269.87,4.197,24.708,2.493,-18.398,0.4
Zone_46,36,University_District,GRADUAL_IMPROVEMENT,8049,51,29.84,29.74,0.997,81.68,16.39,7,Heavy Rain,Poor,0,2,1,33.78,50.74,40.02,6.0,2.0,1.0,0.8,30.68,62.0,31.59,7.5,5.0,0.75,0.859,-4.04,30.94,-23.63,1.0,0.197,1.0,-11.96,60.98,-59.05,3.695,9.195,3.074,-6.793,0.3
Zone_46,37,University_District,GRADUAL_IMPROVEMENT,8049,51,51.0,29.14,0.571,25.63,56.98,4,Normal,Good,0,0,0,29.74,81.68,16.39,7.0,2.0,1.0,0.997,31.92,76.21,20.28,8.25,7.0,1.0,0.987,-0.6,-56.05,40.59,-3.0,-0.426,0.0,-2.02,-68.62,247.65,3.62,-3.489,-0.168,3.67,0.0
Zone_46,38,University_District,GRADUAL_IMPROVEMENT,8049,51,42.23,30.9,0.732,48.57,43.97,5,Light Rain,Moderate,0,0,0,29.14,25.63,56.98,4.0,0.0,0.0,0.571,31.65,62.84,31.05,6.75,5.0,0.75,0.876,1.76,22.94,-13.01,1.0,0.161,-2.0,6.04,89.5,-22.83,3.839,-17.21,-1.841,11.485,-0.3
Zone_46,39,University_District,GRADUAL_IMPROVEMENT,8049,51,42.23,31.23,0.74,42.49,44.1,8,Light Rain,Moderate,0,1,1,30.9,48.57,43.97,5.0,0.0,0.0,0.732,30.89,51.66,39.34,5.5,4.0,0.5,0.775,0.33,-6.08,0.13,3.0,0.008,0.0,1.07,-12.52,0.3,3.88,-6.256,-0.924,5.244,-0.4
Zone_46,40,University_District,GRADUAL_IMPROVEMENT,8049,51,51.0,28.32,0.555,26.65,62.04,2,Normal,Good,0,0,0,31.23,42.49,44.1,8.0,1.0,1.0,0.74,30.25,49.59,40.36,6.0,3.0,0.5,0.76,-2.91,-15.84,17.94,-6.0,-0.185,1.0,-9.32,-37.28,40.68,3.518,-9.463,0.623,7.012,0.0
Zone_46,41,University_District,GRADUAL_IMPROVEMENT,8049,51,51.0,27.5,0.539,27.72,60.88,4,Normal,Good,0,0,0,28.32,26.65,62.04,2.0,0.0,0.0,0.555,29.9,35.84,51.77,4.75,1.0,0.25,0.65,-0.82,1.07,-1.16,2.0,-0.016,-1.0,-2.9,4.01,-1.87,3.417,-0.302,-0.213,1.531,0.1
Zone_46,42,University_District,GRADUAL_IMPROVEMENT,8049,51,42.23,26.59,0.63,32.74,48.91,7,Light Rain,Moderate,0,0,0,27.5,27.72,60.88,4.0,0.0,0.0,0.539,29.49,36.36,52.75,4.75,1.0,0.25,0.642,-0.91,5.02,-11.97,3.0,0.091,0.0,-3.31,18.11,-19.66,3.304,-7.839,-1.311,6.867,-0.1
Zone_46,43,University_District,GRADUAL_IMPROVEMENT,8049,51,51.0,26.07,0.511,22.84,59.86,4,Normal,Good,0,1,1,26.59,32.74,48.91,7.0,0.0,0.0,0.63,28.41,32.4,53.98,5.25,1.0,0.25,0.616,-0.52,-9.9,10.95,-3.0,-0.119,0.0,-1.96,-30.24,22.39,3.239,-2.818,-1.474,1.327,-0.3
Zone_46,44,University_District,GRADUAL_IMPROVEMENT,8049,51,51.0,25.84,0.507,25.42,60.85,3,Normal,Good,0,0,0,26.07,22.84,59.86,4.0,1.0,1.0,0.511,27.12,27.49,57.92,4.25,1.0,0.25,0.559,-0.23,2.58,0.99,-1.0,-0.004,1.0,-0.88,11.3,1.65,3.21,-0.641,-0.766,-1.851,0.3
Zone_46,45,University_District,GRADUAL_IMPROVEMENT,8049,51,51.0,24.7,0.484,24.3,58.51,3,Normal,Good,0,0,0,25.84,25.42,60.85,3.0,0.0,0.0,0.507,26.5,27.18,57.62,4.5,1.0,0.25,0.547,-1.14,-1.12,-2.34,0.0,-0.023,-1.0,-4.41,-4.41,-3.85,3.069,-1.68,-0.55,1.086,0.1
Zone_46,46,University_District,GRADUAL_IMPROVEMENT,8049,51,51.0,19.43,0.381,18.47,61.07,1,Normal,Good,0,0,0,24.7,24.3,58.51,3.0,0.0,0.0,0.484,25.8,26.33,57.03,4.25,1.0,0.25,0.533,-5.27,-5.83,2.56,-2.0,-0.103,0.0,-21.34,-23.99,4.38,2.414,-2.274,-0.59,2.979,-0.1
Zone_46,47,University_District,GRADUAL_IMPROVEMENT,8049,51,51.0,19.91,0.39,20.41,61.51,4,Normal,Good,0,0,0,19.43,18.47,61.07,1.0,0.0,0.0,0.381,24.01,22.76,60.07,2.75,1.0,0.25,0.471,0.48,1.94,0.44,3.0,0.009,0.0,2.47,10.5,0.72,2.474,-1.423,-2.106,0.129,-0.3
Zone_46,48,University_District,GRADUAL_IMPROVEMENT,8049,51,51.0,23.63,0.463,19.9,60.91,3,Normal,Good,0,0,0,19.91,20.41,61.51,4.0,0.0,0.0,0.39,22.47,22.15,60.48,2.75,0.0,0.0,0.44,3.72,-0.51,-0.6,-1.0,0.073,0.0,18.68,-2.5,-0.98,2.936,-2.086,-2.306,0.454,0.0
Zone_46,49,University_District,GRADUAL_IMPROVEMENT,8049,51,42.23,26.73,0.633,37.85,46.33,5,Light Rain,Moderate,0,0,0,23.63,19.9,60.91,3.0,0.0,0.0,0.463,21.92,20.77,60.5,2.75,0.0,0.0,0.43,3.1,17.95,-14.58,2.0,0.17,0.0,13.12,90.2,-23.94,3.321,-1.126,-0.273,0.764,0.0
Zone_46,50,University_District,GRADUAL_IMPROVEMENT,8049,51,51.0,26.45,0.519,19.59,63.57,3,Normal,Good,0,0,0,26.73,37.85,46.33,5.0,0.0,0.0,0.633,22.42,24.16,57.46,3.25,0.0,0.0,0.467,-0.28,-18.26,17.24,-2.0,-0.114,0.0,-1.05,-48.24,37.21,3.286,5.763,2.562,-4.482,0.0
Zone_46,51,University_District,GRADUAL_IMPROVEMENT,8049,51,42.23,32.66,0.773,51.81,42.25,7,Light Rain,Moderate,0,2,1,26.45,19.59,63.57,3.0,0.0,0.0,0.519,24.18,24.44,58.08,3.75,0.0,0.0,0.501,6.21,32.22,-21.32,4.0,0.254,0.0,23.48,164.47,-33.54,4.058,1.549,2.272,-0.84,0.0
Zone_46,52,University_District,GRADUAL_IMPROVEMENT,8049,51,51.0,27.14,0.532,25.59,59.78,6,Normal,Good,0,0,0,32.66,51.81,42.25,7.0,2.0,1.0,0.773,27.37,32.29,53.26,4.5,2.0,0.25,0.597,-5.52,-26.22,17.53,-1.0,-0.241,2.0,-16.9,-50.61,41.49,3.372,7.747,2.681,-3.874,0.3
Zone_47,1,University_District,RECOVERY_AFTER_DISRUPTION,8056,58,58.0,41.55,0.716,36.5,60.97,3,Normal,Good,0,0,0,,,,,,,,,,,,,,,,,,,,,,,,5.158,,,,
Zone_47,2,University_District,RECOVERY_AFTER_DISRUPTION,8056,58,58.0,32.76,0.565,26.11,59.58,4,Normal,Good,0,0,0,41.55,36.5,60.97,3.0,0.0,0.0,0.716,,,,,,,,-8.79,-10.39,-1.39,1.0,-0.151,,-21.16,-28.47,-2.28,4.067,,,,
Zone_47,3,University_District,RECOVERY_AFTER_DISRUPTION,8056,58,58.0,35.59,0.614,30.49,56.78,1,Normal,Good,0,1,1,32.76,26.11,59.58,4.0,0.0,0.0,0.565,,,,,,,,2.83,4.38,-2.8,-3.0,0.049,0.0,8.64,16.78,-4.7,4.418,,,,
Zone_47,4,University_District,RECOVERY_AFTER_DISRUPTION,8056,58,58.0,30.66,0.529,27.45,56.8,6,Normal,Good,0,0,0,35.59,30.49,56.78,1.0,1.0,1.0,0.614,,,,,,,,-4.93,-3.04,0.02,5.0,-0.085,1.0,-13.85,-9.97,0.04,3.806,,,,
Zone_47,5,University_District,RECOVERY_AFTER_DISRUPTION,8056,58,58.0,29.88,0.515,24.4,59.58,5,Normal,Good,0,0,0,30.66,27.45,56.8,6.0,0.0,0.0,0.529,35.14,30.14,58.53,3.5,1.0,0.25,0.606,-0.78,-3.05,2.78,-1.0,-0.014,-1.0,-2.54,-11.11,4.89,3.709,-2.277,-2.984,-1.531,0.1
Zone_47,6,University_District,RECOVERY_AFTER_DISRUPTION,8056,58,48.02,28.85,0.601,36.97,48.79,1,Light Rain,Moderate,0,0,0,29.88,24.4,59.58,5.0,0.0,0.0,0.515,32.22,27.11,58.18,4.0,1.0,0.25,0.556,-1.03,12.57,-10.79,-4.0,0.086,0.0,-3.45,51.52,-18.11,3.581,-0.817,-1.357,0.002,-0.1
Zone_47,7,University_District,RECOVERY_AFTER_DISRUPTION,8056,58,58.0,26.42,0.456,22.15,58.57,2,Normal,Good,0,0,0,28.85,36.97,48.79,1.0,0.0,0.0,0.601,31.25,29.83,55.49,3.25,1.0,0.25,0.565,-2.43,-14.82,9.78,1.0,-0.145,0.0,-8.42,-40.09,20.05,3.28,1.639,-2.1,-2.119,-0.3
Zone_47,8,University_District,RECOVERY_AFTER_DISRUPTION,8056,58,58.0,29.3,0.505,26.29,55.45,4,Normal,Good,0,0,0,26.42,22.15,58.57,2.0,0.0,0.0,0.456,28.95,27.74,55.94,3.5,0.0,0.0,0.525,2.88,4.14,-3.12,2.0,0.049,0.0,10.9,18.69,-5.33,3.637,-0.333,-1.375,-0.548,0.0
Zone_47,9,University_District,RECOVERY_AFTER_DISRUPTION,8056,58,58.0,33.32,0.574,29.4,56.18,2,Normal,Good,0,0,0,29.3,26.29,55.45,4.0,0.0,0.0,0.505,28.61,27.45,55.6,3.0,0.0,0.0,0.519,4.02,3.11,0.73,-2.0,0.069,0.0,13.72,11.83,1.32,4.136,-0.915,-0.417,-0.261,0.0
Zone_47,10,University_District,RECOVERY_AFTER_DISRUPTION,8056,58,48.02,33.86,0.705,44.33,45.1,6,Light Rain,Moderate,0,2,1,33.32,29.4,56.18,2.0,0.0,0.0,0.574,29.47,28.7,54.75,2.25,0.0,0.0,0.534,0.54,14.93,-11.08,4.0,0.131,0.0,1.62,50.78,-19.72,4.203,-1.857,1.629,1.905,0.0
Zone_47,11,University_District,RECOVERY_AFTER_DISRUPTION,8056,58,58.0,41.29,0.712,37.49,53.91,5,Normal,Good,0,0,0,33.86,44.33,45.1,6.0,2.0,1.0,0.705,30.72,30.54,53.82,3.5,2.0,0.25,0.56,7.43,-6.84,8.81,-1.0,0.007,2.0,21.94,-15.43,19.53,5.125,6.965,2.634,-3.968,0.3
Zone_47,12,University_District,RECOVERY_AFTER_DISRUPTION,8056,58,48.02,41.77,0.87,55.37,40.35,5,Light Rain,Moderate,0,0,0,41.29,37.49,53.91,5.0,0.0,0.0,0.712,34.44,34.38,52.66,4.25,2.0,0.25,0.624,0.48,17.88,-13.56,0.0,0.158,-2.0,1.16,47.69,-25.15,5.185,4.853,3.651,-1.57,0.1
Zone_47,13,University_District,RECOVERY_AFTER_DISRUPTION,8056,58,48.02,45.16,0.94,61.37,36.72,7,Light Rain,Moderate,0,1,1,41.77,55.37,40.35,5.0,0.0,0.0,0.87,37.56,41.65,48.89,4.5,2.0,0.25,0.715,3.39,6.0,-3.63,2.0,0.07,0.0,8.12,10.84,-9.0,5.606,7.107,3.278,-3.868,-0.1
Zone_47,14,University_District,RECOVERY_AFTER_DISRUPTION,8056,58,58.0,44.25,0.763,42.67,52.04,6,Normal,Good,0,0,0,45.16,61.37,36.72,7.0,1.0,1.0,0.94,40.52,49.64,44.02,5.75,3.0,0.5,0.807,-0.91,-18.7,15.32,-1.0,-0.177,1.0,-2.02,-30.47,41.72,5.493,6.9,3.438,-3.87,0.0
Zone_47,15,University_District,RECOVERY_AFTER_DISRUPTION,8056,58,48.02,43.84,0.913,54.9,37.58,6,Light Rain,Moderate,0,2,1,44.25,42.67,52.04,6.0,0.0,0.0,0.763,43.12,49.22,45.76,5.75,1.0,0.25,0.821,-0.41,12.23,-14.46,0.0,0.15,-1.0,-0.93,28.66,-27.79,5.442,2.154,1.227,-0.924,0.1
Zone_47,16,University_District,RECOVERY_AFTER_DISRUPTION,8056,58,58.0,48.39,0.834,50.69,51.76,2,Normal,Good,0,0,0,43.84,54.9,37.58,6.0,2.0,1.0,0.913,43.76,53.58,41.67,6.0,3.0,0.5,0.872,4.55,-4.21,14.18,-4.0,-0.079,2.0,10.38,-7.67,37.73,6.007,-2.011,0.53,0.701,0.2
Zone_47,17,University_District,RECOVERY_AFTER_DISRUPTION,8056,58,48.02,45.73,0.952,66.61,31.96,6,Light Rain,Moderate,0,1,1,48.39,50.69,51.76,2.0,0.0,0.0,0.834,45.41,52.41,44.52,5.25,3.0,0.5,0.862,-2.66,15.92,-19.8,4.0,0.118,-2.0,-5.5,31.41,-38.25,5.677,-1.981,0.928,3.066,-0.2
Zone_47,18,University_District,RECOVERY_AFTER_DISRUPTION,8056,58,49.3,48.56,0.985,57.48,44.6,12,Normal,Good,1,0,0,45.73,66.61,31.96,6.0,1.0,1.0,0.952,45.55,53.72,43.33,5.0,3.0,0.5,0.866,2.83,-9.13,12.64,6.0,0.033,1.0,6.19,-13.71,39.55,6.028,6.761,0.899,-4.606,0.2
Zone_47,19,University_District,RECOVERY_AFTER_DISRUPTION,8056,58,49.3,54.64,1.108,70.27,42.64,7,Normal,Good,1,0,0,48.56,57.48,44.6,12.0,0.0,0.0,0.985,46.63,57.42,41.48,6.5,3.0,0.5,0.921,6.08,12.79,-1.96,-5.0,0.123,-1.0,12.52,22.25,-4.39,6.783,2.366,1.15,0.126,-0.2
Zone_47,20,University_District,RECOVERY_AFTER_DISRUPTION,8056,58,58.0,51.87,0.894,52.49,48.52,4,Normal,Good,0,2,1,54.64,70.27,42.64,7.0,0.0,0.0,1.108,49.33,61.26,42.74,6.75,1.0,0.25,0.97,-2.77,-17.78,5.88,-3.0,-0.214,0.0,-5.07,-25.3,13.79,6.439,4.961,2.158,-1.472,-0.1
Zone_47,21,University_District,RECOVERY_AFTER_DISRUPTION,8056,58,47.56,55.09,1.158,74.91,37.87,4,Normal,Good,0,0,0,51.87,52.49,48.52,4.0,2.0,1.0,0.894,50.2,61.71,41.93,7.25,3.0,0.5,0.985,3.22,22.42,-10.65,0.0,0.264,2.0,6.21,42.71,-21.95,6.838,-2.957,2.45,4.772,0.0
Zone_47,22,University_District,RECOVERY_AFTER_DISRUPTION,8056,58,47.56,49.87,1.049,64.91,44.62,3,Normal,Good,0,0,0,55.09,74.91,37.87,4.0,0.0,0.0,1.158,52.54,63.79,43.41,6.75,2.0,0.25,1.036,-5.22,-10.0,6.75,-1.0,-0.109,-2.0,-9.48,-13.35,17.82,6.19,3.451,1.682,-1.431,0.1
Zone_47,23,University_District,RECOVERY_AFTER_DISRUPTION,8056,58,47.56,43.1,0.906,51.66,50.2,4,Normal,Good,0,1,1,49.87,64.91,44.62,3.0,0.0,0.0,1.049,52.87,65.64,43.41,4.5,2.0,0.25,1.052,-6.77,-13.25,5.58,1.0,-0.143,0.0,-13.58,-20.41,12.51,5.35,0.634,-1.109,-0.471,-0.1
Zone_47,24,University_District,RECOVERY_AFTER_DISRUPTION,8056,58,47.56,47.85,1.006,60.27,43.97,7,Normal,Good,0,2,1,43.1,51.66,50.2,4.0,1.0,1.0,0.906,49.98,60.99,45.3,3.75,3.0,0.5,1.002,4.75,8.61,-6.23,3.0,0.1,1.0,11.02,16.67,-12.41,5.94,-1.249,-3.153,1.179,0.0
Zone_47,25,University_District,RECOVERY_AFTER_DISRUPTION,8056,58,39.38,51.34,1.304,91.81,21.04,6,Light Rain,Moderate,0,0,0,47.85,60.27,43.97,7.0,2.0,1.0,1.006,48.98,62.94,44.16,4.5,3.0,0.5,1.03,3.49,31.54,-22.93,-1.0,0.298,1.0,7.29,52.33,-52.15,6.373,-5.717,-2.849,2.388,0.4
Zone_47,26,University_District,RECOVERY_AFTER_DISRUPTION,8056,58,47.56,55.47,1.166,75.03,40.65,3,Normal,Good,0,2,1,51.34,91.81,21.04,6.0,0.0,0.0,1.304,48.04,67.16,39.96,5.0,3.0,0.5,1.066,4.13,-16.78,19.61,-3.0,-0.138,-2.0,8.04,-18.28,93.2,6.886,8.931,0.916,-7.697,0.0
Zone_47,27,University_District,RECOVERY_AFTER_DISRUPTION,8056,58,39.38,55.03,1.397,98.31,21.47,7,Light Rain,Moderate,0,3,1,55.47,75.03,40.65,3.0,2.0,1.0,1.166,49.44,69.69,38.97,5.0,5.0,0.75,1.096,-0.44,23.28,-19.18,4.0,0.231,2.0,-0.79,31.03,-47.18,6.831,10.165,4.06,-5.158,-0.1
Zone_47,28,University_District,RECOVERY_AFTER_DISRUPTION,8056,58,47.56,55.31,1.163,77.65,37.14,6,Normal,Good,0,2,1,55.03,98.31,21.47,7.0,3.0,1.0,1.397,52.42,81.36,31.78,5.75,7.0,0.75,1.218,0.28,-20.66,15.67,-1.0,-0.234,1.0,0.51,-21.02,72.99,6.866,9.734,2.567,-4.789,0.1
Zone_47,29,University_District,RECOVERY_AFTER_DISRUPTION,8056,58,58.0,58.52,1.009,64.99,45.64,6,Normal,Good,0,1,1,55.31,77.65,37.14,6.0,2.0,1.0,1.163,54.29,85.7,30.08,5.5,7.0,0.75,1.258,3.21,-12.66,8.5,0.0,-0.154,-1.0,5.8,-16.3,22.89,7.264,-1.92,1.147,2.912,0.3
Zone_47,30,University_District,RECOVERY_AFTER_DISRUPTION,8056,58,58.0,50.42,0.869,51.79,48.21,8,Normal,Good,0,0,0,58.52,64.99,45.64,6.0,1.0,1.0,1.009,56.08,79.0,36.22,5.5,8.0,1.0,1.184,-8.1,-13.2,2.57,2.0,-0.14,-1.0,-13.84,-20.31,5.63,6.259,-5.078,0.943,3.064,0.0
Zone_47,31,University_District,RECOVERY_AFTER_DISRUPTION,8056,58,48.02,51.25,1.067,72.94,31.43,2,Light Rain,Moderate,0,1,1,50.42,51.79,48.21,8.0,0.0,0.0,0.869,54.82,73.18,38.12,6.75,6.0,0.75,1.11,0.83,21.15,-16.78,-6.0,0.198,-1.0,1.65,40.84,-34.81,6.362,-15.222,-1.062,8.872,-0.3
Zone_47,32,University_District,RECOVERY_AFTER_DISRUPTION,8056,58,33.93,43.41,1.279,100.0,10.0,12,Heavy Rain,Poor,0,1,1,51.25,72.94,31.43,2.0,1.0,1.0,1.067,53.88,66.84,40.61,5.5,4.0,0.75,1.027,-7.84,27.06,-21.43,10.0,0.212,1.0,-15.3,37.1,-68.18,5.389,-2.733,-2.028,-1.456,-0.1
Zone_47,33,University_District,RECOVERY_AFTER_DISRUPTION,8056,58,58.0,40.87,0.705,35.46,57.09,4,Normal,Good,0,0,0,43.41,100.0,10.0,12.0,1.0,1.0,1.279,50.9,72.43,33.82,7.0,3.0,0.75,1.056,-2.54,-64.54,47.09,-8.0,-0.574,0.0,-5.85,-64.54,470.9,5.073,12.618,-4.45,-12.37,0.1
Zone_47,34,University_District,RECOVERY_AFTER_DISRUPTION,8056,58,48.02,45.82,0.954,64.21,34.62,6,Light Rain,Moderate,0,0,0,40.87,35.46,57.09,4.0,0.0,0.0,0.705,46.49,65.05,36.68,6.5,2.0,0.5,0.98,4.95,28.75,-22.47,2.0,0.249,-1.0,12.11,81.08,-39.36,5.688,-2.193,-3.649,0.521,0.0
Zone_47,35,University_District,RECOVERY_AFTER_DISRUPTION,8056,58,58.0,37.82,0.652,32.63,59.26,3,Normal,Good,0,0,0,45.82,64.21,34.62,6.0,0.0,0.0,0.954,45.34,68.15,33.28,6.0,2.0,0.5,1.001,-8.0,-31.58,24.64,-3.0,-0.302,0.0,-17.46,-49.18,71.17,4.695,-9.073,-1.883,5.666,-0.4
Zone_47,36,University_District,RECOVERY_AFTER_DISRUPTION,8056,58,48.02,39.18,0.816,55.76,38.4,4,Light Rain,Moderate,0,0,0,37.82,32.63,59.26,3.0,0.0,0.0,0.652,41.98,58.08,40.24,6.25,1.0,0.25,0.898,1.36,23.13,-20.86,1.0,0.164,0.0,3.6,70.89,-35.2,4.863,-17.336,-1.182,12.531,-0.3
Zone_47,37,University_District,RECOVERY_AFTER_DISRUPTION,8056,58,58.0,36.42,0.628,31.81,58.21,6,Normal,Good,0,0,0,39.18,55.76,38.4,4.0,0.0,0.0,0.816,40.92,47.02,47.34,4.25,0.0,0.0,0.782,-2.76,-23.95,19.81,2.0,-0.188,0.0,-7.04,-42.95,51.59,4.521,2.932,-1.307,-3.143,0.0
Zone_47,38,University_District,RECOVERY_AFTER_DISRUPTION,8056,58,58.0,33.37,0.575,31.73,58.96,2,Normal,Good,0,0,0,36.42,31.81,58.21,6.0,0.0,0.0,0.628,39.81,46.1,47.62,4.75,0.0,0.0,0.762,-3.05,-0.08,0.75,-4.0,-0.053,0.0,-8.37,-0.25,1.29,4.142,-7.407,-2.684,4.991,0.0
Zone_47,39,University_District,RECOVERY_AFTER_DISRUPTION,8056,58,58.0,27.76,0.479,22.44,60.28,2,Normal,Good,0,0,0,33.37,31.73,58.96,2.0,0.0,0.0,0.575,36.7,37.98,53.71,3.75,0.0,0.0,0.668,-5.61,-9.29,1.32,0.0,-0.096,0.0,-16.81,-29.28,2.24,3.446,-2.665,-1.611,1.891,0.0
Zone_47,40,University_District,RECOVERY_AFTER_DISRUPTION,8056,58,58.0,28.57,0.493,24.55,55.82,4,Normal,Good,0,0,0,27.76,22.44,60.28,2.0,0.0,0.0,0.479,34.18,35.44,53.96,3.5,0.0,0.0,0.624,0.81,2.11,-4.46,2.0,0.014,0.0,2.92,9.4,-7.4,3.546,-10.004,-3.731,6.639,0.0
Zone_47,41,University_District,RECOVERY_AFTER_DISRUPTION,8056,58,58.0,31.21,0.538,27.87,59.03,3,Normal,Good,0,0,0,28.57,24.55,55.82,4.0,0.0,0.0,0.493,31.53,27.63,58.32,3.5,0.0,0.0,0.544,2.64,3.32,3.21,-1.0,0.045,0.0,9.24,13.52,5.75,3.874,-3.107,-2.916,-0.585,0.0
Zone_47,42,University_District,RECOVERY_AFTER_DISRUPTION,8056,58,58.0,29.39,0.507,24.82,58.85,4,Normal,Good,0,0,0,31.21,27.87,59.03,3.0,0.0,0.0,0.538,30.23,26.65,58.52,2.75,0.0,0.0,0.521,-1.82,-3.05,-0.18,1.0,-0.031,0.0,-5.83,-10.94,-0.3,3.648,-0.947,-0.567,-0.425,0.0
Zone_47,43,University_District,RECOVERY_AFTER_DISRUPTION,8056,58,58.0,27.65,0.477,23.81,60.65,2,Normal,Good,0,0,0,29.39,24.82,58.85,4.0,0.0,0.0,0.507,29.23,24.92,58.5,3.25,0.0,0.0,0.504,-1.74,-1.01,1.8,-2.0,-0.03,0.0,-5.92,-4.07,3.06,3.432,1.046,0.753,-0.108,0.0
Zone_47,44,University_District,RECOVERY_AFTER_DISRUPTION,8056,58,58.0,32.15,0.554,30.19,57.83,3,Normal,Good,0,0,0,27.65,23.81,60.65,2.0,0.0,0.0,0.477,29.2,25.26,58.59,3.25,0.0,0.0,0.504,4.5,6.38,-2.82,1.0,0.077,0.0,16.27,26.8,-4.65,3.991,-0.527,-0.458,1.431,0.0
Zone_47,45,University_District,RECOVERY_AFTER_DISRUPTION,8056,58,58.0,27.98,0.482,23.34,59.02,4,Normal,Good,0,0,0,32.15,30.19,57.83,3.0,0.0,0.0,0.554,30.1,26.67,59.09,3.0,0.0,0.0,0.519,-4.17,-6.85,1.19,1.0,-0.072,0.0,-12.97,-22.69,2.06,3.473,0.595,0.108,-0.18,0.0
Zone_47,46,University_District,RECOVERY_AFTER_DISRUPTION,8056,58,58.0,35.36,0.61,25.43,58.75,0,Normal,Good,0,0,0,27.98,23.34,59.02,4.0,0.0,0.0,0.482,29.29,25.54,59.09,3.25,0.0,0.0,0.505,7.38,2.09,-0.27,-4.0,0.128,0.0,26.38,8.95,-0.46,4.389,0.194,0.027,-0.231,0.0
Zone_47,47,University_District,RECOVERY_AFTER_DISRUPTION,8056,58,58.0,33.86,0.584,27.95,59.23,1,Normal,Good,0,0,0,35.36,25.43,58.75,0.0,0.0,0.0,0.61,30.78,25.69,59.06,2.25,0.0,0.0,0.531,-1.5,2.52,0.48,1.0,-0.026,0.0,-4.24,9.91,0.82,4.203,-0.199,1.896,-0.451,0.0
Zone_47,48,University_District,RECOVERY_AFTER_DISRUPTION,8056,58,58.0,28.64,0.494,24.2,60.83,2,Normal,Good,0,0,0,33.86,27.95,59.23,1.0,0.0,0.0,0.584,32.34,26.73,58.71,2.0,0.0,0.0,0.558,-5.22,-3.75,1.6,1.0,-0.09,0.0,-15.42,-13.42,2.7,3.555,-0.463,1.251,0.393,0.0
Zone_47,49,University_District,RECOVERY_AFTER_DISRUPTION,8056,58,48.02,35.09,0.731,41.44,47.77,3,Light Rain,Moderate,0,0,0,28.64,24.2,60.83,2.0,0.0,0.0,0.494,31.46,25.23,59.46,1.75,0.0,0.0,0.542,6.45,17.24,-13.06,1.0,0.237,0.0,22.52,71.24,-21.47,4.356,0.51,0.048,0.591,0.0
Zone_47,50,University_District,RECOVERY_AFTER_DISRUPTION,8056,58,58.0,39.23,0.676,33.86,57.24,2,Normal,Good,0,1,1,35.09,41.44,47.77,3.0,0.0,0.0,0.731,33.24,29.76,56.64,1.5,0.0,0.0,0.605,4.14,-7.58,9.47,-1.0,-0.055,0.0,11.8,-18.29,19.82,4.87,4.428,-0.603,-3.134,0.0
Zone_47,51,University_District,RECOVERY_AFTER_DISRUPTION,8056,58,58.0,35.78,0.617,32.99,58.05,4,Normal,Good,0,1,1,39.23,33.86,57.24,2.0,1.0,1.0,0.676,34.2,31.86,56.27,2.0,1.0,0.25,0.621,-3.45,-0.87,0.81,2.0,-0.059,1.0,-8.79,-2.57,1.42,4.441,3.497,2.256,-1.903,0.3
Zone_47,52,University_District,RECOVERY_AFTER_DISRUPTION,8056,58,58.0,37.7,0.65,32.44,56.53,1,Normal,Good,0,0,0,35.78,32.99,58.05,4.0,1.0,1.0,0.617,34.68,33.12,55.97,2.75,2.0,0.5,0.63,1.92,-0.55,-1.52,-3.0,0.033,0.0,5.37,-1.67,-2.62,4.68,1.879,2.556,0.113,0.4
Zone_48,1,Industrial_Corridor,RECOVERY_AFTER_DISRUPTION,3999,72,72.0,17.62,0.245,15.24,59.88,2,Normal,Good,0,0,0,,,,,,,,,,,,,,,,,,,,,,,,4.406,,,,
Zone_48,2,Industrial_Corridor,RECOVERY_AFTER_DISRUPTION,3999,72,72.0,11.43,0.159,4.92,61.4,3,Normal,Good,0,0,0,17.62,15.24,59.88,2.0,0.0,0.0,0.245,,,,,,,,-6.19,-10.32,1.52,1.0,-0.086,,-35.13,-67.72,2.54,2.858,,,,
Zone_48,3,Industrial_Corridor,RECOVERY_AFTER_DISRUPTION,3999,72,72.0,8.32,0.116,2.76,63.84,0,Normal,Good,0,0,0,11.43,4.92,61.4,3.0,0.0,0.0,0.159,,,,,,,,-3.11,-2.16,2.44,-3.0,-0.043,0.0,-27.21,-43.9,3.97,2.081,,,,
Zone_48,4,Industrial_Corridor,RECOVERY_AFTER_DISRUPTION,3999,72,72.0,9.89,0.137,8.52,65.56,4,Normal,Good,0,0,0,8.32,2.76,63.84,0.0,0.0,0.0,0.116,,,,,,,,1.57,5.76,1.72,4.0,0.021,0.0,18.87,208.69,2.69,2.473,,,,
Zone_48,5,Industrial_Corridor,RECOVERY_AFTER_DISRUPTION,3999,72,72.0,13.74,0.191,12.95,63.35,2,Normal,Good,0,0,0,9.89,8.52,65.56,4.0,0.0,0.0,0.137,11.82,7.86,62.67,2.25,0.0,0.0,0.164,3.85,4.43,-2.21,-2.0,0.054,0.0,38.93,51.99,-3.37,3.436,-2.232,-2.63,1.948,0.0
Zone_48,6,Industrial_Corridor,RECOVERY_AFTER_DISRUPTION,3999,72,72.0,15.11,0.21,9.26,58.35,1,Normal,Good,0,0,0,13.74,12.95,63.35,2.0,0.0,0.0,0.191,10.84,7.29,63.54,2.25,0.0,0.0,0.151,1.37,-3.69,-5.0,-1.0,0.019,0.0,9.97,-28.49,-7.89,3.778,2.985,0.85,0.757,0.0
Zone_48,7,Industrial_Corridor,RECOVERY_AFTER_DISRUPTION,3999,72,59.62,15.81,0.265,10.9,53.49,0,Light Rain,Moderate,0,0,0,15.11,9.26,58.35,1.0,0.0,0.0,0.21,11.76,8.37,62.78,1.75,0.0,0.0,0.164,0.7,1.64,-4.86,-1.0,0.055,0.0,4.63,17.71,-8.33,3.953,2.393,2.422,-1.868,0.0
Zone_48,8,Industrial_Corridor,RECOVERY_AFTER_DISRUPTION,3999,72,72.0,14.75,0.205,7.88,61.54,0,Normal,Good,0,0,0,15.81,10.9,53.49,0.0,0.0,0.0,0.265,13.64,10.41,60.19,1.75,0.0,0.0,0.201,-1.06,-3.02,8.05,0.0,-0.06,0.0,-6.7,-27.71,15.05,3.688,0.345,1.913,-4.121,0.0
Zone_48,9,Industrial_Corridor,RECOVERY_AFTER_DISRUPTION,3999,72,72.0,13.71,0.19,6.5,61.98,1,Normal,Good,0,0,0,14.75,7.88,61.54,0.0,0.0,0.0,0.205,14.85,10.25,59.18,0.75,0.0,0.0,0.218,-1.04,-1.38,0.44,1.0,-0.015,0.0,-7.05,-17.51,0.71,3.428,-1.357,0.373,-1.029,0.0
Zone_48,10,Industrial_Corridor,RECOVERY_AFTER_DISRUPTION,3999,72,72.0,14.33,0.199,14.22,61.79,3,Normal,Good,0,0,0,13.71,6.5,61.98,1.0,0.0,0.0,0.19,14.84,8.64,58.84,0.5,0.0,0.0,0.218,0.62,7.72,-0.19,2.0,0.009,0.0,4.52,118.77,-0.31,3.583,-1.13,-0.526,1.894,0.0
Zone_48,11,Industrial_Corridor,RECOVERY_AFTER_DISRUPTION,3999,72,59.62,10.53,0.177,12.31,57.54,0,Light Rain,Moderate,0,2,1,14.33,14.22,61.79,3.0,0.0,0.0,0.199,14.65,9.88,59.7,1.0,0.0,0.0,0.215,-3.8,-1.91,-4.25,-3.0,-0.022,0.0,-26.52,-13.43,-6.88,2.633,0.858,-0.548,2.534,0.0
Zone_48,12,Industrial_Corridor,RECOVERY_AFTER_DISRUPTION,3999,72,59.62,17.3,0.29,14.71,54.43,2,Light Rain,Moderate,0,0,0,10.53,12.31,57.54,0.0,2.0,1.0,0.177,13.33,10.23,60.71,1.0,2.0,0.25,0.193,6.77,2.4,-3.11,2.0,0.113,2.0,64.29,19.5,-5.4,4.326,2.101,-1.204,-1.219,0.3
Zone_48,13,Industrial_Corridor,RECOVERY_AFTER_DISRUPTION,3999,72,72.0,16.78,0.233,8.89,63.53,2,Normal,Good,0,0,0,17.3,14.71,54.43,2.0,0.0,0.0,0.29,13.97,11.94,58.94,1.5,2.0,0.25,0.214,-0.52,-5.82,9.1,0.0,-0.057,-2.0,-3.01,-39.56,16.72,4.196,2.272,0.697,-2.69,0.1
Zone_48,14,Industrial_Corridor,RECOVERY_AFTER_DISRUPTION,3999,72,59.62,12.32,0.207,10.61,56.0,3,Light Rain,Moderate,0,0,0,16.78,8.89,63.53,2.0,0.0,0.0,0.233,14.74,12.53,59.32,1.75,2.0,0.25,0.225,-4.46,1.72,-7.53,1.0,-0.026,0.0,-26.58,19.35,-11.85,3.081,-1.359,1.412,0.211,-0.1
Zone_48,15,Industrial_Corridor,RECOVERY_AFTER_DISRUPTION,3999,72,72.0,16.46,0.229,11.72,61.72,2,Normal,Good,0,0,0,12.32,10.61,56.0,3.0,0.0,0.0,0.207,14.23,11.63,57.88,1.75,2.0,0.25,0.227,4.14,1.11,5.72,-1.0,0.022,0.0,33.6,10.46,10.21,4.116,-1.092,0.485,0.448,-0.3
Zone_48,16,Industrial_Corridor,RECOVERY_AFTER_DISRUPTION,3999,72,59.62,16.16,0.271,18.6,52.75,1,Light Rain,Moderate,0,0,0,16.46,11.72,61.72,2.0,0.0,0.0,0.229,15.72,11.48,58.92,2.25,0.0,0.0,0.24,-0.3,6.88,-8.97,-1.0,0.042,0.0,-1.82,58.7,-14.53,4.041,-0.725,-0.698,1.434,0.0
Zone_48,17,Industrial_Corridor,RECOVERY_AFTER_DISRUPTION,3999,72,72.0,16.57,0.23,12.96,64.02,1,Normal,Good,0,0,0,16.16,18.6,52.75,1.0,0.0,0.0,0.271,15.43,12.46,58.5,2.0,0.0,0.0,0.235,0.41,-5.64,11.27,0.0,-0.041,0.0,2.54,-30.32,21.36,4.144,3.024,0.228,-2.662,0.0
Zone_48,18,Industrial_Corridor,RECOVERY_AFTER_DISRUPTION,3999,72,72.0,25.76,0.358,15.12,61.67,4,Normal,Good,0,0,0,16.57,12.96,64.02,1.0,0.0,0.0,0.23,15.38,13.47,58.62,1.75,0.0,0.0,0.234,9.19,2.16,-2.35,3.0,0.128,0.0,55.46,16.67,-3.67,6.442,1.393,1.245,1.509,0.0
Zone_48,19,Industrial_Corridor,RECOVERY_AFTER_DISRUPTION,3999,72,72.0,33.49,0.465,23.04,59.09,5,Normal,Good,0,0,0,25.76,15.12,61.67,4.0,0.0,0.0,0.358,18.74,14.6,60.04,2.0,0.0,0.0,0.272,7.73,7.92,-2.58,1.0,0.107,0.0,30.01,52.38,-4.18,8.375,0.456,2.831,1.112,0.0
Zone_48,20,Industrial_Corridor,RECOVERY_AFTER_DISRUPTION,3999,72,72.0,33.76,0.469,20.15,57.61,2,Normal,Good,0,0,0,33.49,23.04,59.09,5.0,0.0,0.0,0.465,23.0,17.43,59.38,2.75,0.0,0.0,0.331,0.27,-2.89,-1.48,-3.0,0.004,0.0,0.81,-12.54,-2.5,8.442,1.548,6.118,1.667,0.0
Zone_48,21,Industrial_Corridor,RECOVERY_AFTER_DISRUPTION,3999,72,59.04,32.98,0.559,26.08,58.54,3,Normal,Good,0,0,0,33.76,20.15,57.61,2.0,0.0,0.0,0.469,27.4,17.82,60.6,3.0,0.0,0.0,0.38,-0.78,5.93,0.93,1.0,0.09,0.0,-2.31,29.43,1.61,8.247,2.949,5.93,-2.181,0.0
Zone_48,22,Industrial_Corridor,RECOVERY_AFTER_DISRUPTION,3999,72,59.04,28.88,0.489,19.14,56.86,4,Normal,Good,0,0,0,32.98,26.08,58.54,3.0,0.0,0.0,0.559,31.5,21.1,59.23,3.5,0.0,0.0,0.463,-4.1,-6.94,-1.68,1.0,-0.07,0.0,-12.43,-26.61,-2.87,7.222,2.999,2.193,-1.087,0.0
Zone_48,23,Industrial_Corridor,RECOVERY_AFTER_DISRUPTION,3999,72,59.04,29.98,0.508,23.35,61.62,5,Normal,Good,0,0,0,28.88,19.14,56.86,4.0,0.0,0.0,0.489,32.28,22.1,58.02,3.5,0.0,0.0,0.496,1.1,4.21,4.76,1.0,0.019,0.0,3.81,22.0,8.37,7.497,-0.577,-1.461,-0.576,0.0
Zone_48,24,Industrial_Corridor,RECOVERY_AFTER_DISRUPTION,3999,72,59.04,31.51,0.534,26.62,54.56,10,Normal,Good,0,0,0,29.98,23.35,61.62,5.0,0.0,0.0,0.508,31.4,22.18,58.66,3.5,0.0,0.0,0.506,1.53,3.27,-7.06,5.0,0.026,0.0,5.1,14.0,-11.46,7.879,0.266,-1.544,1.035,0.0
Zone_48,25,Industrial_Corridor,RECOVERY_AFTER_DISRUPTION,3999,72,59.04,27.7,0.469,21.12,59.43,5,Normal,Good,0,0,0,31.51,26.62,54.56,10.0,0.0,0.0,0.534,30.84,23.8,57.9,5.5,0.0,0.0,0.523,-3.81,-5.5,4.87,-5.0,-0.065,0.0,-12.09,-20.66,8.93,6.927,0.583,-0.331,-0.718,0.0
Zone_48,26,Industrial_Corridor,RECOVERY_AFTER_DISRUPTION,3999,72,59.04,32.19,0.545,26.52,60.0,5,Normal,Good,0,0,0,27.7,21.12,59.43,5.0,0.0,0.0,0.469,29.52,22.56,58.12,6.0,0.0,0.0,0.5,4.49,5.4,0.57,0.0,0.076,0.0,16.21,25.57,0.96,8.05,0.921,-0.201,0.065,0.0
Zone_48,27,Industrial_Corridor,RECOVERY_AFTER_DISRUPTION,3999,72,59.04,29.24,0.495,23.91,57.72,2,Normal,Good,0,1,1,32.19,26.52,60.0,5.0,0.0,0.0,0.545,30.34,24.4,58.9,6.25,0.0,0.0,0.514,-2.95,-2.61,-2.28,-3.0,-0.05,0.0,-9.16,-9.84,-3.8,7.312,0.401,0.282,0.001,0.0
Zone_48,28,Industrial_Corridor,RECOVERY_AFTER_DISRUPTION,3999,72,59.04,30.73,0.52,27.69,55.14,3,Normal,Good,0,0,0,29.24,23.91,57.72,2.0,1.0,1.0,0.495,30.16,24.54,57.93,5.5,1.0,0.25,0.511,1.49,3.78,-2.58,1.0,0.025,1.0,5.1,15.81,-4.47,7.684,-0.273,-0.232,1.005,0.3
Zone_48,29,Industrial_Corridor,RECOVERY_AFTER_DISRUPTION,3999,72,72.0,34.53,0.48,16.83,60.55,3,Normal,Good,0,0,0,30.73,27.69,55.14,3.0,0.0,0.0,0.52,29.96,24.81,58.07,3.75,1.0,0.25,0.507,3.8,-10.86,5.41,0.0,-0.04,-1.0,12.37,-39.22,9.81,8.635,1.71,0.614,-1.515,0.1
Zone_48,30,Industrial_Corridor,RECOVERY_AFTER_DISRUPTION,3999,72,72.0,34.0,0.472,20.15,58.99,4,Normal,Good,0,0,0,34.53,16.83,60.55,3.0,0.0,0.0,0.48,31.67,23.74,58.35,3.25,1.0,0.25,0.51,-0.53,3.32,-1.56,1.0,-0.008,0.0,-1.53,19.73,-2.58,8.502,-2.529,0.851,-0.093,-0.1
Zone_48,31,Industrial_Corridor,RECOVERY_AFTER_DISRUPTION,3999,72,42.12,32.24,0.765,54.17,27.08,7,Heavy Rain,Poor,0,0,0,34.0,20.15,58.99,4.0,0.0,0.0,0.472,32.12,22.14,58.1,3.0,1.0,0.25,0.492,-1.76,34.02,-31.91,3.0,0.293,0.0,-5.18,168.83,-54.09,8.062,-2.214,1.808,0.922,-0.3
Zone_48,32,Industrial_Corridor,RECOVERY_AFTER_DISRUPTION,3999,72,42.12,27.59,0.655,46.54,27.97,5,Heavy Rain,Poor,0,1,1,32.24,54.17,27.08,7.0,0.0,0.0,0.765,32.88,29.71,50.44,4.25,0.0,0.0,0.559,-4.65,-7.63,0.89,-2.0,-0.11,0.0,-14.42,-14.09,3.29,6.899,8.276,0.4,-8.574,0.0
Zone_48,33,Industrial_Corridor,RECOVERY_AFTER_DISRUPTION,3999,72,42.12,24.43,0.58,34.54,36.56,5,Heavy Rain,Poor,0,0,0,27.59,46.54,27.97,5.0,1.0,1.0,0.655,32.09,34.42,43.65,4.75,1.0,0.25,0.593,-3.16,-12.0,8.59,0.0,-0.075,1.0,-11.45,-25.78,30.71,6.109,12.315,-2.258,-12.965,0.3
Zone_48,34,Industrial_Corridor,RECOVERY_AFTER_DISRUPTION,3999,72,59.62,25.2,0.423,21.15,52.15,2,Light Rain,Moderate,0,0,0,24.43,34.54,36.56,5.0,0.0,0.0,0.58,29.56,38.85,37.65,5.25,1.0,0.25,0.618,0.77,-13.39,15.59,-3.0,-0.157,-1.0,3.15,-38.77,42.64,6.302,3.554,-3.336,-6.64,0.1
Zone_48,35,Industrial_Corridor,RECOVERY_AFTER_DISRUPTION,3999,72,42.12,22.51,0.534,32.55,34.47,4,Heavy Rain,Poor,0,0,0,25.2,21.15,52.15,2.0,0.0,0.0,0.423,27.36,39.1,35.94,4.75,1.0,0.25,0.606,-2.69,11.4,-17.68,2.0,0.111,0.0,-10.67,53.9,-33.9,5.629,-11.106,-2.428,8.38,-0.1
Zone_48,36,Industrial_Corridor,RECOVERY_AFTER_DISRUPTION,3999,72,72.0,14.23,0.198,10.45,66.31,1,Normal,Good,0,0,0,22.51,32.55,34.47,4.0,0.0,0.0,0.534,24.93,33.7,37.79,4.0,1.0,0.25,0.548,-8.28,-22.1,31.84,-3.0,-0.336,0.0,-36.78,-67.9,92.37,3.558,-5.536,-1.447,3.509,-0.3
Zone_48,37,Industrial_Corridor,RECOVERY_AFTER_DISRUPTION,3999,72,72.0,13.0,0.181,7.55,62.35,1,Normal,Good,0,0,0,14.23,10.45,66.31,1.0,0.0,0.0,0.198,21.59,24.67,47.37,3.0,0.0,0.0,0.434,-1.23,-2.9,-3.96,0.0,-0.017,0.0,-8.64,-27.75,-5.97,3.251,-6.087,-3.329,7.157,0.0
Zone_48,38,Industrial_Corridor,RECOVERY_AFTER_DISRUPTION,3999,72,72.0,15.38,0.214,7.9,64.5,1,Normal,Good,0,0,0,13.0,7.55,62.35,1.0,0.0,0.0,0.181,18.74,17.92,53.82,2.0,0.0,0.0,0.334,2.38,0.35,2.15,0.0,0.033,0.0,18.31,4.64,3.45,3.846,-6.29,-4.488,6.244,0.0
Zone_48,39,Industrial_Corridor,RECOVERY_AFTER_DISRUPTION,3999,72,72.0,16.0,0.222,11.07,62.28,0,Normal,Good,0,0,0,15.38,7.9,64.5,1.0,0.0,0.0,0.214,16.28,14.61,56.91,1.75,0.0,0.0,0.282,0.62,3.17,-2.22,-1.0,0.008,0.0,4.03,40.13,-3.44,4.001,-7.685,-2.262,8.613,0.0
Zone_48,40,Industrial_Corridor,RECOVERY_AFTER_DISRUPTION,3999,72,72.0,22.61,0.314,8.98,65.72,4,Normal,Good,0,0,0,16.0,11.07,62.28,0.0,0.0,0.0,0.222,14.65,9.24,63.86,0.75,0.0,0.0,0.204,6.61,-2.09,3.44,4.0,0.092,0.0,41.31,-18.88,5.52,5.654,0.221,0.769,-0.994,0.0
Zone_48,41,Industrial_Corridor,RECOVERY_AFTER_DISRUPTION,3999,72,72.0,14.05,0.195,9.62,62.91,3,Normal,Good,0,0,0,22.61,8.98,65.72,4.0,0.0,0.0,0.314,16.75,8.88,63.71,1.5,0.0,0.0,0.233,-8.56,0.64,-2.81,-1.0,-0.119,0.0,-37.86,7.13,-4.28,3.513,0.746,2.945,0.789,0.0
Zone_48,42,Industrial_Corridor,RECOVERY_AFTER_DISRUPTION,3999,72,72.0,15.52,0.216,14.09,63.68,3,Normal,Good,0,0,0,14.05,9.62,62.91,3.0,0.0,0.0,0.195,17.01,9.39,63.85,2.0,0.0,0.0,0.236,1.47,4.47,0.77,0.0,0.021,0.0,10.46,46.47,1.22,3.881,0.307,0.262,-0.133,0.0
Zone_48,43,Industrial_Corridor,RECOVERY_AFTER_DISRUPTION,3999,72,72.0,14.4,0.2,12.44,64.32,0,Normal,Good,0,0,0,15.52,14.09,63.68,3.0,0.0,0.0,0.216,17.05,10.94,63.65,2.5,0.0,0.0,0.237,-1.12,-1.65,0.64,-3.0,-0.016,0.0,-7.22,-11.71,1.01,3.601,0.97,-1.0,0.139,0.0
Zone_48,44,Industrial_Corridor,RECOVERY_AFTER_DISRUPTION,3999,72,72.0,8.35,0.116,9.65,62.65,2,Normal,Good,0,0,0,14.4,12.44,64.32,0.0,0.0,0.0,0.2,16.64,11.28,64.16,2.5,0.0,0.0,0.231,-6.05,-2.79,-1.67,2.0,-0.084,0.0,-42.01,-22.43,-2.6,2.088,1.485,-2.316,-0.343,0.0
Zone_48,45,Industrial_Corridor,RECOVERY_AFTER_DISRUPTION,3999,72,72.0,8.32,0.116,9.61,62.92,1,Normal,Good,0,0,0,8.35,9.65,62.65,2.0,0.0,0.0,0.116,13.08,11.45,63.39,2.0,0.0,0.0,0.182,-0.03,-0.04,0.27,-1.0,0.0,0.0,-0.36,-0.41,0.43,2.081,-0.156,-1.822,-0.014,0.0
Zone_48,46,Industrial_Corridor,RECOVERY_AFTER_DISRUPTION,3999,72,59.62,14.29,0.24,13.83,53.63,0,Light Rain,Moderate,0,0,0,8.32,9.61,62.92,1.0,0.0,0.0,0.116,11.65,11.45,63.39,1.5,0.0,0.0,0.162,5.97,4.22,-9.29,-1.0,0.124,0.0,71.75,43.91,-14.76,3.573,-1.623,-2.765,-0.395,0.0
Zone_48,47,Industrial_Corridor,RECOVERY_AFTER_DISRUPTION,3999,72,72.0,16.04,0.223,9.11,61.5,2,Normal,Good,0,0,0,14.29,13.83,53.63,0.0,0.0,0.0,0.24,11.34,11.38,60.88,0.75,0.0,0.0,0.168,1.75,-4.72,7.87,2.0,-0.017,0.0,12.25,-34.13,14.67,4.011,0.413,-0.036,-3.18,0.0
Zone_48,48,Industrial_Corridor,RECOVERY_AFTER_DISRUPTION,3999,72,72.0,12.89,0.179,11.01,64.31,2,Normal,Good,0,0,0,16.04,9.11,61.5,2.0,0.0,0.0,0.223,11.75,10.55,60.18,1.25,0.0,0.0,0.174,-3.15,1.9,2.81,0.0,-0.044,0.0,-19.64,20.86,4.57,3.223,0.26,2.904,-1.274,0.0
Zone_48,49,Industrial_Corridor,RECOVERY_AFTER_DISRUPTION,3999,72,59.62,11.49,0.193,9.29,55.81,3,Light Rain,Moderate,0,0,0,12.89,11.01,64.31,2.0,0.0,0.0,0.179,12.88,10.89,60.59,1.25,0.0,0.0,0.19,-1.4,-1.72,-8.5,1.0,0.014,0.0,-10.86,-15.62,-13.22,2.873,-0.052,1.546,1.204,0.0
Zone_48,50,Industrial_Corridor,RECOVERY_AFTER_DISRUPTION,3999,72,72.0,18.02,0.25,15.95,62.48,1,Normal,Good,0,0,0,11.49,9.29,55.81,3.0,0.0,0.0,0.193,13.68,10.81,58.81,1.75,0.0,0.0,0.209,6.53,6.66,6.67,-2.0,0.057,0.0,56.83,71.69,11.95,4.506,-1.172,-1.155,0.935,0.0
Zone_48,51,Industrial_Corridor,RECOVERY_AFTER_DISRUPTION,3999,72,59.62,22.46,0.377,20.14,51.24,2,Light Rain,Moderate,0,3,1,18.02,15.95,62.48,1.0,0.0,0.0,0.25,14.61,11.34,61.03,2.0,0.0,0.0,0.211,4.44,4.19,-11.24,1.0,0.127,0.0,24.64,26.27,-17.99,5.616,1.88,0.454,-0.556,0.0
Zone_48,52,Industrial_Corridor,RECOVERY_AFTER_DISRUPTION,3999,72,59.62,19.45,0.326,13.8,51.44,2,Light Rain,Moderate,0,0,0,22.46,20.14,51.24,2.0,3.0,1.0,0.377,16.22,14.1,58.46,2.0,3.0,0.25,0.25,-3.01,-6.34,0.2,0.0,-0.051,3.0,-13.4,-31.48,0.39,4.864,3.405,3.524,-3.254,0.3
Zone_49,1,University_District,STABLE,11539,59,59.0,56.59,0.959,58.07,47.91,3,Normal,Good,0,0,0,,,,,,,,,,,,,,,,,,,,,,,,4.904,,,,
Zone_49,2,University_District,STABLE,11539,59,59.0,54.9,0.931,56.91,45.02,2,Normal,Good,0,0,0,56.59,58.07,47.91,3.0,0.0,0.0,0.959,,,,,,,,-1.69,-1.16,-2.89,-1.0,-0.028,,-2.99,-2.0,-6.03,4.758,,,,
Zone_49,3,University_District,STABLE,11539,59,48.85,60.08,1.23,92.94,20.21,11,Light Rain,Moderate,0,0,0,54.9,56.91,45.02,2.0,0.0,0.0,0.931,,,,,,,,5.18,36.03,-24.81,9.0,0.299,0.0,9.44,63.31,-55.11,5.207,,,,
Zone_49,4,University_District,STABLE,11539,59,59.0,62.19,1.054,66.96,43.72,5,Normal,Good,0,0,0,60.08,92.94,20.21,11.0,0.0,0.0,1.23,,,,,,,,2.11,-25.98,23.51,-6.0,-0.176,0.0,3.51,-27.95,116.33,5.39,,,,
Zone_49,5,University_District,STABLE,11539,59,59.0,64.27,1.089,71.97,40.22,8,Normal,Good,0,1,1,62.19,66.96,43.72,5.0,0.0,0.0,1.054,58.44,68.72,39.22,5.25,0.0,0.0,1.044,2.08,5.01,-3.5,3.0,0.035,0.0,3.34,7.48,-8.01,5.57,6.27,2.198,-3.738,0.0
Zone_49,6,University_District,STABLE,11539,59,59.0,63.31,1.073,67.47,44.91,8,Normal,Good,0,2,1,64.27,71.97,40.22,8.0,1.0,1.0,1.089,60.36,72.19,37.29,6.5,1.0,0.25,1.076,-0.96,-4.5,4.69,0.0,-0.016,1.0,-1.49,-6.25,11.66,5.487,1.92,3.022,0.911,0.3
Zone_49,7,University_District,STABLE,11539,59,59.0,61.16,1.037,60.88,45.96,7,Normal,Good,0,2,1,63.31,67.47,44.91,8.0,2.0,1.0,1.073,62.46,74.83,37.26,8.0,3.0,0.5,1.112,-2.15,-6.59,1.05,-1.0,-0.036,1.0,-3.4,-9.77,2.34,5.3,-7.14,1.177,7.06,0.4
Zone_49,8,University_District,STABLE,11539,59,59.0,56.12,0.951,58.61,47.18,5,Normal,Good,0,0,0,61.16,60.88,45.96,7.0,2.0,1.0,1.037,62.73,66.82,43.7,7.0,5.0,0.75,1.063,-5.04,-2.27,1.22,-2.0,-0.086,0.0,-8.24,-3.73,2.65,4.864,-2.274,-0.405,1.141,0.3
Zone_49,9,University_District,STABLE,11539,59,48.85,64.44,1.319,92.25,22.07,9,Light Rain,Moderate,0,4,1,56.12,58.61,47.18,5.0,0.0,0.0,0.951,61.22,64.73,44.57,7.0,5.0,0.75,1.037,8.32,33.64,-25.11,4.0,0.368,-2.0,14.83,57.4,-53.22,5.585,-4.667,-2.66,2.193,-0.3
Zone_49,10,University_District,STABLE,11539,59,59.0,61.32,1.039,68.46,42.01,8,Normal,Good,0,0,0,64.44,92.25,22.07,9.0,4.0,1.0,1.319,61.26,69.8,40.03,7.25,8.0,0.75,1.095,-3.12,-23.79,19.94,-1.0,-0.28,4.0,-4.84,-25.79,90.35,5.314,7.207,-0.165,-6.73,-0.1
Zone_49,11,University_District,STABLE,11539,59,59.0,63.04,1.068,65.64,44.92,5,Normal,Good,0,2,1,61.32,68.46,42.01,8.0,0.0,0.0,1.039,60.76,70.05,39.3,7.25,6.0,0.5,1.086,1.72,-2.82,2.91,-3.0,0.029,-4.0,2.8,-4.12,6.93,5.463,5.638,0.88,-3.696,-0.2
Zone_49,12,University_District,STABLE,11539,59,59.0,63.98,1.084,72.15,40.46,8,Normal,Good,0,0,0,63.04,65.64,44.92,5.0,2.0,1.0,1.068,61.23,71.24,39.04,6.75,6.0,0.5,1.094,0.94,6.51,-4.46,3.0,0.016,2.0,1.49,9.92,-9.93,5.545,-0.27,1.764,1.316,0.2
Zone_49,13,University_District,STABLE,11539,59,59.0,59.92,1.016,69.82,41.56,4,Normal,Good,0,2,1,63.98,72.15,40.46,8.0,0.0,0.0,1.084,63.2,74.62,37.36,7.5,6.0,0.5,1.128,-4.06,-2.33,1.1,-4.0,-0.068,-2.0,-6.35,-3.23,2.72,5.193,-6.312,0.034,5.808,-0.2
Zone_49,14,University_District,STABLE,11539,59,59.0,64.65,1.096,71.94,40.16,12,Normal,Good,0,1,1,59.92,69.82,41.56,4.0,2.0,1.0,1.016,62.06,69.02,42.24,6.25,4.0,0.5,1.052,4.73,2.12,-1.4,8.0,0.08,2.0,7.89,3.04,-3.37,5.603,1.059,-0.326,-0.581,0.2
Zone_49,15,University_District,STABLE,11539,59,59.0,65.03,1.102,67.02,41.25,8,Normal,Good,0,3,1,64.65,71.94,40.16,12.0,1.0,1.0,1.096,62.9,69.89,41.78,7.25,5.0,0.75,1.066,0.38,-4.92,1.09,-4.0,0.006,-1.0,0.59,-6.84,2.71,5.636,1.657,0.077,-1.318,0.1
Zone_49,16,University_District,STABLE,11539,59,59.0,64.53,1.094,71.98,40.29,10,Normal,Good,0,2,1,65.03,67.02,41.25,8.0,3.0,1.0,1.102,63.4,70.23,40.86,8.0,6.0,0.75,1.074,-0.5,4.96,-0.96,2.0,-0.008,2.0,-0.77,7.4,-2.33,5.592,-1.327,0.788,0.097,0.3
Zone_49,17,University_District,STABLE,11539,59,59.0,68.38,1.159,74.03,41.27,8,Normal,Good,0,0,0,64.53,71.98,40.29,10.0,2.0,1.0,1.094,63.53,70.19,40.82,8.5,8.0,1.0,1.077,3.85,2.05,0.98,-2.0,0.065,-1.0,5.97,2.85,2.43,5.926,0.156,1.421,-0.272,0.0
Zone_49,18,University_District,STABLE,11539,59,50.15,71.97,1.435,86.5,36.99,9,Normal,Good,1,1,1,68.38,74.03,41.27,8.0,0.0,0.0,1.159,65.65,71.24,40.74,9.5,6.0,0.75,1.113,3.59,12.47,-4.28,1.0,0.276,-2.0,5.25,16.84,-10.37,6.237,1.123,1.069,0.237,-0.3
Zone_49,19,University_District,STABLE,11539,59,50.15,73.45,1.465,88.23,31.77,7,Normal,Good,1,2,1,71.97,86.5,36.99,9.0,1.0,1.0,1.435,67.48,74.88,39.95,8.75,6.0,0.75,1.198,1.48,1.73,-5.22,-2.0,0.03,1.0,2.06,2.0,-14.11,6.365,6.049,2.467,-1.18,-0.1
Zone_49,20,University_District,STABLE,11539,59,59.0,68.08,1.154,72.04,38.53,2,Normal,Good,0,0,0,73.45,88.23,31.77,7.0,2.0,1.0,1.465,69.58,80.18,37.58,8.5,5.0,0.75,1.288,-5.37,-16.19,6.76,-5.0,-0.311,1.0,-7.31,-18.35,21.28,5.9,6.122,3.035,-2.984,0.1
Zone_49,21,University_District,STABLE,11539,59,59.0,63.6,1.078,69.92,42.94,7,Normal,Good,0,0,0,68.08,72.04,38.53,2.0,0.0,0.0,1.154,70.47,80.2,37.14,6.5,3.0,0.5,1.303,-4.48,-2.12,4.41,5.0,-0.076,-2.0,-6.58,-2.94,11.45,5.512,-0.424,0.058,-1.344,0.0
Zone_49,22,University_District,STABLE,11539,59,59.0,60.36,1.023,66.09,44.8,5,Normal,Good,0,1,1,63.6,69.92,42.94,7.0,0.0,0.0,1.078,69.28,79.17,37.56,6.25,3.0,0.5,1.283,-3.24,-3.83,1.86,-2.0,-0.055,0.0,-5.09,-5.48,4.33,5.231,-6.593,-3.048,2.461,-0.4
Zone_49,23,University_District,STABLE,11539,59,59.0,58.57,0.993,59.5,47.54,3,Normal,Good,0,2,1,60.36,66.09,44.8,5.0,1.0,1.0,1.023,66.37,74.07,39.51,5.25,3.0,0.5,1.18,-1.79,-6.59,2.74,-2.0,-0.03,1.0,-2.97,-9.97,6.12,5.076,-6.854,-4.375,4.35,0.0
Zone_49,24,University_District,STABLE,11539,59,59.0,55.82,0.946,62.28,44.7,7,Normal,Good,0,0,0,58.57,59.5,47.54,3.0,2.0,1.0,0.993,62.65,66.89,43.45,4.25,3.0,0.5,1.062,-2.75,2.78,-2.84,4.0,-0.047,1.0,-4.7,4.67,-5.97,4.838,-4.145,-3.177,2.889,0.4
Zone_49,25,University_District,STABLE,11539,59,59.0,52.76,0.894,50.47,45.1,4,Normal,Good,0,0,0,55.82,62.28,44.7,7.0,0.0,0.0,0.946,59.59,64.45,45.0,5.5,3.0,0.5,1.01,-3.06,-11.81,0.4,-3.0,-0.052,-2.0,-5.48,-18.96,0.89,4.572,-2.951,-2.513,0.802,0.0
Zone_49,26,University_District,STABLE,11539,59,59.0,51.6,0.875,51.93,49.49,5,Normal,Good,0,0,0,52.76,50.47,45.1,4.0,0.0,0.0,0.894,56.88,59.58,45.54,4.75,3.0,0.5,0.964,-1.16,1.46,4.39,1.0,-0.019,0.0,-2.2,2.89,9.73,4.472,-4.408,-2.555,-0.194,-0.4
Zone_49,27,University_District,STABLE,11539,59,59.0,53.71,0.91,54.55,49.69,4,Normal,Good,0,1,1,51.6,51.93,49.49,5.0,0.0,0.0,0.875,54.69,56.04,46.71,4.75,2.0,0.25,0.927,2.11,2.62,0.2,-1.0,0.035,0.0,4.09,5.05,0.4,4.655,-3.452,-2.397,0.625,-0.3
Zone_49,28,University_District,STABLE,11539,59,59.0,50.84,0.862,50.53,50.22,5,Normal,Good,0,0,0,53.71,54.55,49.69,4.0,1.0,1.0,0.91,53.47,54.81,47.24,5.0,1.0,0.25,0.906,-2.87,-4.02,0.53,1.0,-0.048,1.0,-5.34,-7.37,1.07,4.406,-2.173,-0.749,1.936,0.3
Zone_49,29,University_District,STABLE,11539,59,59.0,56.89,0.964,61.08,46.47,2,Normal,Good,0,0,0,50.84,50.53,50.22,5.0,0.0,0.0,0.862,52.23,51.87,48.62,4.5,1.0,0.25,0.885,6.05,10.55,-3.75,-3.0,0.102,-1.0,11.9,20.88,-7.47,4.93,0.28,-0.365,1.556,0.1
Zone_49,30,University_District,STABLE,11539,59,59.0,52.64,0.892,51.58,52.58,4,Normal,Good,0,2,1,56.89,61.08,46.47,2.0,0.0,0.0,0.964,53.26,54.52,48.97,4.0,1.0,0.25,0.903,-4.25,-9.5,6.11,2.0,-0.072,0.0,-7.47,-15.55,13.15,4.562,2.343,1.3,-0.853,-0.1
Zone_49,31,University_District,STABLE,11539,59,59.0,54.72,0.927,56.49,47.58,5,Normal,Good,0,0,0,52.64,51.58,52.58,4.0,2.0,1.0,0.892,53.52,54.44,49.74,3.75,3.0,0.5,0.907,2.08,4.91,-5.0,1.0,0.035,2.0,3.95,9.52,-9.51,4.742,0.164,0.284,0.492,0.0
Zone_49,32,University_District,STABLE,11539,59,34.52,54.83,1.588,100.0,10.0,14,Heavy Rain,Poor,0,2,1,54.72,56.49,47.58,5.0,0.0,0.0,0.927,53.77,54.92,49.21,4.0,2.0,0.25,0.911,0.11,43.51,-37.58,9.0,0.661,-2.0,0.2,77.02,-78.98,4.752,0.838,0.739,-0.181,0.1
Zone_49,33,University_District,STABLE,11539,59,48.85,59.35,1.215,87.69,22.68,4,Light Rain,Moderate,0,0,0,54.83,100.0,10.0,14.0,2.0,1.0,1.588,54.77,67.29,39.16,6.25,4.0,0.5,1.093,4.52,-12.31,12.68,-10.0,-0.373,2.0,8.24,-12.31,126.8,5.143,12.167,-0.41,-11.441,0.2
Zone_49,34,University_District,STABLE,11539,59,48.85,62.54,1.28,94.97,20.34,11,Light Rain,Moderate,0,4,1,59.35,87.69,22.68,4.0,0.0,0.0,1.215,55.38,73.94,33.21,6.75,4.0,0.5,1.156,3.19,7.28,-2.34,7.0,0.065,-2.0,5.37,8.3,-10.32,5.42,15.184,2.024,-12.728,-0.2
Zone_49,35,University_District,STABLE,11539,59,48.85,60.99,1.249,93.18,22.75,11,Light Rain,Moderate,0,4,1,62.54,94.97,20.34,11.0,4.0,1.0,1.28,57.86,84.79,25.15,8.5,6.0,0.5,1.252,-1.55,-1.79,2.41,0.0,-0.031,4.0,-2.48,-1.88,11.85,5.286,10.313,2.798,-6.904,0.2
Zone_49,36,University_District,STABLE,11539,59,48.85,55.64,1.139,83.14,27.2,4,Light Rain,Moderate,0,3,1,60.99,93.18,22.75,11.0,4.0,1.0,1.249,59.43,93.96,18.94,10.0,10.0,0.75,1.333,-5.35,-10.04,4.45,-7.0,-0.11,0.0,-8.77,-10.77,19.56,4.822,-1.318,2.167,3.591,0.1
Zone_49,37,University_District,STABLE,11539,59,48.85,57.28,1.173,86.59,29.67,13,Light Rain,Moderate,0,0,0,55.64,83.14,27.2,4.0,3.0,1.0,1.139,59.63,89.74,23.24,7.5,11.0,0.75,1.221,1.64,3.45,2.47,9.0,0.034,-1.0,2.95,4.15,9.08,4.964,-1.544,-1.268,1.597,0.3
Zone_49,38,University_District,STABLE,11539,59,59.0,59.57,1.01,65.23,43.24,5,Normal,Good,0,2,1,57.28,86.59,29.67,13.0,0.0,0.0,1.173,59.11,89.47,24.99,9.75,11.0,0.75,1.21,2.29,-21.36,13.57,-8.0,-0.163,-3.0,4.0,-24.67,45.74,5.162,-3.518,-2.113,3.244,-0.3
Zone_49,39,University_District,STABLE,11539,59,59.0,55.02,0.933,53.87,47.9,3,Normal,Good,0,0,0,59.57,65.23,43.24,5.0,2.0,1.0,1.01,58.37,82.04,30.72,8.25,9.0,0.75,1.143,-4.55,-11.36,4.66,-2.0,-0.077,2.0,-7.64,-17.42,10.78,4.768,-8.04,-0.262,6.394,-0.1
Zone_49,40,University_District,STABLE,11539,59,48.85,51.48,1.054,77.47,27.11,12,Light Rain,Moderate,0,1,1,55.02,53.87,47.9,3.0,0.0,0.0,0.933,56.88,72.21,37.0,6.25,5.0,0.5,1.064,-3.54,23.6,-20.79,9.0,0.121,-2.0,-6.43,43.81,-43.4,4.461,-10.917,0.043,7.567,-0.2
Zone_49,41,University_District,STABLE,11539,59,59.0,46.65,0.791,47.39,48.47,5,Normal,Good,0,1,1,51.48,77.47,27.11,12.0,1.0,1.0,1.054,55.84,70.79,36.98,8.25,3.0,0.5,1.042,-4.83,-30.08,21.36,-7.0,-0.263,1.0,-9.38,-38.83,78.79,4.043,-3.872,-2.195,-0.302,0.2
Zone_49,42,University_District,STABLE,11539,59,59.0,49.41,0.837,52.61,47.97,7,Normal,Good,0,1,1,46.65,47.39,48.47,5.0,1.0,1.0,0.791,53.18,60.99,41.68,6.25,4.0,0.75,0.947,2.76,5.22,-0.5,2.0,0.046,0.0,5.92,11.01,-1.03,4.282,-2.992,-4.23,-0.51,0.1
Zone_49,43,University_District,STABLE,11539,59,59.0,49.61,0.841,45.67,52.55,10,Normal,Good,0,2,1,49.41,52.61,47.97,7.0,1.0,1.0,0.837,50.64,57.83,42.86,6.75,3.0,0.75,0.904,0.2,-6.94,4.58,3.0,0.004,0.0,0.4,-13.19,9.55,4.299,-3.386,-2.166,2.157,0.3
Zone_49,44,University_District,STABLE,11539,59,48.85,54.19,1.109,78.2,29.48,5,Light Rain,Moderate,0,2,1,49.61,45.67,52.55,10.0,2.0,1.0,0.841,49.29,55.78,44.02,8.5,5.0,1.0,0.881,4.58,32.53,-23.07,-5.0,0.268,1.0,9.23,71.23,-43.9,4.696,-9.018,-0.285,7.582,0.0
Zone_49,45,University_District,STABLE,11539,59,59.0,53.46,0.906,54.18,48.48,6,Normal,Good,0,0,0,54.19,78.2,29.48,5.0,2.0,1.0,1.109,49.96,55.97,44.62,6.75,6.0,1.0,0.894,-0.73,-24.02,19.0,1.0,-0.203,0.0,-1.35,-30.72,64.45,4.633,8.549,2.282,-5.239,0.0
Zone_49,46,University_District,STABLE,11539,59,59.0,52.7,0.893,50.25,48.19,4,Normal,Good,0,0,0,53.46,54.18,48.48,6.0,0.0,0.0,0.906,51.67,57.67,44.62,7.0,5.0,0.75,0.923,-0.76,-3.93,-0.29,-2.0,-0.013,-2.0,-1.42,-7.25,-0.6,4.567,3.724,1.673,-2.154,-0.3
Zone_49,47,University_District,STABLE,11539,59,59.0,60.18,1.02,64.98,45.61,7,Normal,Good,0,0,0,52.7,50.25,48.19,4.0,0.0,0.0,0.893,52.49,57.08,44.68,6.25,4.0,0.5,0.937,7.48,14.73,-2.58,3.0,0.127,0.0,14.19,29.31,-5.35,5.215,-1.028,0.854,0.592,-0.4
Zone_49,48,University_District,STABLE,11539,59,59.0,56.18,0.952,60.58,43.61,4,Normal,Good,0,0,0,60.18,64.98,45.61,7.0,0.0,0.0,1.02,55.13,61.9,42.94,5.5,2.0,0.25,0.982,-4.0,-4.4,-2.0,-3.0,-0.068,0.0,-6.65,-6.77,-4.38,4.869,-4.359,1.721,4.81,-0.3
Zone_49,49,University_District,STABLE,11539,59,48.85,59.38,1.216,88.29,26.8,8,Light Rain,Moderate,0,3,1,56.18,60.58,43.61,4.0,0.0,0.0,0.952,55.63,57.5,46.47,5.25,0.0,0.0,0.943,3.2,27.71,-16.81,4.0,0.264,0.0,5.7,45.74,-38.55,5.146,3.393,1.564,-1.719,0.0
Zone_49,50,University_District,STABLE,11539,59,48.85,60.01,1.228,85.31,24.82,4,Light Rain,Moderate,0,2,1,59.38,88.29,26.8,8.0,3.0,1.0,1.216,57.11,66.03,41.05,5.75,3.0,0.25,1.02,0.63,-2.98,-1.98,-4.0,0.012,3.0,1.06,-3.38,-7.39,5.201,10.972,1.604,-6.617,0.3
Zone_49,51,University_District,STABLE,11539,59,48.85,64.53,1.321,96.49,20.52,12,Light Rain,Moderate,0,1,1,60.01,85.31,24.82,4.0,2.0,1.0,1.228,58.94,74.79,35.21,5.75,5.0,0.5,1.104,4.52,11.18,-4.3,8.0,0.093,-1.0,7.53,13.11,-17.32,5.592,8.87,0.269,-7.918,0.4
Zone_49,52,University_District,STABLE,11539,59,48.85,60.12,1.231,86.92,22.94,8,Light Rain,Moderate,0,2,1,64.53,96.49,20.52,12.0,1.0,1.0,1.321,60.03,82.67,28.94,7.0,6.0,0.75,1.179,-4.41,-9.57,2.42,-4.0,-0.09,-1.0,-6.83,-9.92,11.79,5.21,10.475,2.568,-7.125,0.3
Zone_50,1,University_District,GRADUAL_DETERIORATION,11592,68,68.0,52.67,0.775,43.16,52.19,4,Normal,Good,0,0,0,,,,,,,,,,,,,,,,,,,,,,,,4.544,,,,
Zone_50,2,University_District,GRADUAL_DETERIORATION,11592,68,68.0,51.78,0.761,36.39,52.51,3,Normal,Good,0,1,1,52.67,43.16,52.19,4.0,0.0,0.0,0.775,,,,,,,,-0.89,-6.77,0.32,-1.0,-0.014,,-1.69,-15.69,0.61,4.467,,,,
Zone_50,3,University_District,GRADUAL_DETERIORATION,11592,68,68.0,49.92,0.734,41.8,51.01,3,Normal,Good,0,0,0,51.78,36.39,52.51,3.0,1.0,1.0,0.761,,,,,,,,-1.86,5.41,-1.5,0.0,-0.027,1.0,-3.59,14.87,-2.86,4.306,,,,
Zone_50,4,University_District,GRADUAL_DETERIORATION,11592,68,68.0,51.47,0.757,37.8,54.77,4,Normal,Good,0,0,0,49.92,41.8,51.01,3.0,0.0,0.0,0.734,,,,,,,,1.55,-4.0,3.76,1.0,0.023,-1.0,3.1,-9.57,7.37,4.44,,,,
Zone_50,5,University_District,GRADUAL_DETERIORATION,11592,68,68.0,48.01,0.706,37.78,55.98,7,Normal,Good,0,0,0,51.47,37.8,54.77,4.0,0.0,0.0,0.757,51.46,39.79,52.62,3.5,1.0,0.25,0.757,-3.46,-0.02,1.21,3.0,-0.051,0.0,-6.72,-0.05,2.21,4.142,-1.067,-0.546,0.624,-0.1
Zone_50,6,University_District,GRADUAL_DETERIORATION,11592,68,68.0,41.91,0.616,27.7,56.55,2,Normal,Good,0,0,0,48.01,37.78,55.98,7.0,0.0,0.0,0.706,50.3,38.44,53.57,4.25,1.0,0.25,0.74,-6.1,-10.08,0.57,-5.0,-0.09,0.0,-12.71,-26.68,1.02,3.615,0.017,-0.976,1.417,-0.3
Zone_50,7,University_District,GRADUAL_DETERIORATION,11592,68,68.0,53.85,0.792,49.28,51.39,4,Normal,Good,0,0,0,41.91,27.7,56.55,2.0,0.0,0.0,0.616,47.83,36.27,54.58,4.0,0.0,0.0,0.703,11.94,21.58,-5.16,2.0,0.176,0.0,28.49,77.91,-9.12,4.645,-4.232,-2.749,1.783,0.0
Zone_50,8,University_District,GRADUAL_DETERIORATION,11592,68,68.0,53.51,0.787,45.69,49.33,7,Normal,Good,0,0,0,53.85,49.28,51.39,4.0,0.0,0.0,0.792,48.81,38.14,54.67,4.25,0.0,0.0,0.718,-0.34,-3.59,-2.06,3.0,-0.005,0.0,-0.63,-7.28,-4.01,4.616,2.436,0.104,-0.957,0.0
Zone_50,9,University_District,GRADUAL_DETERIORATION,11592,68,68.0,59.53,0.875,51.98,48.48,5,Normal,Good,0,0,0,53.51,45.69,49.33,7.0,0.0,0.0,0.787,49.32,40.11,53.31,5.0,0.0,0.0,0.725,6.02,6.29,-0.85,-2.0,0.088,0.0,11.25,13.77,-1.72,5.135,4.531,2.844,-2.511,0.0
Zone_50,10,University_District,GRADUAL_DETERIORATION,11592,68,68.0,57.06,0.839,47.72,50.32,7,Normal,Good,0,0,0,59.53,51.98,48.48,5.0,0.0,0.0,0.875,52.2,43.66,51.44,4.5,0.0,0.0,0.768,-2.47,-4.26,1.84,2.0,-0.036,0.0,-4.15,-8.2,3.8,4.922,6.925,5.252,-2.627,0.0
Zone_50,11,University_District,GRADUAL_DETERIORATION,11592,68,68.0,62.31,0.916,55.27,49.01,3,Normal,Good,0,0,0,57.06,47.72,50.32,7.0,0.0,0.0,0.839,55.99,48.67,49.88,5.75,0.0,0.0,0.823,5.25,7.55,-1.31,-4.0,0.077,0.0,9.2,15.82,-2.6,5.375,0.161,1.565,-0.406,0.0
Zone_50,12,University_District,GRADUAL_DETERIORATION,11592,68,68.0,63.3,0.931,58.62,45.64,5,Normal,Good,0,0,0,62.31,55.27,49.01,3.0,0.0,0.0,0.916,58.1,50.16,49.28,5.5,0.0,0.0,0.854,0.99,3.35,-3.37,2.0,0.015,0.0,1.59,6.06,-6.88,5.461,2.448,2.393,0.088,0.0
Zone_50,13,University_District,GRADUAL_DETERIORATION,11592,68,68.0,64.4,0.947,59.58,47.36,9,Normal,Good,0,1,1,63.3,58.62,45.64,5.0,0.0,0.0,0.931,60.55,53.4,48.36,5.0,0.0,0.0,0.89,1.1,0.96,1.72,4.0,0.016,0.0,1.74,1.64,3.77,5.556,2.747,1.656,-0.983,0.0
Zone_50,14,University_District,GRADUAL_DETERIORATION,11592,68,68.0,61.49,0.904,51.56,50.03,5,Normal,Good,0,0,0,64.4,59.58,47.36,9.0,1.0,1.0,0.947,61.77,55.3,48.08,6.0,1.0,0.25,0.908,-2.91,-8.02,2.67,-4.0,-0.043,1.0,-4.52,-13.46,5.64,5.305,3.893,2.301,-1.225,0.3
Zone_50,15,University_District,GRADUAL_DETERIORATION,11592,68,68.0,67.9,0.999,64.86,42.58,4,Normal,Good,0,1,1,61.49,51.56,50.03,5.0,0.0,0.0,0.904,62.88,56.26,48.01,5.5,1.0,0.25,0.925,6.41,13.3,-7.45,-1.0,0.095,-1.0,10.42,25.8,-14.89,5.857,-1.017,-0.136,0.478,0.1
Zone_50,16,University_District,GRADUAL_DETERIORATION,11592,68,68.0,62.7,0.922,52.73,47.08,5,Normal,Good,0,0,0,67.9,64.86,42.58,4.0,1.0,1.0,0.999,64.27,58.65,46.4,5.75,2.0,0.5,0.945,-5.2,-12.13,4.5,1.0,-0.077,1.0,-7.66,-18.7,10.57,5.409,1.07,1.089,-0.651,0.2
Zone_50,17,University_District,GRADUAL_DETERIORATION,11592,68,68.0,51.22,0.753,42.8,55.56,4,Normal,Good,0,0,0,62.7,52.73,47.08,5.0,0.0,0.0,0.922,64.12,57.18,46.76,5.75,2.0,0.5,0.943,-11.48,-9.93,8.48,-1.0,-0.169,-1.0,-18.31,-18.83,18.01,4.419,-0.725,0.131,-0.829,-0.2
Zone_50,18,University_District,GRADUAL_DETERIORATION,11592,68,57.8,59.42,1.028,65.27,46.51,12,Normal,Good,1,1,1,51.22,42.8,55.56,4.0,0.0,0.0,0.753,60.83,52.99,48.81,4.5,1.0,0.25,0.895,8.2,22.47,-9.05,8.0,0.275,0.0,16.01,52.5,-16.29,5.126,-3.841,-3.601,2.109,-0.1
Zone_50,19,University_District,GRADUAL_DETERIORATION,11592,68,57.8,67.89,1.175,75.27,38.86,8,Normal,Good,1,0,0,59.42,65.27,46.51,12.0,1.0,1.0,1.028,60.31,56.41,47.93,6.25,2.0,0.5,0.926,8.47,10.0,-7.65,-4.0,0.147,1.0,14.25,15.32,-16.45,5.857,-0.87,-3.692,2.027,0.0
Zone_50,20,University_District,GRADUAL_DETERIORATION,11592,68,68.0,63.52,0.934,54.34,47.4,8,Normal,Good,0,1,1,67.89,75.27,38.86,8.0,0.0,0.0,1.175,60.31,59.02,47.0,7.25,1.0,0.25,0.97,-4.37,-20.93,8.54,0.0,-0.241,-1.0,-6.44,-27.81,21.98,5.48,9.009,2.377,-3.371,0.1
Zone_50,21,University_District,GRADUAL_DETERIORATION,11592,68,68.0,59.3,0.872,49.83,49.15,8,Normal,Good,0,0,0,63.52,54.34,47.4,8.0,1.0,1.0,0.934,60.51,59.42,47.08,8.0,2.0,0.5,0.972,-4.22,-4.51,1.75,0.0,-0.062,1.0,-6.64,-8.3,3.69,5.116,4.462,4.537,-3.213,0.2
Zone_50,22,University_District,GRADUAL_DETERIORATION,11592,68,68.0,68.43,1.006,64.21,45.71,4,Normal,Good,0,1,1,59.3,49.83,49.15,8.0,0.0,0.0,0.872,62.53,61.18,45.48,9.0,2.0,0.5,1.002,9.13,14.38,-3.44,-4.0,0.134,-1.0,15.4,28.86,-7.0,5.903,-6.725,-0.473,1.646,-0.2
Zone_50,23,University_District,GRADUAL_DETERIORATION,11592,68,68.0,67.02,0.986,60.67,44.81,3,Normal,Good,0,0,0,68.43,64.21,45.71,4.0,1.0,1.0,1.006,64.78,60.91,45.28,7.0,2.0,0.5,0.997,-1.41,-3.54,-0.9,-1.0,-0.02,1.0,-2.06,-5.51,-1.97,5.782,-3.769,-0.26,2.23,0.2
Zone_50,24,University_District,GRADUAL_DETERIORATION,11592,68,68.0,66.27,0.975,57.71,48.69,5,Normal,Good,0,0,0,67.02,60.67,44.81,3.0,0.0,0.0,0.986,64.57,57.26,46.77,5.75,2.0,0.5,0.95,-0.75,-2.96,3.88,2.0,-0.011,-1.0,-1.12,-4.88,8.66,5.717,3.337,1.963,-1.121,-0.2
Zone_50,25,University_District,GRADUAL_DETERIORATION,11592,68,68.0,63.99,0.941,61.68,45.36,6,Normal,Good,0,1,1,66.27,57.71,48.69,5.0,0.0,0.0,0.975,65.26,58.1,47.09,5.0,1.0,0.25,0.96,-2.28,3.97,-3.33,1.0,-0.034,0.0,-3.44,6.88,-6.84,5.52,2.01,1.95,-0.228,-0.1
Zone_50,26,University_District,GRADUAL_DETERIORATION,11592,68,68.0,59.02,0.868,53.31,46.06,2,Normal,Good,0,0,0,63.99,61.68,45.36,6.0,1.0,1.0,0.941,66.43,61.07,46.14,4.5,2.0,0.5,0.977,-4.97,-8.37,0.7,-4.0,-0.073,1.0,-7.77,-13.57,1.54,5.091,-1.055,-1.407,0.283,0.0
Zone_50,27,University_District,GRADUAL_DETERIORATION,11592,68,68.0,64.25,0.945,60.39,43.67,5,Normal,Good,0,0,0,59.02,53.31,46.06,2.0,0.0,0.0,0.868,64.08,58.34,46.23,4.0,1.0,0.25,0.942,5.23,7.08,-2.39,3.0,0.077,-1.0,8.86,13.28,-5.19,5.543,-1.811,-2.628,0.042,0.1
Zone_50,28,University_District,GRADUAL_DETERIORATION,11592,68,68.0,65.58,0.964,54.24,49.39,6,Normal,Good,0,0,0,64.25,60.39,43.67,5.0,0.0,0.0,0.945,63.38,58.27,45.94,4.5,1.0,0.25,0.932,1.33,-6.15,5.72,1.0,0.019,0.0,2.07,-10.18,13.1,5.657,-0.033,-1.103,-1.436,-0.1
Zone_50,29,University_District,GRADUAL_DETERIORATION,11592,68,68.0,59.68,0.878,51.3,49.26,6,Normal,Good,0,0,0,65.58,54.24,49.39,6.0,0.0,0.0,0.964,63.21,57.4,46.12,4.75,1.0,0.25,0.93,-5.9,-2.94,-0.13,0.0,-0.086,0.0,-9.0,-5.42,-0.26,5.148,-1.524,1.0,0.97,-0.3
Zone_50,30,University_District,GRADUAL_DETERIORATION,11592,68,68.0,63.57,0.935,58.04,48.53,5,Normal,Good,0,0,0,59.68,51.3,49.26,6.0,0.0,0.0,0.878,62.13,54.81,47.1,4.75,0.0,0.0,0.914,3.89,6.74,-0.73,-1.0,0.057,0.0,6.52,13.14,-1.48,5.484,-1.218,0.331,1.532,0.0
Zone_50,31,University_District,GRADUAL_DETERIORATION,11592,68,39.78,67.85,1.706,100.0,10.0,10,Heavy Rain,Poor,0,4,1,63.57,58.04,48.53,5.0,0.0,0.0,0.935,63.27,55.99,47.71,5.5,0.0,0.0,0.93,4.28,41.96,-38.53,5.0,0.771,0.0,6.73,72.29,-79.39,5.853,-0.999,-0.794,1.445,0.0
Zone_50,32,University_District,GRADUAL_DETERIORATION,11592,68,56.3,67.52,1.199,86.43,24.32,4,Light Rain,Moderate,0,3,1,67.85,100.0,10.0,10.0,4.0,1.0,1.706,64.17,65.9,39.3,6.75,4.0,0.25,1.121,-0.33,-13.57,14.32,-6.0,-0.507,4.0,-0.49,-13.57,143.2,5.825,14.402,1.07,-11.89,0.3
Zone_50,33,University_District,GRADUAL_DETERIORATION,11592,68,39.78,71.86,1.806,100.0,10.0,7,Heavy Rain,Poor,0,3,1,67.52,86.43,24.32,4.0,3.0,1.0,1.199,64.66,73.94,33.03,6.25,7.0,0.5,1.18,4.34,13.57,-14.32,3.0,0.607,-1.0,6.43,15.7,-58.88,6.199,14.735,2.78,-11.335,0.4
Zone_50,34,University_District,GRADUAL_DETERIORATION,11592,68,39.78,74.33,1.869,100.0,10.0,8,Heavy Rain,Poor,0,1,1,71.86,100.0,10.0,7.0,3.0,1.0,1.806,67.7,86.12,23.21,6.5,10.0,0.75,1.412,2.47,0.0,0.0,1.0,0.063,0.0,3.44,0.0,0.0,6.412,11.231,2.454,-10.127,0.3
Zone_50,35,University_District,GRADUAL_DETERIORATION,11592,68,39.78,65.75,1.653,100.0,10.0,9,Heavy Rain,Poor,0,2,1,74.33,100.0,10.0,8.0,1.0,1.0,1.869,70.39,96.61,13.58,7.25,11.0,1.0,1.645,-8.58,0.0,0.0,1.0,-0.216,-2.0,-11.54,0.0,0.0,5.672,1.357,2.378,-1.432,0.0
Zone_50,36,University_District,GRADUAL_DETERIORATION,11592,68,68.0,64.16,0.944,54.48,48.51,9,Normal,Good,0,0,0,65.75,100.0,10.0,9.0,2.0,1.0,1.653,69.86,96.61,13.58,7.0,9.0,1.0,1.632,-1.59,-45.52,38.51,0.0,-0.709,1.0,-2.42,-45.52,385.1,5.535,4.071,-0.284,-4.296,0.0
Zone_50,37,University_District,GRADUAL_DETERIORATION,11592,68,68.0,62.07,0.913,58.3,46.71,6,Normal,Good,0,3,1,64.16,54.48,48.51,9.0,0.0,0.0,0.944,69.03,88.62,19.63,8.25,6.0,0.75,1.568,-2.09,3.82,-1.8,-3.0,-0.031,-2.0,-3.26,7.01,-3.71,5.355,-13.656,-3.168,11.553,-0.3
Zone_50,38,University_District,GRADUAL_DETERIORATION,11592,68,68.0,65.86,0.969,62.43,48.54,6,Normal,Good,0,0,0,62.07,58.3,46.71,6.0,3.0,1.0,0.913,66.58,78.19,28.8,8.0,6.0,0.75,1.345,3.79,4.13,1.83,0.0,0.056,3.0,6.11,7.08,3.92,5.682,-17.062,-3.837,14.864,-0.1
Zone_50,39,University_District,GRADUAL_DETERIORATION,11592,68,68.0,68.34,1.005,58.67,44.43,4,Normal,Good,0,0,0,65.86,62.43,48.54,6.0,0.0,0.0,0.969,64.46,68.8,38.44,7.5,5.0,0.5,1.12,2.48,-3.76,-4.11,-2.0,0.036,-3.0,3.77,-6.02,-8.47,5.895,-10.889,-0.176,11.382,-0.2
Zone_50,40,University_District,GRADUAL_DETERIORATION,11592,68,68.0,68.51,1.008,65.85,46.47,1,Normal,Good,0,3,1,68.34,58.67,44.43,4.0,0.0,0.0,1.005,65.11,58.47,47.05,6.25,3.0,0.25,0.958,0.17,7.18,2.04,-3.0,0.003,0.0,0.25,12.24,4.59,5.91,1.67,1.633,-1.041,-0.1
Zone_50,41,University_District,GRADUAL_DETERIORATION,11592,68,68.0,70.66,1.039,66.64,43.29,7,Normal,Good,0,0,0,68.51,65.85,46.47,1.0,3.0,1.0,1.008,66.19,61.31,46.54,4.25,6.0,0.5,0.974,2.15,0.79,-3.18,6.0,0.031,3.0,3.14,1.2,-6.84,6.096,1.889,2.18,-0.483,0.0
Zone_50,42,University_District,GRADUAL_DETERIORATION,11592,68,68.0,71.92,1.058,70.43,40.58,11,Normal,Good,0,2,1,70.66,66.64,43.29,7.0,0.0,0.0,1.039,68.34,63.4,45.68,4.5,3.0,0.25,1.005,1.26,3.79,-2.71,4.0,0.019,-3.0,1.78,5.69,-6.26,6.204,1.981,1.457,-1.371,0.1
Zone_50,43,University_District,GRADUAL_DETERIORATION,11592,68,68.0,71.51,1.052,61.61,45.02,10,Normal,Good,0,2,1,71.92,70.43,40.58,11.0,2.0,1.0,1.058,69.86,65.4,43.69,5.75,5.0,0.5,1.027,-0.41,-8.82,4.44,-1.0,-0.006,2.0,-0.57,-12.52,10.94,6.169,3.607,1.289,-1.473,0.2
Zone_50,44,University_District,GRADUAL_DETERIORATION,11592,68,68.0,70.2,1.032,66.75,42.81,7,Normal,Good,0,0,0,71.51,61.61,45.02,10.0,2.0,1.0,1.052,70.65,66.13,43.84,7.25,7.0,0.75,1.039,-1.31,5.14,-2.21,-3.0,-0.02,0.0,-1.83,8.34,-4.91,6.056,-0.893,1.026,-0.706,0.1
Zone_50,45,University_District,GRADUAL_DETERIORATION,11592,68,68.0,71.03,1.045,64.34,41.07,11,Normal,Good,0,3,1,70.2,66.75,42.81,7.0,0.0,0.0,1.032,71.07,66.36,42.92,8.75,4.0,0.5,1.045,0.83,-2.41,-1.74,4.0,0.013,-2.0,1.18,-3.61,-4.06,6.128,-0.849,-0.179,0.3,0.0
Zone_50,46,University_District,GRADUAL_DETERIORATION,11592,68,68.0,79.96,1.176,75.5,40.97,7,Normal,Good,0,0,0,71.03,64.34,41.07,11.0,3.0,1.0,1.045,71.16,65.78,42.37,9.75,7.0,0.75,1.047,8.93,11.16,-0.1,-4.0,0.131,3.0,12.57,17.35,-0.24,6.898,-1.313,-0.398,-0.074,-0.1
Zone_50,47,University_District,GRADUAL_DETERIORATION,11592,68,68.0,85.19,1.253,80.7,36.7,8,Normal,Good,0,2,1,79.96,75.5,40.97,7.0,0.0,0.0,1.176,73.18,67.05,42.47,8.75,5.0,0.5,1.076,5.23,5.2,-4.27,1.0,0.077,-3.0,6.54,6.89,-10.42,7.349,3.926,2.618,-1.389,-0.2
Zone_50,48,University_District,GRADUAL_DETERIORATION,11592,68,68.0,77.84,1.145,69.03,43.06,7,Normal,Good,0,3,1,85.19,80.7,36.7,8.0,2.0,1.0,1.253,76.6,71.82,40.39,8.25,5.0,0.5,1.126,-7.35,-11.67,6.36,-1.0,-0.108,2.0,-8.63,-14.46,17.33,6.715,5.301,5.39,-1.843,0.2
Zone_50,49,University_District,GRADUAL_DETERIORATION,11592,68,68.0,83.61,1.23,77.52,35.63,8,Normal,Good,0,2,1,77.84,69.03,43.06,7.0,3.0,1.0,1.145,78.5,72.39,40.45,8.25,8.0,0.75,1.155,5.77,8.49,-7.43,1.0,0.085,1.0,7.41,12.3,-17.25,7.213,1.927,2.566,0.17,0.1
Zone_50,50,University_District,GRADUAL_DETERIORATION,11592,68,68.0,75.18,1.106,69.63,45.05,12,Normal,Good,0,1,1,83.61,77.52,35.63,8.0,2.0,1.0,1.23,81.65,75.69,39.09,7.5,7.0,0.75,1.201,-8.43,-7.89,9.42,4.0,-0.124,-1.0,-10.08,-10.18,26.44,6.486,-0.561,0.36,-0.966,0.3
Zone_50,51,University_District,GRADUAL_DETERIORATION,11592,68,56.3,79.06,1.404,100.0,14.07,8,Light Rain,Moderate,0,5,1,75.18,69.63,45.05,12.0,1.0,1.0,1.106,80.46,74.22,40.11,8.75,8.0,1.0,1.184,3.88,30.37,-30.98,-4.0,0.298,-1.0,5.16,43.62,-68.77,6.82,-2.472,-2.426,1.762,0.0
Zone_50,52,University_District,GRADUAL_DETERIORATION,11592,68,68.0,70.44,1.036,64.17,42.1,14,Normal,Good,0,2,1,79.06,100.0,14.07,8.0,5.0,1.0,1.404,78.92,79.04,34.45,8.75,11.0,1.0,1.221,-8.62,-35.83,28.03,6.0,-0.368,4.0,-10.9,-35.83,199.22,6.077,8.502,-0.477,-7.755,0.0
