zone_id,week,zone_type,temporal_profile,population_density,road_capacity,effective_road_capacity,vehicle_density,traffic_pressure,congestion,average_speed,red_light_violations,weather,road_condition,special_event,incident_count,incident_occurred
Zone_01,1,Commercial_Downtown,RECOVERY_AFTER_DISRUPTION,8726,60,60.0,48.02,0.8,40.95,53.89,3,Normal,Good,0,0,0
Zone_02,1,Residential,STABLE,12426,92,92.0,34.12,0.371,19.16,62.06,4,Normal,Good,0,0,0
Zone_03,1,University_District,EVENT_SENSITIVE,7685,63,63.0,34.25,0.544,22.73,61.39,4,Normal,Good,0,0,0
Zone_04,1,Highway_Junction,GRADUAL_DETERIORATION,2415,72,72.0,12.46,0.173,8.23,64.79,3,Normal,Good,0,0,0
Zone_05,1,Commercial_Downtown,GRADUAL_IMPROVEMENT,8343,66,66.0,28.38,0.43,18.67,63.03,3,Normal,Good,0,0,0
Zone_06,1,University_District,STABLE,8747,86,86.0,32.69,0.38,13.87,63.17,2,Normal,Good,0,0,0
Zone_07,1,University_District,GRADUAL_DETERIORATION,7267,42,34.78,29.64,0.852,55.89,36.87,7,Light Rain,Moderate,0,2,1
Zone_08,1,Highway_Junction,PERIODIC_SPIKE,2040,43,43.0,10.12,0.235,10.63,62.48,2,Normal,Good,0,0,0
Zone_09,1,Suburban_LowDensity,PERIODIC_SPIKE,3241,92,92.0,4.59,0.05,4.96,67.21,1,Normal,Good,0,0,0
Zone_10,1,Residential,GRADUAL_DETERIORATION,15099,47,47.0,42.9,0.913,55.71,47.54,5,Normal,Good,0,0,0
Zone_11,1,Residential,RECOVERY_AFTER_DISRUPTION,9955,43,43.0,23.33,0.543,26.59,58.03,1,Normal,Good,0,0,0
Zone_12,1,Commercial_Downtown,GRADUAL_IMPROVEMENT,8725,68,68.0,48.76,0.717,40.39,52.96,5,Normal,Good,0,0,0
Zone_13,1,Suburban_LowDensity,EVENT_SENSITIVE,1361,75,75.0,8.14,0.109,8.47,64.67,5,Normal,Good,0,0,0
Zone_14,1,University_District,RECOVERY_AFTER_DISRUPTION,10551,99,99.0,49.84,0.503,26.38,59.61,2,Normal,Good,0,0,0
Zone_15,1,Residential,GRADUAL_DETERIORATION,14863,86,71.21,42.85,0.602,36.47,45.18,5,Light Rain,Moderate,0,0,0
Zone_16,1,Highway_Junction,GRADUAL_DETERIORATION,1963,84,69.55,7.71,0.111,8.2,51.71,4,Light Rain,Moderate,0,0,0
Zone_17,1,Residential,EVENT_SENSITIVE,8064,48,48.0,14.97,0.312,14.74,64.19,1,Normal,Good,0,0,0
Zone_18,1,Industrial_Corridor,STABLE,3295,90,90.0,3.94,0.044,3.95,65.22,2,Normal,Good,0,0,0
Zone_19,1,Industrial_Corridor,EVENT_SENSITIVE,4136,81,67.07,20.61,0.307,20.64,51.87,3,Light Rain,Moderate,0,0,0
Zone_20,1,Commercial_Downtown,STABLE,3700,73,73.0,19.15,0.262,13.18,62.64,4,Normal,Good,0,0,0
Zone_21,1,Residential,GRADUAL_DETERIORATION,11645,74,74.0,39.07,0.528,25.66,58.37,5,Normal,Good,0,0,0
Zone_22,1,University_District,GRADUAL_DETERIORATION,7570,76,76.0,29.42,0.387,12.48,61.68,6,Normal,Good,0,0,0
Zone_23,1,Suburban_LowDensity,EVENT_SENSITIVE,2228,53,53.0,2.98,0.056,4.19,66.92,2,Normal,Good,0,0,0
Zone_24,1,Commercial_Downtown,GRADUAL_IMPROVEMENT,8634,99,99.0,39.51,0.399,18.47,60.26,4,Normal,Good,0,0,0
Zone_25,1,Residential,STABLE,10790,71,71.0,31.86,0.449,18.85,60.45,2,Normal,Good,0,0,0
Zone_26,1,University_District,STABLE,7678,75,75.0,29.69,0.396,15.67,61.0,2,Normal,Good,0,0,0
Zone_27,1,Suburban_LowDensity,PERIODIC_SPIKE,4357,81,81.0,16.17,0.2,5.55,64.49,0,Normal,Good,0,0,0
Zone_28,1,Highway_Junction,PERIODIC_SPIKE,1845,83,83.0,5.84,0.07,6.56,66.51,3,Normal,Good,0,1,1
Zone_29,1,Residential,RECOVERY_AFTER_DISRUPTION,13450,94,77.83,41.23,0.53,26.99,53.46,5,Light Rain,Moderate,0,0,0
Zone_30,1,Highway_Junction,GRADUAL_DETERIORATION,2448,66,66.0,5.21,0.079,5.1,64.92,1,Normal,Good,0,1,1
Zone_31,1,Commercial_Downtown,EVENT_SENSITIVE,9364,45,45.0,44.9,0.998,64.54,42.95,15,Normal,Good,0,3,1
Zone_32,1,Commercial_Downtown,GRADUAL_IMPROVEMENT,7248,81,81.0,38.45,0.475,20.62,58.42,7,Normal,Good,0,0,0
Zone_33,1,Commercial_Downtown,RECOVERY_AFTER_DISRUPTION,6945,63,63.0,32.47,0.515,26.96,58.66,4,Normal,Good,0,0,0
Zone_34,1,Industrial_Corridor,GRADUAL_DETERIORATION,3320,51,51.0,14.37,0.282,11.94,62.17,1,Normal,Good,0,0,0
Zone_35,1,Residential,GRADUAL_IMPROVEMENT,15280,95,95.0,39.31,0.414,18.6,61.4,4,Normal,Good,0,0,0
Zone_36,1,Residential,PERIODIC_SPIKE,12737,62,51.34,41.98,0.818,54.1,39.77,5,Light Rain,Moderate,0,1,1
Zone_37,1,Residential,RECOVERY_AFTER_DISRUPTION,11474,92,92.0,34.7,0.377,11.42,65.39,3,Normal,Good,0,0,0
Zone_38,1,Commercial_Downtown,RECOVERY_AFTER_DISRUPTION,9035,94,94.0,42.43,0.451,17.66,61.75,4,Normal,Good,0,0,0
Zone_39,1,Industrial_Corridor,GRADUAL_DETERIORATION,2566,44,44.0,12.98,0.295,13.06,62.88,1,Normal,Good,0,0,0
Zone_40,1,University_District,PERIODIC_SPIKE,7930,55,55.0,39.91,0.726,41.0,54.11,6,Normal,Good,0,0,0
Zone_41,1,Highway_Junction,GRADUAL_DETERIORATION,2549,42,42.0,9.52,0.227,11.07,64.43,4,Normal,Good,0,0,0
Zone_42,1,University_District,PERIODIC_SPIKE,7369,58,58.0,28.83,0.497,23.8,59.4,4,Normal,Good,0,0,0
Zone_43,1,Commercial_Downtown,STABLE,3988,78,78.0,20.3,0.26,11.39,64.02,5,Normal,Good,0,0,0
Zone_44,1,Suburban_LowDensity,STABLE,3720,70,70.0,12.81,0.183,11.44,66.15,4,Normal,Good,0,0,0
Zone_45,1,Highway_Junction,GRADUAL_DETERIORATION,2987,87,87.0,8.97,0.103,7.45,64.29,4,Normal,Good,0,0,0
Zone_46,1,University_District,GRADUAL_IMPROVEMENT,8049,51,51.0,40.71,0.798,49.57,52.01,5,Normal,Good,0,0,0
Zone_47,1,University_District,RECOVERY_AFTER_DISRUPTION,8056,58,58.0,41.55,0.716,36.5,60.97,3,Normal,Good,0,0,0
Zone_48,1,Industrial_Corridor,RECOVERY_AFTER_DISRUPTION,3999,72,72.0,17.62,0.245,15.24,59.88,2,Normal,Good,0,0,0
Zone_49,1,University_District,STABLE,11539,59,59.0,56.59,0.959,58.07,47.91,3,Normal,Good,0,0,0
Zone_50,1,University_District,GRADUAL_DETERIORATION,11592,68,68.0,52.67,0.775,43.16,52.19,4,Normal,Good,0,0,0
Zone_01,2,Commercial_Downtown,RECOVERY_AFTER_DISRUPTION,8726,60,60.0,53.81,0.897,52.25,50.29,9,Normal,Good,0,0,0
Zone_02,2,Residential,STABLE,12426,92,92.0,30.69,0.334,15.42,60.66,1,Normal,Good,0,0,0
Zone_03,2,University_District,EVENT_SENSITIVE,7685,63,63.0,41.54,0.659,30.27,57.63,2,Normal,Good,0,0,0
Zone_04,2,Highway_Junction,GRADUAL_DETERIORATION,2415,72,72.0,9.49,0.132,10.83,67.17,6,Normal,Good,0,0,0
Zone_05,2,Commercial_Downtown,GRADUAL_IMPROVEMENT,8343,66,66.0,30.09,0.456,21.35,59.25,10,Normal,Good,0,0,0
Zone_06,2,University_District,STABLE,8747,86,86.0,27.29,0.317,16.58,63.37,8,Normal,Good,0,0,0
Zone_07,2,University_District,GRADUAL_DETERIORATION,7267,42,42.0,31.49,0.75,39.77,55.3,6,Normal,Good,0,0,0
Zone_08,2,Highway_Junction,PERIODIC_SPIKE,2040,43,43.0,13.17,0.306,11.93,64.56,4,Normal,Good,0,0,0
Zone_09,2,Suburban_LowDensity,PERIODIC_SPIKE,3241,92,92.0,4.48,0.049,2.8,67.76,1,Normal,Good,0,0,0
Zone_10,2,Residential,GRADUAL_DETERIORATION,15099,47,47.0,39.39,0.838,48.43,51.26,6,Normal,Good,0,0,0
Zone_11,2,Residential,RECOVERY_AFTER_DISRUPTION,9955,43,43.0,21.39,0.497,20.9,58.78,5,Normal,Good,0,0,0
Zone_12,2,Commercial_Downtown,GRADUAL_IMPROVEMENT,8725,68,68.0,48.26,0.71,37.74,56.29,8,Normal,Good,0,2,1
Zone_13,2,Suburban_LowDensity,EVENT_SENSITIVE,1361,75,75.0,6.93,0.092,4.45,60.62,1,Normal,Good,0,0,0
Zone_14,2,University_District,RECOVERY_AFTER_DISRUPTION,10551,99,99.0,46.03,0.465,21.07,59.8,5,Normal,Good,0,0,0
Zone_15,2,Residential,GRADUAL_DETERIORATION,14863,86,86.0,50.3,0.585,30.6,58.83,4,Normal,Good,0,0,0
Zone_16,2,Highway_Junction,GRADUAL_DETERIORATION,1963,84,69.55,2.23,0.032,13.05,53.25,3,Light Rain,Moderate,0,0,0
Zone_17,2,Residential,EVENT_SENSITIVE,8064,48,48.0,16.85,0.351,13.83,66.31,3,Normal,Good,0,0,0
Zone_18,2,Industrial_Corridor,STABLE,3295,90,90.0,0.0,0.0,2.05,67.2,2,Normal,Good,0,0,0
Zone_19,2,Industrial_Corridor,EVENT_SENSITIVE,4136,81,81.0,18.17,0.224,13.14,63.01,0,Normal,Good,0,0,0
Zone_20,2,Commercial_Downtown,STABLE,3700,73,73.0,28.3,0.388,15.57,60.69,3,Normal,Good,0,1,1
Zone_21,2,Residential,GRADUAL_DETERIORATION,11645,74,74.0,39.55,0.534,27.35,55.53,2,Normal,Good,0,0,0
Zone_22,2,University_District,GRADUAL_DETERIORATION,7570,76,76.0,32.83,0.432,15.61,63.4,2,Normal,Good,0,0,0
Zone_23,2,Suburban_LowDensity,EVENT_SENSITIVE,2228,53,53.0,5.37,0.101,6.01,63.4,4,Normal,Good,0,0,0
Zone_24,2,Commercial_Downtown,GRADUAL_IMPROVEMENT,8634,99,99.0,32.84,0.332,15.1,58.74,5,Normal,Good,0,0,0
Zone_25,2,Residential,STABLE,10790,71,71.0,23.08,0.325,12.18,62.46,0,Normal,Good,0,0,0
Zone_26,2,University_District,STABLE,7678,75,62.1,33.57,0.541,28.49,48.39,1,Light Rain,Moderate,0,0,0
Zone_27,2,Suburban_LowDensity,PERIODIC_SPIKE,4357,81,67.07,16.01,0.239,12.55,54.77,5,Light Rain,Moderate,0,0,0
Zone_28,2,Highway_Junction,PERIODIC_SPIKE,1845,83,83.0,2.81,0.034,4.68,63.55,2,Normal,Good,0,0,0
Zone_29,2,Residential,RECOVERY_AFTER_DISRUPTION,13450,94,94.0,45.08,0.48,21.87,60.53,0,Normal,Good,0,0,0
Zone_30,2,Highway_Junction,GRADUAL_DETERIORATION,2448,66,66.0,3.45,0.052,4.69,63.94,2,Normal,Good,0,1,1
Zone_31,2,Commercial_Downtown,EVENT_SENSITIVE,9364,45,45.0,50.37,1.119,70.83,39.01,10,Normal,Good,0,0,0
Zone_32,2,Commercial_Downtown,GRADUAL_IMPROVEMENT,7248,81,81.0,35.82,0.442,24.77,61.21,5,Normal,Good,0,1,1
Zone_33,2,Commercial_Downtown,RECOVERY_AFTER_DISRUPTION,6945,63,63.0,32.76,0.52,27.48,57.38,6,Normal,Good,0,0,0
Zone_34,2,Industrial_Corridor,GRADUAL_DETERIORATION,3320,51,51.0,12.04,0.236,14.91,60.08,3,Normal,Good,0,0,0
Zone_35,2,Residential,GRADUAL_IMPROVEMENT,15280,95,95.0,50.98,0.537,21.49,59.48,1,Normal,Good,0,0,0
Zone_36,2,Residential,PERIODIC_SPIKE,12737,62,62.0,42.82,0.691,36.13,58.33,3,Normal,Good,0,0,0
Zone_37,2,Residential,RECOVERY_AFTER_DISRUPTION,11474,92,92.0,29.38,0.319,19.05,64.48,8,Normal,Good,0,0,0
Zone_38,2,Commercial_Downtown,RECOVERY_AFTER_DISRUPTION,9035,94,77.83,43.27,0.556,30.25,46.79,6,Light Rain,Moderate,0,0,0
Zone_39,2,Industrial_Corridor,GRADUAL_DETERIORATION,2566,44,44.0,13.99,0.318,11.63,63.55,0,Normal,Good,0,0,0
Zone_40,2,University_District,PERIODIC_SPIKE,7930,55,55.0,44.67,0.812,50.6,50.52,10,Normal,Good,0,1,1
Zone_41,2,Highway_Junction,GRADUAL_DETERIORATION,2549,42,42.0,16.9,0.402,20.61,64.76,5,Normal,Good,0,0,0
Zone_42,2,University_District,PERIODIC_SPIKE,7369,58,48.02,24.4,0.508,29.68,48.75,2,Light Rain,Moderate,0,0,0
Zone_43,2,Commercial_Downtown,STABLE,3988,78,78.0,18.02,0.231,11.75,62.72,8,Normal,Good,0,0,0
Zone_44,2,Suburban_LowDensity,STABLE,3720,70,70.0,15.69,0.224,11.74,61.29,3,Normal,Good,0,0,0
Zone_45,2,Highway_Junction,GRADUAL_DETERIORATION,2987,87,87.0,16.8,0.193,12.87,63.03,2,Normal,Good,0,0,0
Zone_46,2,University_District,GRADUAL_IMPROVEMENT,8049,51,51.0,46.1,0.904,59.08,45.09,4,Normal,Good,0,0,0
Zone_47,2,University_District,RECOVERY_AFTER_DISRUPTION,8056,58,58.0,32.76,0.565,26.11,59.58,4,Normal,Good,0,0,0
Zone_48,2,Industrial_Corridor,RECOVERY_AFTER_DISRUPTION,3999,72,72.0,11.43,0.159,4.92,61.4,3,Normal,Good,0,0,0
Zone_49,2,University_District,STABLE,11539,59,59.0,54.9,0.931,56.91,45.02,2,Normal,Good,0,0,0
Zone_50,2,University_District,GRADUAL_DETERIORATION,11592,68,68.0,51.78,0.761,36.39,52.51,3,Normal,Good,0,1,1
Zone_01,3,Commercial_Downtown,RECOVERY_AFTER_DISRUPTION,8726,60,60.0,49.05,0.818,48.5,51.77,7,Normal,Good,0,0,0
Zone_02,3,Residential,STABLE,12426,92,92.0,34.73,0.377,17.98,61.61,6,Normal,Good,0,0,0
Zone_03,3,University_District,EVENT_SENSITIVE,7685,63,63.0,40.38,0.641,31.95,56.38,5,Normal,Good,0,0,0
Zone_04,3,Highway_Junction,GRADUAL_DETERIORATION,2415,72,72.0,8.7,0.121,10.1,65.04,5,Normal,Good,0,0,0
Zone_05,3,Commercial_Downtown,GRADUAL_IMPROVEMENT,8343,66,66.0,31.31,0.474,21.72,58.02,9,Normal,Good,0,0,0
Zone_06,3,University_District,STABLE,8747,86,86.0,20.95,0.244,9.95,66.24,3,Normal,Good,0,0,0
Zone_07,3,University_District,GRADUAL_DETERIORATION,7267,42,34.78,32.43,0.932,64.75,33.68,8,Light Rain,Moderate,0,2,1
Zone_08,3,Highway_Junction,PERIODIC_SPIKE,2040,43,43.0,10.77,0.25,14.81,61.14,5,Normal,Good,0,0,0
Zone_09,3,Suburban_LowDensity,PERIODIC_SPIKE,3241,92,92.0,0.66,0.007,5.56,68.81,2,Normal,Good,0,0,0
Zone_10,3,Residential,GRADUAL_DETERIORATION,15099,47,47.0,42.7,0.909,58.73,44.93,8,Normal,Good,0,0,0
Zone_11,3,Residential,RECOVERY_AFTER_DISRUPTION,9955,43,43.0,18.48,0.43,19.69,58.85,2,Normal,Good,0,0,0
Zone_12,3,Commercial_Downtown,GRADUAL_IMPROVEMENT,8725,68,56.3,45.5,0.808,50.3,44.98,6,Light Rain,Moderate,0,3,1
Zone_13,3,Suburban_LowDensity,EVENT_SENSITIVE,1361,75,75.0,0.0,0.0,9.22,60.89,3,Normal,Good,0,0,0
Zone_14,3,University_District,RECOVERY_AFTER_DISRUPTION,10551,99,99.0,49.26,0.498,19.29,58.91,2,Normal,Good,0,0,0
Zone_15,3,Residential,GRADUAL_DETERIORATION,14863,86,86.0,50.1,0.583,29.0,59.42,4,Normal,Good,0,0,0
Zone_16,3,Highway_Junction,GRADUAL_DETERIORATION,1963,84,84.0,0.0,0.0,4.02,63.15,2,Normal,Good,0,0,0
Zone_17,3,Residential,EVENT_SENSITIVE,8064,48,48.0,18.96,0.395,23.72,59.03,3,Normal,Good,0,0,0
Zone_18,3,Industrial_Corridor,STABLE,3295,90,90.0,4.32,0.048,5.9,64.82,2,Normal,Good,0,0,0
Zone_19,3,Industrial_Corridor,EVENT_SENSITIVE,4136,81,81.0,23.36,0.288,15.61,65.1,1,Normal,Good,0,0,0
Zone_20,3,Commercial_Downtown,STABLE,3700,73,73.0,26.7,0.366,16.46,60.37,5,Normal,Good,0,0,0
Zone_21,3,Residential,GRADUAL_DETERIORATION,11645,74,74.0,35.0,0.473,22.6,61.61,1,Normal,Good,0,0,0
Zone_22,3,University_District,GRADUAL_DETERIORATION,7570,76,76.0,35.58,0.468,21.8,59.47,1,Normal,Good,0,1,1
Zone_23,3,Suburban_LowDensity,EVENT_SENSITIVE,2228,53,53.0,9.03,0.17,3.98,63.5,2,Normal,Good,0,0,0
Zone_24,3,Commercial_Downtown,GRADUAL_IMPROVEMENT,8634,99,99.0,32.36,0.327,16.58,62.63,4,Normal,Good,0,0,0
Zone_25,3,Residential,STABLE,10790,71,71.0,28.24,0.398,19.51,60.04,3,Normal,Good,0,0,0
Zone_26,3,University_District,STABLE,7678,75,75.0,33.14,0.442,17.36,62.12,3,Normal,Good,0,0,0
Zone_27,3,Suburban_LowDensity,PERIODIC_SPIKE,4357,81,81.0,13.22,0.163,7.74,65.27,1,Normal,Good,0,0,0
Zone_28,3,Highway_Junction,PERIODIC_SPIKE,1845,83,83.0,1.83,0.022,7.04,65.91,4,Normal,Good,0,0,0
Zone_29,3,Residential,RECOVERY_AFTER_DISRUPTION,13450,94,94.0,42.63,0.454,19.67,60.61,4,Normal,Good,0,0,0
Zone_30,3,Highway_Junction,GRADUAL_DETERIORATION,2448,66,66.0,9.63,0.146,8.04,62.65,2,Normal,Good,0,0,0
Zone_31,3,Commercial_Downtown,EVENT_SENSITIVE,9364,45,37.26,49.22,1.321,91.85,21.74,18,Light Rain,Moderate,0,2,1
Zone_32,3,Commercial_Downtown,GRADUAL_IMPROVEMENT,7248,81,81.0,35.84,0.442,18.22,61.24,5,Normal,Good,0,0,0
Zone_33,3,Commercial_Downtown,RECOVERY_AFTER_DISRUPTION,6945,63,63.0,36.45,0.579,28.31,56.68,6,Normal,Good,0,1,1
Zone_34,3,Industrial_Corridor,GRADUAL_DETERIORATION,3320,51,51.0,11.1,0.218,8.49,59.74,0,Normal,Good,0,0,0
Zone_35,3,Residential,GRADUAL_IMPROVEMENT,15280,95,95.0,48.21,0.507,28.89,55.71,4,Normal,Good,0,0,0
Zone_36,3,Residential,PERIODIC_SPIKE,12737,62,62.0,36.14,0.583,29.32,57.48,4,Normal,Good,0,0,0
Zone_37,3,Residential,RECOVERY_AFTER_DISRUPTION,11474,92,76.18,31.68,0.416,22.18,51.26,4,Light Rain,Moderate,0,0,0
Zone_38,3,Commercial_Downtown,RECOVERY_AFTER_DISRUPTION,9035,94,77.83,49.11,0.631,36.58,45.08,10,Light Rain,Moderate,0,0,0
Zone_39,3,Industrial_Corridor,GRADUAL_DETERIORATION,2566,44,44.0,15.01,0.341,9.52,65.57,2,Normal,Good,0,0,0
Zone_40,3,University_District,PERIODIC_SPIKE,7930,55,55.0,46.37,0.843,51.37,49.35,5,Normal,Good,0,2,1
Zone_41,3,Highway_Junction,GRADUAL_DETERIORATION,2549,42,42.0,13.25,0.315,11.02,64.83,3,Normal,Good,0,0,0
Zone_42,3,University_District,PERIODIC_SPIKE,7369,58,48.02,36.81,0.767,47.26,42.63,6,Light Rain,Moderate,0,0,0
Zone_43,3,Commercial_Downtown,STABLE,3988,78,78.0,14.27,0.183,8.62,62.03,2,Normal,Good,0,0,0
Zone_44,3,Suburban_LowDensity,STABLE,3720,70,70.0,8.77,0.125,6.49,63.94,0,Normal,Good,0,0,0
Zone_45,3,Highway_Junction,GRADUAL_DETERIORATION,2987,87,87.0,18.8,0.216,12.57,63.33,7,Normal,Good,0,0,0
Zone_46,3,University_District,GRADUAL_IMPROVEMENT,8049,51,51.0,40.56,0.795,39.8,49.16,7,Normal,Good,0,1,1
Zone_47,3,University_District,RECOVERY_AFTER_DISRUPTION,8056,58,58.0,35.59,0.614,30.49,56.78,1,Normal,Good,0,1,1
Zone_48,3,Industrial_Corridor,RECOVERY_AFTER_DISRUPTION,3999,72,72.0,8.32,0.116,2.76,63.84,0,Normal,Good,0,0,0
Zone_49,3,University_District,STABLE,11539,59,48.85,60.08,1.23,92.94,20.21,11,Light Rain,Moderate,0,0,0
Zone_50,3,University_District,GRADUAL_DETERIORATION,11592,68,68.0,49.92,0.734,41.8,51.01,3,Normal,Good,0,0,0
Zone_01,4,Commercial_Downtown,RECOVERY_AFTER_DISRUPTION,8726,60,60.0,49.94,0.832,47.02,51.95,9,Normal,Good,0,0,0
Zone_02,4,Residential,STABLE,12426,92,92.0,42.39,0.461,20.37,62.26,1,Normal,Good,0,0,0
Zone_03,4,University_District,EVENT_SENSITIVE,7685,63,63.0,27.88,0.443,19.92,60.93,2,Normal,Good,0,0,0
Zone_04,4,Highway_Junction,GRADUAL_DETERIORATION,2415,72,72.0,7.62,0.106,5.66,64.37,3,Normal,Good,0,0,0
Zone_05,4,Commercial_Downtown,GRADUAL_IMPROVEMENT,8343,66,66.0,38.26,0.58,27.36,56.95,3,Normal,Good,0,0,0
Zone_06,4,University_District,STABLE,8747,86,71.21,31.58,0.443,20.71,50.77,4,Light Rain,Moderate,0,0,0
Zone_07,4,University_District,GRADUAL_DETERIORATION,7267,42,42.0,26.41,0.629,35.28,60.27,1,Normal,Good,0,0,0
Zone_08,4,Highway_Junction,PERIODIC_SPIKE,2040,43,43.0,12.86,0.299,11.75,63.5,4,Normal,Good,0,0,0
Zone_09,4,Suburban_LowDensity,PERIODIC_SPIKE,3241,92,92.0,3.75,0.041,4.07,63.59,2,Normal,Good,0,0,0
Zone_10,4,Residential,GRADUAL_DETERIORATION,15099,47,47.0,44.87,0.955,57.73,44.51,6,Normal,Good,0,0,0
Zone_11,4,Residential,RECOVERY_AFTER_DISRUPTION,9955,43,43.0,22.83,0.531,26.31,59.54,5,Normal,Good,0,1,1
Zone_12,4,Commercial_Downtown,GRADUAL_IMPROVEMENT,8725,68,56.3,41.65,0.74,46.89,44.89,7,Light Rain,Moderate,0,0,0
Zone_13,4,Suburban_LowDensity,EVENT_SENSITIVE,1361,75,62.1,1.27,0.02,8.16,55.03,1,Light Rain,Moderate,0,0,0
Zone_14,4,University_District,RECOVERY_AFTER_DISRUPTION,10551,99,99.0,54.07,0.546,25.31,58.37,1,Normal,Good,0,0,0
Zone_15,4,Residential,GRADUAL_DETERIORATION,14863,86,86.0,52.33,0.608,32.76,58.38,5,Normal,Good,0,1,1
Zone_16,4,Highway_Junction,GRADUAL_DETERIORATION,1963,84,69.55,0.0,0.0,7.22,57.25,4,Light Rain,Moderate,0,0,0
Zone_17,4,Residential,EVENT_SENSITIVE,8064,48,48.0,21.95,0.457,26.46,57.78,5,Normal,Good,0,0,0
Zone_18,4,Industrial_Corridor,STABLE,3295,90,90.0,7.08,0.079,11.04,61.04,1,Normal,Good,0,0,0
Zone_19,4,Industrial_Corridor,EVENT_SENSITIVE,4136,81,81.0,26.55,0.328,13.81,64.9,1,Normal,Good,0,0,0
Zone_20,4,Commercial_Downtown,STABLE,3700,73,73.0,19.23,0.263,9.65,64.02,3,Normal,Good,0,1,1
Zone_21,4,Residential,GRADUAL_DETERIORATION,11645,74,74.0,34.64,0.468,17.46,58.85,3,Normal,Good,0,0,0
Zone_22,4,University_District,GRADUAL_DETERIORATION,7570,76,76.0,36.07,0.475,22.54,59.36,2,Normal,Good,0,1,1
Zone_23,4,Suburban_LowDensity,EVENT_SENSITIVE,2228,53,53.0,10.23,0.193,8.24,65.56,1,Normal,Good,0,0,0
Zone_24,4,Commercial_Downtown,GRADUAL_IMPROVEMENT,8634,99,81.97,37.81,0.461,23.36,51.0,10,Light Rain,Moderate,0,0,0
Zone_25,4,Residential,STABLE,10790,71,71.0,32.98,0.465,18.22,62.24,1,Normal,Good,0,0,0
Zone_26,4,University_District,STABLE,7678,75,75.0,27.09,0.361,13.71,61.45,5,Normal,Good,0,0,0
Zone_27,4,Suburban_LowDensity,PERIODIC_SPIKE,4357,81,81.0,13.7,0.169,6.3,64.47,5,Normal,Good,0,0,0
Zone_28,4,Highway_Junction,PERIODIC_SPIKE,1845,83,83.0,2.06,0.025,1.99,66.69,1,Normal,Good,0,0,0
Zone_29,4,Residential,RECOVERY_AFTER_DISRUPTION,13450,94,94.0,36.19,0.385,18.23,59.51,2,Normal,Good,0,0,0
Zone_30,4,Highway_Junction,GRADUAL_DETERIORATION,2448,66,54.65,8.66,0.158,9.55,56.44,3,Light Rain,Moderate,0,0,0
Zone_31,4,Commercial_Downtown,EVENT_SENSITIVE,9364,45,45.0,49.34,1.096,64.51,46.27,8,Normal,Good,0,0,0
Zone_32,4,Commercial_Downtown,GRADUAL_IMPROVEMENT,7248,81,81.0,36.36,0.449,21.41,57.08,3,Normal,Good,0,0,0
Zone_33,4,Commercial_Downtown,RECOVERY_AFTER_DISRUPTION,6945,63,63.0,33.1,0.525,19.19,61.13,3,Normal,Good,0,2,1
Zone_34,4,Industrial_Corridor,GRADUAL_DETERIORATION,3320,51,51.0,22.12,0.434,15.03,61.13,4,Normal,Good,0,0,0
Zone_35,4,Residential,GRADUAL_IMPROVEMENT,15280,95,95.0,49.03,0.516,23.05,57.52,4,Normal,Good,0,0,0
Zone_36,4,Residential,PERIODIC_SPIKE,12737,62,62.0,32.77,0.529,22.1,59.71,5,Normal,Good,0,0,0
Zone_37,4,Residential,RECOVERY_AFTER_DISRUPTION,11474,92,92.0,30.85,0.335,9.56,62.18,2,Normal,Good,0,0,0
Zone_38,4,Commercial_Downtown,RECOVERY_AFTER_DISRUPTION,9035,94,94.0,45.27,0.482,22.3,59.89,7,Normal,Good,0,0,0
Zone_39,4,Industrial_Corridor,GRADUAL_DETERIORATION,2566,44,44.0,4.28,0.097,2.9,67.41,3,Normal,Good,0,1,1
Zone_40,4,University_District,PERIODIC_SPIKE,7930,55,55.0,39.84,0.724,36.78,56.75,3,Normal,Good,0,0,0
Zone_41,4,Highway_Junction,GRADUAL_DETERIORATION,2549,42,42.0,10.58,0.252,14.11,62.68,5,Normal,Good,0,1,1
Zone_42,4,University_District,PERIODIC_SPIKE,7369,58,58.0,35.55,0.613,31.24,55.99,4,Normal,Good,0,0,0
Zone_43,4,Commercial_Downtown,STABLE,3988,78,78.0,19.83,0.254,16.36,60.41,4,Normal,Good,0,0,0
Zone_44,4,Suburban_LowDensity,STABLE,3720,70,70.0,6.68,0.095,9.71,61.95,1,Normal,Good,0,0,0
Zone_45,4,Highway_Junction,GRADUAL_DETERIORATION,2987,87,87.0,10.94,0.126,8.5,66.3,6,Normal,Good,0,0,0
Zone_46,4,University_District,GRADUAL_IMPROVEMENT,8049,51,51.0,36.55,0.717,36.27,56.28,4,Normal,Good,0,0,0
Zone_47,4,University_District,RECOVERY_AFTER_DISRUPTION,8056,58,58.0,30.66,0.529,27.45,56.8,6,Normal,Good,0,0,0
Zone_48,4,Industrial_Corridor,RECOVERY_AFTER_DISRUPTION,3999,72,72.0,9.89,0.137,8.52,65.56,4,Normal,Good,0,0,0
Zone_49,4,University_District,STABLE,11539,59,59.0,62.19,1.054,66.96,43.72,5,Normal,Good,0,0,0
Zone_50,4,University_District,GRADUAL_DETERIORATION,11592,68,68.0,51.47,0.757,37.8,54.77,4,Normal,Good,0,0,0
Zone_01,5,Commercial_Downtown,RECOVERY_AFTER_DISRUPTION,8726,60,49.68,48.32,0.973,68.33,30.38,11,Light Rain,Moderate,0,0,0
Zone_02,5,Residential,STABLE,12426,92,76.18,39.47,0.518,32.29,47.28,3,Light Rain,Moderate,0,0,0
Zone_03,5,University_District,EVENT_SENSITIVE,7685,63,52.16,23.96,0.459,25.43,51.33,0,Light Rain,Moderate,0,0,0
Zone_04,5,Highway_Junction,GRADUAL_DETERIORATION,2415,72,72.0,8.04,0.112,8.62,64.72,1,Normal,Good,0,0,0
Zone_05,5,Commercial_Downtown,GRADUAL_IMPROVEMENT,8343,66,66.0,34.15,0.517,22.6,58.52,4,Normal,Good,0,0,0
Zone_06,5,University_District,STABLE,8747,86,86.0,35.92,0.418,15.63,65.09,6,Normal,Good,0,0,0
Zone_07,5,University_District,GRADUAL_DETERIORATION,7267,42,42.0,30.16,0.718,39.35,53.1,4,Normal,Good,0,0,0
Zone_08,5,Highway_Junction,PERIODIC_SPIKE,2040,43,38.7,20.22,0.522,29.67,56.42,15,Normal,Good,1,2,1
Zone_09,5,Suburban_LowDensity,PERIODIC_SPIKE,3241,92,82.8,4.56,0.055,6.24,63.92,9,Normal,Good,1,0,0
Zone_10,5,Residential,GRADUAL_DETERIORATION,15099,47,47.0,45.06,0.959,61.95,45.63,6,Normal,Good,0,0,0
Zone_11,5,Residential,RECOVERY_AFTER_DISRUPTION,9955,43,43.0,24.79,0.577,29.85,57.18,3,Normal,Good,0,1,1
Zone_12,5,Commercial_Downtown,GRADUAL_IMPROVEMENT,8725,68,68.0,48.17,0.708,35.7,56.49,13,Normal,Good,0,0,0
Zone_13,5,Suburban_LowDensity,EVENT_SENSITIVE,1361,75,75.0,0.0,0.0,6.44,66.56,1,Normal,Good,0,0,0
Zone_14,5,University_District,RECOVERY_AFTER_DISRUPTION,10551,99,99.0,51.93,0.525,26.39,53.49,2,Normal,Good,0,1,1
Zone_15,5,Residential,GRADUAL_DETERIORATION,14863,86,86.0,56.75,0.66,29.59,59.68,3,Normal,Good,0,0,0
Zone_16,5,Highway_Junction,GRADUAL_DETERIORATION,1963,84,84.0,4.43,0.053,4.07,63.84,5,Normal,Good,0,0,0
Zone_17,5,Residential,EVENT_SENSITIVE,8064,48,48.0,20.39,0.425,21.82,61.32,3,Normal,Good,0,0,0
Zone_18,5,Industrial_Corridor,STABLE,3295,90,90.0,8.51,0.095,6.33,61.55,2,Normal,Good,0,0,0
Zone_19,5,Industrial_Corridor,EVENT_SENSITIVE,4136,81,67.07,26.5,0.395,21.53,54.13,2,Light Rain,Moderate,0,0,0
Zone_20,5,Commercial_Downtown,STABLE,3700,73,73.0,21.77,0.298,7.77,68.15,1,Normal,Good,0,0,0
Zone_21,5,Residential,GRADUAL_DETERIORATION,11645,74,74.0,39.28,0.531,24.85,61.19,6,Normal,Good,0,0,0
Zone_22,5,University_District,GRADUAL_DETERIORATION,7570,76,76.0,29.84,0.393,16.28,62.18,1,Normal,Good,0,0,0
Zone_23,5,Suburban_LowDensity,EVENT_SENSITIVE,2228,53,53.0,0.62,0.012,5.8,63.6,2,Normal,Good,0,0,0
Zone_24,5,Commercial_Downtown,GRADUAL_IMPROVEMENT,8634,99,99.0,41.06,0.415,20.95,58.22,3,Normal,Good,0,0,0
Zone_25,5,Residential,STABLE,10790,71,71.0,31.97,0.45,20.27,61.75,1,Normal,Good,0,0,0
Zone_26,5,University_District,STABLE,7678,75,75.0,36.39,0.485,17.08,61.17,3,Normal,Good,0,0,0
Zone_27,5,Suburban_LowDensity,PERIODIC_SPIKE,4357,81,72.9,20.8,0.285,15.91,61.92,6,Normal,Good,1,0,0
Zone_28,5,Highway_Junction,PERIODIC_SPIKE,1845,83,74.7,10.3,0.138,8.73,65.48,9,Normal,Good,1,0,0
Zone_29,5,Residential,RECOVERY_AFTER_DISRUPTION,13450,94,94.0,37.43,0.398,17.11,60.84,4,Normal,Good,0,0,0
Zone_30,5,Highway_Junction,GRADUAL_DETERIORATION,2448,66,54.65,14.22,0.26,10.39,55.51,7,Light Rain,Moderate,0,0,0
Zone_31,5,Commercial_Downtown,EVENT_SENSITIVE,9364,45,45.0,48.4,1.076,67.62,43.29,8,Normal,Good,0,0,0
Zone_32,5,Commercial_Downtown,GRADUAL_IMPROVEMENT,7248,81,81.0,33.21,0.41,19.39,58.72,4,Normal,Good,0,1,1
Zone_33,5,Commercial_Downtown,RECOVERY_AFTER_DISRUPTION,6945,63,63.0,29.2,0.463,24.82,56.23,4,Normal,Good,0,0,0
Zone_34,5,Industrial_Corridor,GRADUAL_DETERIORATION,3320,51,42.23,27.52,0.652,35.36,45.06,2,Light Rain,Moderate,0,0,0
Zone_35,5,Residential,GRADUAL_IMPROVEMENT,15280,95,95.0,49.95,0.526,28.58,56.5,5,Normal,Good,0,0,0
Zone_36,5,Residential,PERIODIC_SPIKE,12737,62,55.8,41.64,0.746,44.64,52.68,7,Normal,Good,1,0,0
Zone_37,5,Residential,RECOVERY_AFTER_DISRUPTION,11474,92,76.18,28.79,0.378,14.04,55.14,2,Light Rain,Moderate,0,0,0
Zone_38,5,Commercial_Downtown,RECOVERY_AFTER_DISRUPTION,9035,94,94.0,39.1,0.416,18.47,60.26,6,Normal,Good,0,0,0
Zone_39,5,Industrial_Corridor,GRADUAL_DETERIORATION,2566,44,44.0,4.57,0.104,10.74,63.73,3,Normal,Good,0,0,0
Zone_40,5,University_District,PERIODIC_SPIKE,7930,55,49.5,51.37,1.038,65.44,41.24,7,Normal,Good,1,2,1
Zone_41,5,Highway_Junction,GRADUAL_DETERIORATION,2549,42,42.0,14.53,0.346,17.66,60.97,1,Normal,Good,0,0,0
Zone_42,5,University_District,PERIODIC_SPIKE,7369,58,52.2,34.17,0.655,34.86,55.35,9,Normal,Good,1,0,0
Zone_43,5,Commercial_Downtown,STABLE,3988,78,64.58,17.16,0.266,16.09,56.38,4,Light Rain,Moderate,0,0,0
Zone_44,5,Suburban_LowDensity,STABLE,3720,70,70.0,12.81,0.183,7.79,63.39,3,Normal,Good,0,0,0
Zone_45,5,Highway_Junction,GRADUAL_DETERIORATION,2987,87,87.0,3.64,0.042,7.4,66.7,4,Normal,Good,0,0,0
Zone_46,5,University_District,GRADUAL_IMPROVEMENT,8049,51,51.0,34.87,0.684,34.58,54.38,9,Normal,Good,0,0,0
Zone_47,5,University_District,RECOVERY_AFTER_DISRUPTION,8056,58,58.0,29.88,0.515,24.4,59.58,5,Normal,Good,0,0,0
Zone_48,5,Industrial_Corridor,RECOVERY_AFTER_DISRUPTION,3999,72,72.0,13.74,0.191,12.95,63.35,2,Normal,Good,0,0,0
Zone_49,5,University_District,STABLE,11539,59,59.0,64.27,1.089,71.97,40.22,8,Normal,Good,0,1,1
Zone_50,5,University_District,GRADUAL_DETERIORATION,11592,68,68.0,48.01,0.706,37.78,55.98,7,Normal,Good,0,0,0
Zone_01,6,Commercial_Downtown,RECOVERY_AFTER_DISRUPTION,8726,60,49.68,51.23,1.031,76.45,28.96,9,Light Rain,Moderate,0,1,1
Zone_02,6,Residential,STABLE,12426,92,92.0,44.68,0.486,16.94,57.64,2,Normal,Good,0,0,0
Zone_03,6,University_District,EVENT_SENSITIVE,7685,63,63.0,32.05,0.509,21.11,58.28,1,Normal,Good,0,0,0
Zone_04,6,Highway_Junction,GRADUAL_DETERIORATION,2415,72,72.0,11.6,0.161,9.8,66.21,5,Normal,Good,0,0,0
Zone_05,6,Commercial_Downtown,GRADUAL_IMPROVEMENT,8343,66,66.0,36.43,0.552,28.27,58.78,6,Normal,Good,0,0,0
Zone_06,6,University_District,STABLE,8747,86,86.0,32.97,0.383,18.82,63.35,4,Normal,Good,0,0,0
Zone_07,6,University_District,GRADUAL_DETERIORATION,7267,42,42.0,32.9,0.783,44.29,53.54,4,Normal,Good,0,0,0
Zone_08,6,Highway_Junction,PERIODIC_SPIKE,2040,43,43.0,16.77,0.39,20.09,61.32,6,Normal,Good,0,0,0
Zone_09,6,Suburban_LowDensity,PERIODIC_SPIKE,3241,92,92.0,14.52,0.158,5.74,62.26,4,Normal,Good,0,0,0
Zone_10,6,Residential,GRADUAL_DETERIORATION,15099,47,47.0,46.52,0.99,62.87,43.3,3,Normal,Good,0,0,0
Zone_11,6,Residential,RECOVERY_AFTER_DISRUPTION,9955,43,43.0,26.71,0.621,29.97,59.12,4,Normal,Good,0,0,0
Zone_12,6,Commercial_Downtown,GRADUAL_IMPROVEMENT,8725,68,68.0,44.81,0.659,39.86,53.48,11,Normal,Good,0,0,0
Zone_13,6,Suburban_LowDensity,EVENT_SENSITIVE,1361,75,75.0,0.52,0.007,3.51,65.94,1,Normal,Good,0,1,1
Zone_14,6,University_District,RECOVERY_AFTER_DISRUPTION,10551,99,99.0,49.86,0.504,20.38,63.99,7,Normal,Good,0,0,0
Zone_15,6,Residential,GRADUAL_DETERIORATION,14863,86,71.21,61.3,0.861,58.92,38.77,9,Light Rain,Moderate,0,1,1
Zone_16,6,Highway_Junction,GRADUAL_DETERIORATION,1963,84,84.0,12.19,0.145,11.86,62.23,6,Normal,Good,0,0,0
Zone_17,6,Residential,EVENT_SENSITIVE,8064,48,48.0,17.93,0.374,16.43,63.9,2,Normal,Good,0,1,1
Zone_18,6,Industrial_Corridor,STABLE,3295,90,90.0,4.05,0.045,7.55,61.29,2,Normal,Good,0,0,0
Zone_19,6,Industrial_Corridor,EVENT_SENSITIVE,4136,81,81.0,20.91,0.258,11.1,64.01,1,Normal,Good,0,0,0
Zone_20,6,Commercial_Downtown,STABLE,3700,73,73.0,15.29,0.209,7.36,63.59,5,Normal,Good,0,0,0
Zone_21,6,Residential,GRADUAL_DETERIORATION,11645,74,74.0,39.16,0.529,22.55,59.94,5,Normal,Good,0,0,0
Zone_22,6,University_District,GRADUAL_DETERIORATION,7570,76,76.0,28.59,0.376,20.87,62.08,6,Normal,Good,0,0,0
Zone_23,6,Suburban_LowDensity,EVENT_SENSITIVE,2228,53,53.0,0.0,0.0,7.67,64.23,2,Normal,Good,0,0,0
Zone_24,6,Commercial_Downtown,GRADUAL_IMPROVEMENT,8634,99,99.0,32.04,0.324,16.64,60.38,7,Normal,Good,0,0,0
Zone_25,6,Residential,STABLE,10790,71,71.0,42.25,0.595,31.15,58.34,2,Normal,Good,0,0,0
Zone_26,6,University_District,STABLE,7678,75,75.0,30.37,0.405,18.67,59.26,6,Normal,Good,0,0,0
Zone_27,6,Suburban_LowDensity,PERIODIC_SPIKE,4357,81,81.0,22.31,0.275,13.93,65.74,4,Normal,Good,0,0,0
Zone_28,6,Highway_Junction,PERIODIC_SPIKE,1845,83,68.72,3.39,0.049,8.54,54.95,3,Light Rain,Moderate,0,0,0
Zone_29,6,Residential,RECOVERY_AFTER_DISRUPTION,13450,94,94.0,35.34,0.376,18.37,60.37,5,Normal,Good,0,0,0
Zone_30,6,Highway_Junction,GRADUAL_DETERIORATION,2448,66,54.65,20.68,0.378,20.92,52.9,7,Light Rain,Moderate,0,0,0
Zone_31,6,Commercial_Downtown,EVENT_SENSITIVE,9364,45,45.0,43.91,0.976,57.45,49.19,10,Normal,Good,0,0,0
Zone_32,6,Commercial_Downtown,GRADUAL_IMPROVEMENT,7248,81,81.0,39.89,0.492,22.11,58.78,7,Normal,Good,0,0,0
Zone_33,6,Commercial_Downtown,RECOVERY_AFTER_DISRUPTION,6945,63,63.0,33.47,0.531,22.81,58.25,3,Normal,Good,0,2,1
Zone_34,6,Industrial_Corridor,GRADUAL_DETERIORATION,3320,51,51.0,20.33,0.399,15.55,61.57,4,Normal,Good,0,0,0
Zone_35,6,Residential,GRADUAL_IMPROVEMENT,15280,95,95.0,44.89,0.473,20.89,63.42,5,Normal,Good,0,0,0
Zone_36,6,Residential,PERIODIC_SPIKE,12737,62,62.0,43.65,0.704,41.27,50.24,2,Normal,Good,0,1,1
Zone_37,6,Residential,RECOVERY_AFTER_DISRUPTION,11474,92,76.18,31.62,0.415,23.48,50.29,2,Light Rain,Moderate,0,0,0
Zone_38,6,Commercial_Downtown,RECOVERY_AFTER_DISRUPTION,9035,94,94.0,39.47,0.42,18.19,58.63,10,Normal,Good,0,0,0
Zone_39,6,Industrial_Corridor,GRADUAL_DETERIORATION,2566,44,44.0,4.29,0.098,6.14,61.41,2,Normal,Good,0,0,0
Zone_40,6,University_District,PERIODIC_SPIKE,7930,55,55.0,45.21,0.822,47.99,51.15,2,Normal,Good,0,2,1
Zone_41,6,Highway_Junction,GRADUAL_DETERIORATION,2549,42,42.0,8.66,0.206,10.74,63.54,4,Normal,Good,0,0,0
Zone_42,6,University_District,PERIODIC_SPIKE,7369,58,48.02,40.46,0.843,51.71,41.08,7,Light Rain,Moderate,0,0,0
Zone_43,6,Commercial_Downtown,STABLE,3988,78,78.0,17.63,0.226,10.25,61.04,3,Normal,Good,0,0,0
Zone_44,6,Suburban_LowDensity,STABLE,3720,70,70.0,10.16,0.145,9.67,63.75,1,Normal,Good,0,0,0
Zone_45,6,Highway_Junction,GRADUAL_DETERIORATION,2987,87,87.0,5.46,0.063,6.57,64.22,2,Normal,Good,0,0,0
Zone_46,6,University_District,GRADUAL_IMPROVEMENT,8049,51,51.0,39.28,0.77,42.02,53.12,3,Normal,Good,0,0,0
Zone_47,6,University_District,RECOVERY_AFTER_DISRUPTION,8056,58,48.02,28.85,0.601,36.97,48.79,1,Light Rain,Moderate,0,0,0
Zone_48,6,Industrial_Corridor,RECOVERY_AFTER_DISRUPTION,3999,72,72.0,15.11,0.21,9.26,58.35,1,Normal,Good,0,0,0
Zone_49,6,University_District,STABLE,11539,59,59.0,63.31,1.073,67.47,44.91,8,Normal,Good,0,2,1
Zone_50,6,University_District,GRADUAL_DETERIORATION,11592,68,68.0,41.91,0.616,27.7,56.55,2,Normal,Good,0,0,0
Zone_01,7,Commercial_Downtown,RECOVERY_AFTER_DISRUPTION,8726,60,60.0,48.49,0.808,47.3,48.02,7,Normal,Good,0,1,1
Zone_02,7,Residential,STABLE,12426,92,92.0,41.85,0.455,21.38,58.64,1,Normal,Good,0,0,0
Zone_03,7,University_District,EVENT_SENSITIVE,7685,63,63.0,30.37,0.482,22.19,60.8,4,Normal,Good,0,0,0
Zone_04,7,Highway_Junction,GRADUAL_DETERIORATION,2415,72,72.0,21.65,0.301,16.63,60.62,2,Normal,Good,0,0,0
Zone_05,7,Commercial_Downtown,GRADUAL_IMPROVEMENT,8343,66,66.0,33.41,0.506,21.04,59.7,2,Normal,Good,0,0,0
Zone_06,7,University_District,STABLE,8747,86,86.0,30.58,0.356,12.64,64.19,4,Normal,Good,0,0,0
Zone_07,7,University_District,GRADUAL_DETERIORATION,7267,42,42.0,35.54,0.846,49.02,53.52,3,Normal,Good,0,0,0
Zone_08,7,Highway_Junction,PERIODIC_SPIKE,2040,43,43.0,17.06,0.397,16.19,59.42,2,Normal,Good,0,0,0
Zone_09,7,Suburban_LowDensity,PERIODIC_SPIKE,3241,92,92.0,9.44,0.103,8.19,61.99,0,Normal,Good,0,0,0
Zone_10,7,Residential,GRADUAL_DETERIORATION,15099,47,47.0,47.64,1.014,56.18,49.79,10,Normal,Good,0,0,0
Zone_11,7,Residential,RECOVERY_AFTER_DISRUPTION,9955,43,43.0,29.41,0.684,42.32,52.75,7,Normal,Good,0,0,0
Zone_12,7,Commercial_Downtown,GRADUAL_IMPROVEMENT,8725,68,56.3,40.54,0.72,42.97,44.8,7,Light Rain,Moderate,0,0,0
Zone_13,7,Suburban_LowDensity,EVENT_SENSITIVE,1361,75,62.1,0.0,0.0,10.13,57.42,5,Light Rain,Moderate,0,0,0
Zone_14,7,University_District,RECOVERY_AFTER_DISRUPTION,10551,99,99.0,54.25,0.548,25.32,56.95,0,Normal,Good,0,0,0
Zone_15,7,Residential,GRADUAL_DETERIORATION,14863,86,86.0,59.4,0.691,37.56,55.11,9,Normal,Good,0,0,0
Zone_16,7,Highway_Junction,GRADUAL_DETERIORATION,1963,84,69.55,9.99,0.144,10.66,54.86,4,Light Rain,Moderate,0,0,0
Zone_17,7,Residential,EVENT_SENSITIVE,8064,48,48.0,18.74,0.39,19.32,57.25,3,Normal,Good,0,0,0
Zone_18,7,Industrial_Corridor,STABLE,3295,90,74.52,8.51,0.114,3.72,58.95,1,Light Rain,Moderate,0,0,0
Zone_19,7,Industrial_Corridor,EVENT_SENSITIVE,4136,81,81.0,17.49,0.216,4.36,63.01,0,Normal,Good,0,0,0
Zone_20,7,Commercial_Downtown,STABLE,3700,73,73.0,14.35,0.197,4.79,64.15,6,Normal,Good,0,0,0
Zone_21,7,Residential,GRADUAL_DETERIORATION,11645,74,74.0,37.24,0.503,26.85,59.78,4,Normal,Good,0,0,0
Zone_22,7,University_District,GRADUAL_DETERIORATION,7570,76,76.0,23.56,0.31,14.24,60.36,5,Normal,Good,0,1,1
Zone_23,7,Suburban_LowDensity,EVENT_SENSITIVE,2228,53,53.0,0.0,0.0,5.71,67.03,1,Normal,Good,0,0,0
Zone_24,7,Commercial_Downtown,GRADUAL_IMPROVEMENT,8634,99,99.0,31.44,0.318,16.97,61.62,10,Normal,Good,0,0,0
Zone_25,7,Residential,STABLE,10790,71,71.0,41.9,0.59,24.85,61.12,1,Normal,Good,0,0,0
Zone_26,7,University_District,STABLE,7678,75,62.1,28.08,0.452,23.01,51.53,1,Light Rain,Moderate,0,0,0
Zone_27,7,Suburban_LowDensity,PERIODIC_SPIKE,4357,81,81.0,8.74,0.108,5.09,60.22,1,Normal,Good,0,0,0
Zone_28,7,Highway_Junction,PERIODIC_SPIKE,1845,83,83.0,4.5,0.054,1.99,63.3,1,Normal,Good,0,0,0
Zone_29,7,Residential,RECOVERY_AFTER_DISRUPTION,13450,94,94.0,34.02,0.362,15.33,61.39,3,Normal,Good,0,0,0
Zone_30,7,Highway_Junction,GRADUAL_DETERIORATION,2448,66,66.0,18.0,0.273,14.87,61.52,5,Normal,Good,0,0,0
Zone_31,7,Commercial_Downtown,EVENT_SENSITIVE,9364,45,45.0,44.06,0.979,62.51,43.11,10,Normal,Good,0,0,0
Zone_32,7,Commercial_Downtown,GRADUAL_IMPROVEMENT,7248,81,81.0,40.68,0.502,26.66,60.14,1,Normal,Good,0,0,0
Zone_33,7,Commercial_Downtown,RECOVERY_AFTER_DISRUPTION,6945,63,63.0,31.87,0.506,23.86,59.19,6,Normal,Good,0,0,0
Zone_34,7,Industrial_Corridor,GRADUAL_DETERIORATION,3320,51,42.23,8.29,0.196,7.17,55.72,1,Light Rain,Moderate,0,0,0
Zone_35,7,Residential,GRADUAL_IMPROVEMENT,15280,95,78.66,45.74,0.581,33.14,47.2,4,Light Rain,Moderate,0,2,1
Zone_36,7,Residential,PERIODIC_SPIKE,12737,62,62.0,45.97,0.741,40.04,52.46,1,Normal,Good,0,1,1
Zone_37,7,Residential,RECOVERY_AFTER_DISRUPTION,11474,92,92.0,31.13,0.338,14.13,57.52,2,Normal,Good,0,0,0
Zone_38,7,Commercial_Downtown,RECOVERY_AFTER_DISRUPTION,9035,94,94.0,45.78,0.487,25.34,61.03,2,Normal,Good,0,0,0
Zone_39,7,Industrial_Corridor,GRADUAL_DETERIORATION,2566,44,44.0,11.14,0.253,9.8,66.56,1,Normal,Good,0,0,0
Zone_40,7,University_District,PERIODIC_SPIKE,7930,55,45.54,42.42,0.931,64.94,33.47,4,Light Rain,Moderate,0,2,1
Zone_41,7,Highway_Junction,GRADUAL_DETERIORATION,2549,42,42.0,14.11,0.336,15.89,63.98,6,Normal,Good,0,0,0
Zone_42,7,University_District,PERIODIC_SPIKE,7369,58,58.0,40.96,0.706,35.71,56.24,1,Normal,Good,0,0,0
Zone_43,7,Commercial_Downtown,STABLE,3988,78,78.0,15.43,0.198,15.01,63.93,5,Normal,Good,0,0,0
Zone_44,7,Suburban_LowDensity,STABLE,3720,70,70.0,4.53,0.065,6.02,60.99,2,Normal,Good,0,0,0
Zone_45,7,Highway_Junction,GRADUAL_DETERIORATION,2987,87,87.0,3.64,0.042,4.2,62.48,2,Normal,Good,0,0,0
Zone_46,7,University_District,GRADUAL_IMPROVEMENT,8049,51,51.0,36.08,0.707,38.03,52.82,4,Normal,Good,0,0,0
Zone_47,7,University_District,RECOVERY_AFTER_DISRUPTION,8056,58,58.0,26.42,0.456,22.15,58.57,2,Normal,Good,0,0,0
Zone_48,7,Industrial_Corridor,RECOVERY_AFTER_DISRUPTION,3999,72,59.62,15.81,0.265,10.9,53.49,0,Light Rain,Moderate,0,0,0
Zone_49,7,University_District,STABLE,11539,59,59.0,61.16,1.037,60.88,45.96,7,Normal,Good,0,2,1
Zone_50,7,University_District,GRADUAL_DETERIORATION,11592,68,68.0,53.85,0.792,49.28,51.39,4,Normal,Good,0,0,0
Zone_01,8,Commercial_Downtown,RECOVERY_AFTER_DISRUPTION,8726,60,60.0,46.87,0.781,46.14,49.77,8,Normal,Good,0,1,1
Zone_02,8,Residential,STABLE,12426,92,92.0,38.92,0.423,18.58,60.38,2,Normal,Good,0,0,0
Zone_03,8,University_District,EVENT_SENSITIVE,7685,63,55.44,36.57,0.66,35.95,52.68,4,Normal,Good,1,0,0
Zone_04,8,Highway_Junction,GRADUAL_DETERIORATION,2415,72,72.0,26.32,0.366,13.53,60.98,2,Normal,Good,0,0,0
Zone_05,8,Commercial_Downtown,GRADUAL_IMPROVEMENT,8343,66,66.0,34.18,0.518,23.87,60.38,5,Normal,Good,0,0,0
Zone_06,8,University_District,STABLE,8747,86,86.0,35.96,0.418,17.23,61.79,5,Normal,Good,0,0,0
Zone_07,8,University_District,GRADUAL_DETERIORATION,7267,42,34.78,33.57,0.965,69.04,34.23,4,Light Rain,Moderate,0,1,1
Zone_08,8,Highway_Junction,PERIODIC_SPIKE,2040,43,35.6,8.56,0.24,14.41,55.93,6,Light Rain,Moderate,0,0,0
Zone_09,8,Suburban_LowDensity,PERIODIC_SPIKE,3241,92,92.0,10.05,0.109,9.9,61.12,2,Normal,Good,0,0,0
Zone_10,8,Residential,GRADUAL_DETERIORATION,15099,47,47.0,44.47,0.946,52.11,50.05,4,Normal,Good,0,0,0
Zone_11,8,Residential,RECOVERY_AFTER_DISRUPTION,9955,43,35.6,32.58,0.915,61.24,38.77,8,Light Rain,Moderate,0,2,1
Zone_12,8,Commercial_Downtown,GRADUAL_IMPROVEMENT,8725,68,68.0,39.64,0.583,28.64,57.58,5,Normal,Good,0,0,0
Zone_13,8,Suburban_LowDensity,EVENT_SENSITIVE,1361,75,66.0,7.82,0.118,9.87,62.58,4,Normal,Good,1,0,0
Zone_14,8,University_District,RECOVERY_AFTER_DISRUPTION,10551,99,99.0,48.89,0.494,29.57,58.92,6,Normal,Good,0,0,0
Zone_15,8,Residential,GRADUAL_DETERIORATION,14863,86,86.0,56.47,0.657,34.0,57.7,4,Normal,Good,0,0,0
Zone_16,8,Highway_Junction,GRADUAL_DETERIORATION,1963,84,84.0,6.79,0.081,7.34,66.87,5,Normal,Good,0,0,0
Zone_17,8,Residential,EVENT_SENSITIVE,8064,48,34.97,23.18,0.663,41.28,42.43,10,Light Rain,Moderate,1,0,0
Zone_18,8,Industrial_Corridor,STABLE,3295,90,74.52,9.54,0.128,6.07,55.61,0,Light Rain,Moderate,0,0,0
Zone_19,8,Industrial_Corridor,EVENT_SENSITIVE,4136,81,71.28,24.5,0.344,15.05,63.16,10,Normal,Good,1,0,0
Zone_20,8,Commercial_Downtown,STABLE,3700,73,60.44,14.42,0.239,9.22,54.33,3,Light Rain,Moderate,0,0,0
Zone_21,8,Residential,GRADUAL_DETERIORATION,11645,74,74.0,37.65,0.509,24.47,61.22,5,Normal,Good,0,0,0
Zone_22,8,University_District,GRADUAL_DETERIORATION,7570,76,76.0,23.62,0.311,18.19,59.77,2,Normal,Good,0,0,0
Zone_23,8,Suburban_LowDensity,EVENT_SENSITIVE,2228,53,46.64,4.2,0.09,4.96,65.78,5,Normal,Good,1,0,0
Zone_24,8,Commercial_Downtown,GRADUAL_IMPROVEMENT,8634,99,99.0,36.24,0.366,19.42,59.43,13,Normal,Good,0,0,0
Zone_25,8,Residential,STABLE,10790,71,71.0,41.72,0.588,33.87,56.44,5,Normal,Good,0,0,0
Zone_26,8,University_District,STABLE,7678,75,75.0,25.24,0.337,13.91,61.05,4,Normal,Good,0,0,0
Zone_27,8,Suburban_LowDensity,PERIODIC_SPIKE,4357,81,81.0,9.84,0.121,4.17,65.5,1,Normal,Good,0,0,0
Zone_28,8,Highway_Junction,PERIODIC_SPIKE,1845,83,83.0,5.18,0.062,4.04,67.47,2,Normal,Good,0,0,0
Zone_29,8,Residential,RECOVERY_AFTER_DISRUPTION,13450,94,94.0,32.53,0.346,17.95,58.94,2,Normal,Good,0,0,0
Zone_30,8,Highway_Junction,GRADUAL_DETERIORATION,2448,66,66.0,13.29,0.201,10.2,63.24,2,Normal,Good,0,0,0
Zone_31,8,Commercial_Downtown,EVENT_SENSITIVE,9364,45,39.6,53.94,1.362,81.59,35.34,19,Normal,Good,1,2,1
Zone_32,8,Commercial_Downtown,GRADUAL_IMPROVEMENT,7248,81,81.0,40.99,0.506,24.82,56.21,4,Normal,Good,0,1,1
Zone_33,8,Commercial_Downtown,RECOVERY_AFTER_DISRUPTION,6945,63,63.0,41.05,0.652,32.05,60.61,4,Normal,Good,0,0,0
Zone_34,8,Industrial_Corridor,GRADUAL_DETERIORATION,3320,51,42.23,0.89,0.021,8.09,57.93,2,Light Rain,Moderate,0,0,0
Zone_35,8,Residential,GRADUAL_IMPROVEMENT,15280,95,95.0,45.0,0.474,26.99,57.38,0,Normal,Good,0,0,0
Zone_36,8,Residential,PERIODIC_SPIKE,12737,62,62.0,39.33,0.634,31.67,58.12,7,Normal,Good,0,0,0
Zone_37,8,Residential,RECOVERY_AFTER_DISRUPTION,11474,92,92.0,26.61,0.289,15.5,62.37,3,Normal,Good,0,0,0
Zone_38,8,Commercial_Downtown,RECOVERY_AFTER_DISRUPTION,9035,94,94.0,49.88,0.531,23.88,60.98,2,Normal,Good,0,0,0
Zone_39,8,Industrial_Corridor,GRADUAL_DETERIORATION,2566,44,44.0,13.19,0.3,15.43,62.19,1,Normal,Good,0,0,0
Zone_40,8,University_District,PERIODIC_SPIKE,7930,55,55.0,40.68,0.74,38.49,55.57,2,Normal,Good,0,0,0
Zone_41,8,Highway_Junction,GRADUAL_DETERIORATION,2549,42,42.0,14.58,0.347,17.54,59.87,2,Normal,Good,0,0,0
Zone_42,8,University_District,PERIODIC_SPIKE,7369,58,58.0,34.77,0.599,28.86,59.37,5,Normal,Good,0,0,0
Zone_43,8,Commercial_Downtown,STABLE,3988,78,78.0,10.14,0.13,5.96,65.53,3,Normal,Good,0,1,1
Zone_44,8,Suburban_LowDensity,STABLE,3720,70,57.96,9.76,0.168,7.05,54.1,1,Light Rain,Moderate,0,0,0
Zone_45,8,Highway_Junction,GRADUAL_DETERIORATION,2987,87,87.0,6.47,0.074,10.74,64.42,6,Normal,Good,0,0,0
Zone_46,8,University_District,GRADUAL_IMPROVEMENT,8049,51,51.0,35.38,0.694,34.91,57.62,5,Normal,Good,0,0,0
Zone_47,8,University_District,RECOVERY_AFTER_DISRUPTION,8056,58,58.0,29.3,0.505,26.29,55.45,4,Normal,Good,0,0,0
Zone_48,8,Industrial_Corridor,RECOVERY_AFTER_DISRUPTION,3999,72,72.0,14.75,0.205,7.88,61.54,0,Normal,Good,0,0,0
Zone_49,8,University_District,STABLE,11539,59,59.0,56.12,0.951,58.61,47.18,5,Normal,Good,0,0,0
Zone_50,8,University_District,GRADUAL_DETERIORATION,11592,68,68.0,53.51,0.787,45.69,49.33,7,Normal,Good,0,0,0
Zone_01,9,Commercial_Downtown,RECOVERY_AFTER_DISRUPTION,8726,60,60.0,42.53,0.709,36.88,55.68,11,Normal,Good,0,1,1
Zone_02,9,Residential,STABLE,12426,92,92.0,38.61,0.42,17.41,64.48,1,Normal,Good,0,0,0
Zone_03,9,University_District,EVENT_SENSITIVE,7685,63,63.0,31.43,0.499,16.03,65.27,4,Normal,Good,0,0,0
Zone_04,9,Highway_Junction,GRADUAL_DETERIORATION,2415,72,72.0,16.07,0.223,9.21,61.67,6,Normal,Good,0,0,0
Zone_05,9,Commercial_Downtown,GRADUAL_IMPROVEMENT,8343,66,66.0,30.08,0.456,20.66,59.03,5,Normal,Good,0,0,0
Zone_06,9,University_District,STABLE,8747,86,86.0,43.44,0.505,25.63,60.1,2,Normal,Good,0,0,0
Zone_07,9,University_District,GRADUAL_DETERIORATION,7267,42,42.0,30.87,0.735,43.07,54.9,7,Normal,Good,0,0,0
Zone_08,9,Highway_Junction,PERIODIC_SPIKE,2040,43,43.0,3.61,0.084,6.44,63.5,1,Normal,Good,0,0,0
Zone_09,9,Suburban_LowDensity,PERIODIC_SPIKE,3241,92,92.0,8.57,0.093,0.71,65.75,1,Normal,Good,0,0,0
Zone_10,9,Residential,GRADUAL_DETERIORATION,15099,47,47.0,50.19,1.068,66.61,43.01,4,Normal,Good,0,0,0
Zone_11,9,Residential,RECOVERY_AFTER_DISRUPTION,9955,43,43.0,36.12,0.84,50.78,50.99,5,Normal,Good,0,0,0
Zone_12,9,Commercial_Downtown,GRADUAL_IMPROVEMENT,8725,68,68.0,41.25,0.607,26.25,58.87,4,Normal,Good,0,0,0
Zone_13,9,Suburban_LowDensity,EVENT_SENSITIVE,1361,75,75.0,4.43,0.059,2.09,65.38,3,Normal,Good,0,0,0
Zone_14,9,University_District,RECOVERY_AFTER_DISRUPTION,10551,99,99.0,45.3,0.458,24.18,62.69,2,Normal,Good,0,0,0
Zone_15,9,Residential,GRADUAL_DETERIORATION,14863,86,86.0,55.76,0.648,34.59,59.45,3,Normal,Good,0,0,0
Zone_16,9,Highway_Junction,GRADUAL_DETERIORATION,1963,84,84.0,9.34,0.111,6.68,63.88,2,Normal,Good,0,0,0
Zone_17,9,Residential,EVENT_SENSITIVE,8064,48,48.0,23.7,0.494,23.81,59.41,4,Normal,Good,0,0,0
Zone_18,9,Industrial_Corridor,STABLE,3295,90,90.0,8.55,0.095,6.29,64.19,1,Normal,Good,0,0,0
Zone_19,9,Industrial_Corridor,EVENT_SENSITIVE,4136,81,81.0,20.13,0.249,12.77,64.04,2,Normal,Good,0,0,0
Zone_20,9,Commercial_Downtown,STABLE,3700,73,73.0,12.23,0.168,9.89,65.32,5,Normal,Good,0,0,0
Zone_21,9,Residential,GRADUAL_DETERIORATION,11645,74,74.0,36.63,0.495,21.95,60.84,0,Normal,Good,0,0,0
Zone_22,9,University_District,GRADUAL_DETERIORATION,7570,76,76.0,33.94,0.447,20.43,64.53,2,Normal,Good,0,0,0
Zone_23,9,Suburban_LowDensity,EVENT_SENSITIVE,2228,53,53.0,2.69,0.051,6.19,64.71,1,Normal,Good,0,0,0
Zone_24,9,Commercial_Downtown,GRADUAL_IMPROVEMENT,8634,99,99.0,29.87,0.302,11.55,63.26,1,Normal,Good,0,0,0
Zone_25,9,Residential,STABLE,10790,71,71.0,40.63,0.572,27.12,58.93,3,Normal,Good,0,0,0
Zone_26,9,University_District,STABLE,7678,75,75.0,22.92,0.306,8.31,65.63,1,Normal,Good,0,0,0
Zone_27,9,Suburban_LowDensity,PERIODIC_SPIKE,4357,81,67.07,5.32,0.079,8.84,56.73,3,Light Rain,Moderate,0,0,0
Zone_28,9,Highway_Junction,PERIODIC_SPIKE,1845,83,83.0,9.49,0.114,13.82,58.29,2,Normal,Good,0,0,0
Zone_29,9,Residential,RECOVERY_AFTER_DISRUPTION,13450,94,94.0,32.05,0.341,16.42,64.88,1,Normal,Good,0,0,0
Zone_30,9,Highway_Junction,GRADUAL_DETERIORATION,2448,66,66.0,11.07,0.168,9.33,66.95,3,Normal,Good,0,0,0
Zone_31,9,Commercial_Downtown,EVENT_SENSITIVE,9364,45,45.0,52.52,1.167,76.6,37.53,10,Normal,Good,0,2,1
Zone_32,9,Commercial_Downtown,GRADUAL_IMPROVEMENT,7248,81,67.07,37.64,0.561,37.1,50.75,7,Light Rain,Moderate,0,1,1
Zone_33,9,Commercial_Downtown,RECOVERY_AFTER_DISRUPTION,6945,63,63.0,36.77,0.584,26.33,59.56,10,Normal,Good,0,0,0
Zone_34,9,Industrial_Corridor,GRADUAL_DETERIORATION,3320,51,51.0,6.78,0.133,6.49,64.12,1,Normal,Good,0,0,0
Zone_35,9,Residential,GRADUAL_IMPROVEMENT,15280,95,95.0,38.41,0.404,19.06,63.11,5,Normal,Good,0,0,0
Zone_36,9,Residential,PERIODIC_SPIKE,12737,62,62.0,43.2,0.697,38.59,56.0,2,Normal,Good,0,0,0
Zone_37,9,Residential,RECOVERY_AFTER_DISRUPTION,11474,92,76.18,29.91,0.393,20.45,53.24,2,Light Rain,Moderate,0,0,0
Zone_38,9,Commercial_Downtown,RECOVERY_AFTER_DISRUPTION,9035,94,94.0,57.12,0.608,28.98,55.71,4,Normal,Good,0,0,0
Zone_39,9,Industrial_Corridor,GRADUAL_DETERIORATION,2566,44,44.0,19.59,0.445,22.11,61.54,4,Normal,Good,0,0,0
Zone_40,9,University_District,PERIODIC_SPIKE,7930,55,55.0,38.61,0.702,37.13,54.91,7,Normal,Good,0,0,0
Zone_41,9,Highway_Junction,GRADUAL_DETERIORATION,2549,42,42.0,11.52,0.274,12.87,58.75,4,Normal,Good,0,0,0
Zone_42,9,University_District,PERIODIC_SPIKE,7369,58,58.0,33.37,0.575,33.37,56.19,1,Normal,Good,0,2,1
Zone_43,9,Commercial_Downtown,STABLE,3988,78,78.0,9.96,0.128,9.6,62.5,1,Normal,Good,0,0,0
Zone_44,9,Suburban_LowDensity,STABLE,3720,70,70.0,5.74,0.082,5.24,62.82,2,Normal,Good,0,0,0
Zone_45,9,Highway_Junction,GRADUAL_DETERIORATION,2987,87,87.0,2.91,0.033,5.13,63.92,3,Normal,Good,0,0,0
Zone_46,9,University_District,GRADUAL_IMPROVEMENT,8049,51,51.0,36.09,0.708,34.69,54.51,5,Normal,Good,0,0,0
Zone_47,9,University_District,RECOVERY_AFTER_DISRUPTION,8056,58,58.0,33.32,0.574,29.4,56.18,2,Normal,Good,0,0,0
Zone_48,9,Industrial_Corridor,RECOVERY_AFTER_DISRUPTION,3999,72,72.0,13.71,0.19,6.5,61.98,1,Normal,Good,0,0,0
Zone_49,9,University_District,STABLE,11539,59,48.85,64.44,1.319,92.25,22.07,9,Light Rain,Moderate,0,4,1
Zone_50,9,University_District,GRADUAL_DETERIORATION,11592,68,68.0,59.53,0.875,51.98,48.48,5,Normal,Good,0,0,0
Zone_01,10,Commercial_Downtown,RECOVERY_AFTER_DISRUPTION,8726,60,60.0,47.93,0.799,46.06,54.77,6,Normal,Good,0,0,0
Zone_02,10,Residential,STABLE,12426,92,92.0,41.0,0.446,18.52,59.92,1,Normal,Good,0,0,0
Zone_03,10,University_District,EVENT_SENSITIVE,7685,63,63.0,32.74,0.52,25.23,61.35,3,Normal,Good,0,1,1
Zone_04,10,Highway_Junction,GRADUAL_DETERIORATION,2415,72,72.0,20.48,0.284,10.97,61.12,2,Normal,Good,0,0,0
Zone_05,10,Commercial_Downtown,GRADUAL_IMPROVEMENT,8343,66,66.0,27.22,0.412,14.41,60.46,3,Normal,Good,0,0,0
Zone_06,10,University_District,STABLE,8747,86,86.0,33.05,0.384,15.39,62.72,4,Normal,Good,0,0,0
Zone_07,10,University_District,GRADUAL_DETERIORATION,7267,42,34.78,33.87,0.974,67.97,32.68,8,Light Rain,Moderate,0,1,1
Zone_08,10,Highway_Junction,PERIODIC_SPIKE,2040,43,38.7,11.36,0.294,11.31,65.71,2,Normal,Good,1,0,0
Zone_09,10,Suburban_LowDensity,PERIODIC_SPIKE,3241,92,68.56,15.01,0.219,13.05,49.35,4,Light Rain,Moderate,1,0,0
Zone_10,10,Residential,GRADUAL_DETERIORATION,15099,47,47.0,46.61,0.992,62.33,43.66,10,Normal,Good,0,1,1
Zone_11,10,Residential,RECOVERY_AFTER_DISRUPTION,9955,43,43.0,32.01,0.744,40.92,52.94,7,Normal,Good,0,0,0
Zone_12,10,Commercial_Downtown,GRADUAL_IMPROVEMENT,8725,68,56.3,38.43,0.683,40.0,45.16,7,Light Rain,Moderate,0,2,1
Zone_13,10,Suburban_LowDensity,EVENT_SENSITIVE,1361,75,62.1,0.0,0.0,8.56,55.13,3,Light Rain,Moderate,0,0,0
Zone_14,10,University_District,RECOVERY_AFTER_DISRUPTION,10551,99,99.0,47.27,0.477,24.01,59.32,1,Normal,Good,0,1,1
Zone_15,10,Residential,GRADUAL_DETERIORATION,14863,86,86.0,50.16,0.583,27.17,57.47,4,Normal,Good,0,0,0
Zone_16,10,Highway_Junction,GRADUAL_DETERIORATION,1963,84,84.0,10.39,0.124,7.68,64.23,2,Normal,Good,0,1,1
Zone_17,10,Residential,EVENT_SENSITIVE,8064,48,48.0,26.22,0.546,27.69,56.82,4,Normal,Good,0,0,0
Zone_18,10,Industrial_Corridor,STABLE,3295,90,90.0,6.09,0.068,7.02,66.21,1,Normal,Good,0,1,1
Zone_19,10,Industrial_Corridor,EVENT_SENSITIVE,4136,81,81.0,21.23,0.262,12.94,66.3,2,Normal,Good,0,2,1
Zone_20,10,Commercial_Downtown,STABLE,3700,73,73.0,13.0,0.178,7.23,64.69,3,Normal,Good,0,0,0
Zone_21,10,Residential,GRADUAL_DETERIORATION,11645,74,74.0,35.46,0.479,25.17,58.11,2,Normal,Good,0,0,0
Zone_22,10,University_District,GRADUAL_DETERIORATION,7570,76,76.0,31.63,0.416,18.99,60.76,3,Normal,Good,0,0,0
Zone_23,10,Suburban_LowDensity,EVENT_SENSITIVE,2228,53,53.0,0.44,0.008,8.1,63.87,6,Normal,Good,0,0,0
Zone_24,10,Commercial_Downtown,GRADUAL_IMPROVEMENT,8634,99,99.0,31.15,0.315,14.53,61.13,5,Normal,Good,0,0,0
Zone_25,10,Residential,STABLE,10790,71,71.0,32.94,0.464,18.88,60.98,2,Normal,Good,0,0,0
Zone_26,10,University_District,STABLE,7678,75,75.0,19.79,0.264,11.77,63.09,5,Normal,Good,0,0,0
Zone_27,10,Suburban_LowDensity,PERIODIC_SPIKE,4357,81,72.9,11.0,0.151,6.35,64.34,2,Normal,Good,1,0,0
Zone_28,10,Highway_Junction,PERIODIC_SPIKE,1845,83,74.7,13.96,0.187,9.39,57.95,4,Normal,Good,1,0,0
Zone_29,10,Residential,RECOVERY_AFTER_DISRUPTION,13450,94,94.0,36.09,0.384,19.54,59.77,4,Normal,Good,0,0,0
Zone_30,10,Highway_Junction,GRADUAL_DETERIORATION,2448,66,66.0,17.16,0.26,14.28,58.56,4,Normal,Good,0,1,1
Zone_31,10,Commercial_Downtown,EVENT_SENSITIVE,9364,45,45.0,52.65,1.17,72.36,41.43,11,Normal,Good,0,1,1
Zone_32,10,Commercial_Downtown,GRADUAL_IMPROVEMENT,7248,81,81.0,31.43,0.388,19.74,57.58,3,Normal,Good,0,0,0
Zone_33,10,Commercial_Downtown,RECOVERY_AFTER_DISRUPTION,6945,63,63.0,40.07,0.636,30.28,56.59,3,Normal,Good,0,0,0
Zone_34,10,Industrial_Corridor,GRADUAL_DETERIORATION,3320,51,42.23,8.1,0.192,10.21,55.22,1,Light Rain,Moderate,0,0,0
Zone_35,10,Residential,GRADUAL_IMPROVEMENT,15280,95,95.0,39.96,0.421,20.09,57.56,5,Normal,Good,0,0,0
Zone_36,10,Residential,PERIODIC_SPIKE,12737,62,55.8,47.01,0.842,48.09,55.7,6,Normal,Good,1,2,1
Zone_37,10,Residential,RECOVERY_AFTER_DISRUPTION,11474,92,92.0,17.24,0.187,13.9,62.35,2,Normal,Good,0,0,0
Zone_38,10,Commercial_Downtown,RECOVERY_AFTER_DISRUPTION,9035,94,94.0,60.53,0.644,30.52,56.14,5,Normal,Good,0,1,1
Zone_39,10,Industrial_Corridor,GRADUAL_DETERIORATION,2566,44,44.0,13.04,0.296,10.2,62.78,0,Normal,Good,0,0,0
Zone_40,10,University_District,PERIODIC_SPIKE,7930,55,49.5,52.32,1.057,60.25,45.52,18,Normal,Good,1,1,1
Zone_41,10,Highway_Junction,GRADUAL_DETERIORATION,2549,42,42.0,12.79,0.305,11.17,62.58,9,Normal,Good,0,0,0
Zone_42,10,University_District,PERIODIC_SPIKE,7369,58,43.22,34.99,0.81,53.19,41.1,8,Light Rain,Moderate,1,2,1
Zone_43,10,Commercial_Downtown,STABLE,3988,78,64.58,17.22,0.267,16.09,52.62,6,Light Rain,Moderate,0,0,0
Zone_44,10,Suburban_LowDensity,STABLE,3720,70,70.0,3.67,0.052,2.23,67.41,2,Normal,Good,0,0,0
Zone_45,10,Highway_Junction,GRADUAL_DETERIORATION,2987,87,87.0,9.37,0.108,8.57,63.19,4,Normal,Good,0,0,0
Zone_46,10,University_District,GRADUAL_IMPROVEMENT,8049,51,51.0,28.32,0.555,21.95,58.27,6,Normal,Good,0,0,0
Zone_47,10,University_District,RECOVERY_AFTER_DISRUPTION,8056,58,48.02,33.86,0.705,44.33,45.1,6,Light Rain,Moderate,0,2,1
Zone_48,10,Industrial_Corridor,RECOVERY_AFTER_DISRUPTION,3999,72,72.0,14.33,0.199,14.22,61.79,3,Normal,Good,0,0,0
Zone_49,10,University_District,STABLE,11539,59,59.0,61.32,1.039,68.46,42.01,8,Normal,Good,0,0,0
Zone_50,10,University_District,GRADUAL_DETERIORATION,11592,68,68.0,57.06,0.839,47.72,50.32,7,Normal,Good,0,0,0
Zone_01,11,Commercial_Downtown,RECOVERY_AFTER_DISRUPTION,8726,60,49.68,45.91,0.924,66.69,34.94,10,Light Rain,Moderate,0,1,1
Zone_02,11,Residential,STABLE,12426,92,92.0,38.34,0.417,17.8,58.23,1,Normal,Good,0,0,0
Zone_03,11,University_District,EVENT_SENSITIVE,7685,63,52.16,41.58,0.797,50.93,41.95,10,Light Rain,Moderate,0,0,0
Zone_04,11,Highway_Junction,GRADUAL_DETERIORATION,2415,72,72.0,17.23,0.239,7.45,64.26,7,Normal,Good,0,0,0
Zone_05,11,Commercial_Downtown,GRADUAL_IMPROVEMENT,8343,66,66.0,28.48,0.432,18.05,63.49,2,Normal,Good,0,0,0
Zone_06,11,University_District,STABLE,8747,86,86.0,30.11,0.35,10.19,62.89,0,Normal,Good,0,0,0
Zone_07,11,University_District,GRADUAL_DETERIORATION,7267,42,42.0,35.41,0.843,49.52,47.99,6,Normal,Good,0,2,1
Zone_08,11,Highway_Junction,PERIODIC_SPIKE,2040,43,43.0,9.97,0.232,7.27,65.24,6,Normal,Good,0,0,0
Zone_09,11,Suburban_LowDensity,PERIODIC_SPIKE,3241,92,92.0,9.83,0.107,6.67,62.04,3,Normal,Good,0,0,0
Zone_10,11,Residential,GRADUAL_DETERIORATION,15099,47,47.0,47.54,1.011,64.53,44.4,9,Normal,Good,0,1,1
Zone_11,11,Residential,RECOVERY_AFTER_DISRUPTION,9955,43,43.0,32.2,0.749,43.87,49.83,5,Normal,Good,0,0,0
Zone_12,11,Commercial_Downtown,GRADUAL_IMPROVEMENT,8725,68,68.0,34.96,0.514,23.74,59.92,5,Normal,Good,0,0,0
Zone_13,11,Suburban_LowDensity,EVENT_SENSITIVE,1361,75,75.0,0.0,0.0,5.48,66.52,1,Normal,Good,0,0,0
Zone_14,11,University_District,RECOVERY_AFTER_DISRUPTION,10551,99,99.0,51.81,0.523,28.59,53.63,1,Normal,Good,0,0,0
Zone_15,11,Residential,GRADUAL_DETERIORATION,14863,86,86.0,58.84,0.684,31.24,52.44,5,Normal,Good,0,0,0
Zone_16,11,Highway_Junction,GRADUAL_DETERIORATION,1963,84,69.55,11.73,0.169,15.09,55.78,4,Light Rain,Moderate,0,0,0
Zone_17,11,Residential,EVENT_SENSITIVE,8064,48,48.0,23.6,0.492,21.39,59.53,4,Normal,Good,0,0,0
Zone_18,11,Industrial_Corridor,STABLE,3295,90,90.0,5.21,0.058,2.57,62.75,2,Normal,Good,0,0,0
Zone_19,11,Industrial_Corridor,EVENT_SENSITIVE,4136,81,81.0,16.09,0.199,11.36,62.69,1,Normal,Good,0,0,0
Zone_20,11,Commercial_Downtown,STABLE,3700,73,73.0,16.44,0.225,17.07,62.29,5,Normal,Good,0,0,0
Zone_21,11,Residential,GRADUAL_DETERIORATION,11645,74,74.0,34.04,0.46,23.2,61.29,0,Normal,Good,0,0,0
Zone_22,11,University_District,GRADUAL_DETERIORATION,7570,76,76.0,35.42,0.466,27.34,59.44,1,Normal,Good,0,0,0
Zone_23,11,Suburban_LowDensity,EVENT_SENSITIVE,2228,53,53.0,0.0,0.0,3.3,62.75,2,Normal,Good,0,0,0
Zone_24,11,Commercial_Downtown,GRADUAL_IMPROVEMENT,8634,99,99.0,40.45,0.409,17.87,63.53,2,Normal,Good,0,1,1
Zone_25,11,Residential,STABLE,10790,71,71.0,34.24,0.482,23.35,58.05,2,Normal,Good,0,0,0
Zone_26,11,University_District,STABLE,7678,75,75.0,27.01,0.36,13.9,62.0,4,Normal,Good,0,0,0
Zone_27,11,Suburban_LowDensity,PERIODIC_SPIKE,4357,81,81.0,10.59,0.131,7.12,63.78,0,Normal,Good,0,1,1
Zone_28,11,Highway_Junction,PERIODIC_SPIKE,1845,83,83.0,15.64,0.188,12.0,60.81,10,Normal,Good,0,0,0
Zone_29,11,Residential,RECOVERY_AFTER_DISRUPTION,13450,94,94.0,36.53,0.389,16.18,61.62,0,Normal,Good,0,0,0
Zone_30,11,Highway_Junction,GRADUAL_DETERIORATION,2448,66,66.0,24.58,0.372,20.56,64.83,4,Normal,Good,0,0,0
Zone_31,11,Commercial_Downtown,EVENT_SENSITIVE,9364,45,45.0,53.86,1.197,72.24,40.11,11,Normal,Good,0,0,0
Zone_32,11,Commercial_Downtown,GRADUAL_IMPROVEMENT,7248,81,81.0,31.15,0.385,16.22,62.05,8,Normal,Good,0,1,1
Zone_33,11,Commercial_Downtown,RECOVERY_AFTER_DISRUPTION,6945,63,63.0,38.14,0.605,33.81,56.31,9,Normal,Good,0,2,1
Zone_34,11,Industrial_Corridor,GRADUAL_DETERIORATION,3320,51,51.0,4.38,0.086,4.43,64.11,1,Normal,Good,0,0,0
Zone_35,11,Residential,GRADUAL_IMPROVEMENT,15280,95,95.0,47.24,0.497,27.18,60.19,4,Normal,Good,0,0,0
Zone_36,11,Residential,PERIODIC_SPIKE,12737,62,62.0,36.13,0.583,25.77,60.48,4,Normal,Good,0,0,0
Zone_37,11,Residential,RECOVERY_AFTER_DISRUPTION,11474,92,92.0,25.28,0.275,12.99,61.32,2,Normal,Good,0,0,0
Zone_38,11,Commercial_Downtown,RECOVERY_AFTER_DISRUPTION,9035,94,94.0,63.43,0.675,34.27,53.8,5,Normal,Good,0,1,1
Zone_39,11,Industrial_Corridor,GRADUAL_DETERIORATION,2566,44,44.0,12.59,0.286,15.89,62.09,4,Normal,Good,0,0,0
Zone_40,11,University_District,PERIODIC_SPIKE,7930,55,55.0,39.9,0.725,46.49,52.99,8,Normal,Good,0,2,1
Zone_41,11,Highway_Junction,GRADUAL_DETERIORATION,2549,42,42.0,16.55,0.394,20.39,58.89,8,Normal,Good,0,0,0
Zone_42,11,University_District,PERIODIC_SPIKE,7369,58,58.0,34.3,0.591,34.74,54.77,5,Normal,Good,0,1,1
Zone_43,11,Commercial_Downtown,STABLE,3988,78,78.0,14.69,0.188,11.42,64.77,4,Normal,Good,0,0,0
Zone_44,11,Suburban_LowDensity,STABLE,3720,70,70.0,11.44,0.163,7.05,62.25,0,Normal,Good,0,0,0
Zone_45,11,Highway_Junction,GRADUAL_DETERIORATION,2987,87,87.0,9.9,0.114,9.52,62.69,3,Normal,Good,0,0,0
Zone_46,11,University_District,GRADUAL_IMPROVEMENT,8049,51,51.0,29.64,0.581,23.58,58.69,4,Normal,Good,0,0,0
Zone_47,11,University_District,RECOVERY_AFTER_DISRUPTION,8056,58,58.0,41.29,0.712,37.49,53.91,5,Normal,Good,0,0,0
Zone_48,11,Industrial_Corridor,RECOVERY_AFTER_DISRUPTION,3999,72,59.62,10.53,0.177,12.31,57.54,0,Light Rain,Moderate,0,2,1
Zone_49,11,University_District,STABLE,11539,59,59.0,63.04,1.068,65.64,44.92,5,Normal,Good,0,2,1
Zone_50,11,University_District,GRADUAL_DETERIORATION,11592,68,68.0,62.31,0.916,55.27,49.01,3,Normal,Good,0,0,0
Zone_01,12,Commercial_Downtown,RECOVERY_AFTER_DISRUPTION,8726,60,60.0,46.54,0.776,44.51,54.52,8,Normal,Good,0,1,1
Zone_02,12,Residential,STABLE,12426,92,92.0,35.08,0.381,22.13,58.07,3,Normal,Good,0,2,1
Zone_03,12,University_District,EVENT_SENSITIVE,7685,63,63.0,37.97,0.603,32.7,54.81,1,Normal,Good,0,0,0
Zone_04,12,Highway_Junction,GRADUAL_DETERIORATION,2415,72,72.0,16.31,0.227,11.22,62.48,1,Normal,Good,0,0,0
Zone_05,12,Commercial_Downtown,GRADUAL_IMPROVEMENT,8343,66,66.0,25.37,0.384,19.24,59.83,6,Normal,Good,0,0,0
Zone_06,12,University_District,STABLE,8747,86,86.0,29.76,0.346,17.83,60.11,4,Normal,Good,0,0,0
Zone_07,12,University_District,GRADUAL_DETERIORATION,7267,42,34.78,30.62,0.88,58.68,39.07,3,Light Rain,Moderate,0,0,0
Zone_08,12,Highway_Junction,PERIODIC_SPIKE,2040,43,43.0,11.01,0.256,14.66,66.73,4,Normal,Good,0,0,0
Zone_09,12,Suburban_LowDensity,PERIODIC_SPIKE,3241,92,92.0,3.3,0.036,7.72,65.3,2,Normal,Good,0,0,0
Zone_10,12,Residential,GRADUAL_DETERIORATION,15099,47,47.0,47.11,1.002,62.99,44.64,8,Normal,Good,0,0,0
Zone_11,12,Residential,RECOVERY_AFTER_DISRUPTION,9955,43,43.0,29.65,0.69,41.84,50.33,5,Normal,Good,0,1,1
Zone_12,12,Commercial_Downtown,GRADUAL_IMPROVEMENT,8725,68,68.0,40.81,0.6,31.94,57.13,7,Normal,Good,0,0,0
Zone_13,12,Suburban_LowDensity,EVENT_SENSITIVE,1361,75,75.0,0.0,0.0,4.18,63.66,3,Normal,Good,0,0,0
Zone_14,12,University_District,RECOVERY_AFTER_DISRUPTION,10551,99,99.0,53.52,0.541,26.0,61.59,5,Normal,Good,0,0,0
Zone_15,12,Residential,GRADUAL_DETERIORATION,14863,86,71.21,53.91,0.757,49.62,41.73,6,Light Rain,Moderate,0,0,0
Zone_16,12,Highway_Junction,GRADUAL_DETERIORATION,1963,84,84.0,22.38,0.266,8.2,62.79,5,Normal,Good,0,0,0
Zone_17,12,Residential,EVENT_SENSITIVE,8064,48,48.0,26.71,0.556,25.56,55.89,2,Normal,Good,0,0,0
Zone_18,12,Industrial_Corridor,STABLE,3295,90,90.0,3.69,0.041,10.73,62.39,0,Normal,Good,0,0,0
Zone_19,12,Industrial_Corridor,EVENT_SENSITIVE,4136,81,81.0,17.22,0.213,10.91,59.54,2,Normal,Good,0,0,0
Zone_20,12,Commercial_Downtown,STABLE,3700,73,73.0,17.31,0.237,12.96,63.08,5,Normal,Good,0,0,0
Zone_21,12,Residential,GRADUAL_DETERIORATION,11645,74,74.0,25.99,0.351,14.23,61.92,2,Normal,Good,0,0,0
Zone_22,12,University_District,GRADUAL_DETERIORATION,7570,76,76.0,32.22,0.424,19.68,62.22,2,Normal,Good,0,0,0
Zone_23,12,Suburban_LowDensity,EVENT_SENSITIVE,2228,53,53.0,4.22,0.08,9.85,62.74,2,Normal,Good,0,0,0
Zone_24,12,Commercial_Downtown,GRADUAL_IMPROVEMENT,8634,99,81.97,44.33,0.541,29.1,48.14,5,Light Rain,Moderate,0,0,0
Zone_25,12,Residential,STABLE,10790,71,58.79,34.5,0.587,31.17,50.12,4,Light Rain,Moderate,0,0,0
Zone_26,12,University_District,STABLE,7678,75,75.0,30.31,0.404,17.7,59.58,3,Normal,Good,0,0,0
Zone_27,12,Suburban_LowDensity,PERIODIC_SPIKE,4357,81,81.0,8.48,0.105,4.73,65.86,3,Normal,Good,0,0,0
Zone_28,12,Highway_Junction,PERIODIC_SPIKE,1845,83,83.0,13.99,0.169,8.2,63.66,2,Normal,Good,0,0,0
Zone_29,12,Residential,RECOVERY_AFTER_DISRUPTION,13450,94,94.0,42.24,0.449,21.88,58.1,2,Normal,Good,0,0,0
Zone_30,12,Highway_Junction,GRADUAL_DETERIORATION,2448,66,66.0,15.94,0.242,20.21,59.65,3,Normal,Good,0,0,0
Zone_31,12,Commercial_Downtown,EVENT_SENSITIVE,9364,45,45.0,49.79,1.106,72.39,40.07,8,Normal,Good,0,0,0
Zone_32,12,Commercial_Downtown,GRADUAL_IMPROVEMENT,7248,81,81.0,29.95,0.37,15.0,64.38,3,Normal,Good,0,2,1
Zone_33,12,Commercial_Downtown,RECOVERY_AFTER_DISRUPTION,6945,63,63.0,39.65,0.629,33.22,55.25,6,Normal,Good,0,0,0
Zone_34,12,Industrial_Corridor,GRADUAL_DETERIORATION,3320,51,51.0,8.1,0.159,9.2,62.66,6,Normal,Good,0,0,0
Zone_35,12,Residential,GRADUAL_IMPROVEMENT,15280,95,95.0,45.22,0.476,21.1,61.78,2,Normal,Good,0,0,0
Zone_36,12,Residential,PERIODIC_SPIKE,12737,62,51.34,35.39,0.689,41.6,43.62,9,Light Rain,Moderate,0,0,0
Zone_37,12,Residential,RECOVERY_AFTER_DISRUPTION,11474,92,92.0,31.01,0.337,8.46,62.49,2,Normal,Good,0,0,0
Zone_38,12,Commercial_Downtown,RECOVERY_AFTER_DISRUPTION,9035,94,94.0,59.33,0.631,28.36,54.26,12,Normal,Good,0,0,0
Zone_39,12,Industrial_Corridor,GRADUAL_DETERIORATION,2566,44,44.0,11.72,0.266,12.67,61.7,0,Normal,Good,0,0,0
Zone_40,12,University_District,PERIODIC_SPIKE,7930,55,55.0,36.65,0.666,36.98,55.66,7,Normal,Good,0,0,0
Zone_41,12,Highway_Junction,GRADUAL_DETERIORATION,2549,42,42.0,16.42,0.391,20.25,62.09,4,Normal,Good,0,0,0
Zone_42,12,University_District,PERIODIC_SPIKE,7369,58,58.0,29.99,0.517,20.51,62.32,2,Normal,Good,0,0,0
Zone_43,12,Commercial_Downtown,STABLE,3988,78,78.0,11.58,0.148,11.08,60.52,8,Normal,Good,0,0,0
Zone_44,12,Suburban_LowDensity,STABLE,3720,70,70.0,11.09,0.158,11.62,64.11,0,Normal,Good,0,0,0
Zone_45,12,Highway_Junction,GRADUAL_DETERIORATION,2987,87,87.0,12.69,0.146,8.71,61.24,4,Normal,Good,0,0,0
Zone_46,12,University_District,GRADUAL_IMPROVEMENT,8049,51,51.0,33.4,0.655,35.39,56.0,5,Normal,Good,0,0,0
Zone_47,12,University_District,RECOVERY_AFTER_DISRUPTION,8056,58,48.02,41.77,0.87,55.37,40.35,5,Light Rain,Moderate,0,0,0
Zone_48,12,Industrial_Corridor,RECOVERY_AFTER_DISRUPTION,3999,72,59.62,17.3,0.29,14.71,54.43,2,Light Rain,Moderate,0,0,0
Zone_49,12,University_District,STABLE,11539,59,59.0,63.98,1.084,72.15,40.46,8,Normal,Good,0,0,0
Zone_50,12,University_District,GRADUAL_DETERIORATION,11592,68,68.0,63.3,0.931,58.62,45.64,5,Normal,Good,0,0,0
Zone_01,13,Commercial_Downtown,RECOVERY_AFTER_DISRUPTION,8726,60,60.0,49.18,0.82,48.25,50.86,8,Normal,Good,0,1,1
Zone_02,13,Residential,STABLE,12426,92,92.0,42.51,0.462,22.27,58.17,5,Normal,Good,0,1,1
Zone_03,13,University_District,EVENT_SENSITIVE,7685,63,63.0,32.45,0.515,27.03,58.49,0,Normal,Good,0,0,0
Zone_04,13,Highway_Junction,GRADUAL_DETERIORATION,2415,72,72.0,9.1,0.126,6.66,62.9,2,Normal,Good,0,0,0
Zone_05,13,Commercial_Downtown,GRADUAL_IMPROVEMENT,8343,66,54.65,23.52,0.43,20.81,52.73,4,Light Rain,Moderate,0,0,0
Zone_06,13,University_District,STABLE,8747,86,86.0,31.77,0.369,17.46,62.9,4,Normal,Good,0,0,0
Zone_07,13,University_District,GRADUAL_DETERIORATION,7267,42,42.0,29.07,0.692,31.67,59.32,7,Normal,Good,0,1,1
Zone_08,13,Highway_Junction,PERIODIC_SPIKE,2040,43,43.0,14.89,0.346,15.64,62.68,5,Normal,Good,0,0,0
Zone_09,13,Suburban_LowDensity,PERIODIC_SPIKE,3241,92,92.0,2.31,0.025,9.66,63.71,2,Normal,Good,0,0,0
Zone_10,13,Residential,GRADUAL_DETERIORATION,15099,47,47.0,47.93,1.02,67.0,41.13,8,Normal,Good,0,2,1
Zone_11,13,Residential,RECOVERY_AFTER_DISRUPTION,9955,43,43.0,26.99,0.628,28.13,60.34,4,Normal,Good,0,0,0
Zone_12,13,Commercial_Downtown,GRADUAL_IMPROVEMENT,8725,68,68.0,47.31,0.696,40.22,54.23,10,Normal,Good,0,0,0
Zone_13,13,Suburban_LowDensity,EVENT_SENSITIVE,1361,75,62.1,8.46,0.136,9.99,55.11,1,Light Rain,Moderate,0,0,0
Zone_14,13,University_District,RECOVERY_AFTER_DISRUPTION,10551,99,99.0,57.08,0.577,29.48,58.57,2,Normal,Good,0,0,0
Zone_15,13,Residential,GRADUAL_DETERIORATION,14863,86,86.0,54.16,0.63,35.25,56.08,5,Normal,Good,0,0,0
Zone_16,13,Highway_Junction,GRADUAL_DETERIORATION,1963,84,84.0,13.79,0.164,7.71,64.33,5,Normal,Good,0,0,0
Zone_17,13,Residential,EVENT_SENSITIVE,8064,48,39.74,18.87,0.475,23.59,49.14,2,Light Rain,Moderate,0,0,0
Zone_18,13,Industrial_Corridor,STABLE,3295,90,90.0,3.04,0.034,9.49,63.37,2,Normal,Good,0,0,0
Zone_19,13,Industrial_Corridor,EVENT_SENSITIVE,4136,81,81.0,20.68,0.255,11.59,62.84,2,Normal,Good,0,0,0
Zone_20,13,Commercial_Downtown,STABLE,3700,73,73.0,14.28,0.196,9.68,61.37,5,Normal,Good,0,0,0
Zone_21,13,Residential,GRADUAL_DETERIORATION,11645,74,74.0,29.66,0.401,21.64,64.11,1,Normal,Good,0,0,0
Zone_22,13,University_District,GRADUAL_DETERIORATION,7570,76,62.93,29.45,0.468,21.18,50.86,2,Light Rain,Moderate,0,0,0
Zone_23,13,Suburban_LowDensity,EVENT_SENSITIVE,2228,53,53.0,0.0,0.0,4.92,67.87,0,Normal,Good,0,0,0
Zone_24,13,Commercial_Downtown,GRADUAL_IMPROVEMENT,8634,99,99.0,44.09,0.445,22.95,57.95,8,Normal,Good,0,0,0
Zone_25,13,Residential,STABLE,10790,71,71.0,37.33,0.526,28.95,57.51,0,Normal,Good,0,2,1
Zone_26,13,University_District,STABLE,7678,75,75.0,33.8,0.451,23.52,59.02,3,Normal,Good,0,0,0
Zone_27,13,Suburban_LowDensity,PERIODIC_SPIKE,4357,81,81.0,10.46,0.129,5.94,64.52,3,Normal,Good,0,0,0
Zone_28,13,Highway_Junction,PERIODIC_SPIKE,1845,83,83.0,7.08,0.085,9.6,63.02,2,Normal,Good,0,0,0
Zone_29,13,Residential,RECOVERY_AFTER_DISRUPTION,13450,94,77.83,47.14,0.606,35.15,48.7,5,Light Rain,Moderate,0,0,0
Zone_30,13,Highway_Junction,GRADUAL_DETERIORATION,2448,66,66.0,10.56,0.16,14.38,60.77,0,Normal,Good,0,0,0
Zone_31,13,Commercial_Downtown,EVENT_SENSITIVE,9364,45,45.0,49.41,1.098,68.41,44.48,11,Normal,Good,0,0,0
Zone_32,13,Commercial_Downtown,GRADUAL_IMPROVEMENT,7248,81,81.0,38.78,0.479,21.44,58.49,7,Normal,Good,0,0,0
Zone_33,13,Commercial_Downtown,RECOVERY_AFTER_DISRUPTION,6945,63,63.0,31.0,0.492,19.64,59.86,3,Normal,Good,0,0,0
Zone_34,13,Industrial_Corridor,GRADUAL_DETERIORATION,3320,51,51.0,17.69,0.347,16.31,63.08,5,Normal,Good,0,0,0
Zone_35,13,Residential,GRADUAL_IMPROVEMENT,15280,95,95.0,41.87,0.441,21.3,59.12,2,Normal,Good,0,0,0
Zone_36,13,Residential,PERIODIC_SPIKE,12737,62,62.0,42.48,0.685,34.97,55.24,8,Normal,Good,0,0,0
Zone_37,13,Residential,RECOVERY_AFTER_DISRUPTION,11474,92,92.0,26.41,0.287,12.33,61.19,6,Normal,Good,0,0,0
Zone_38,13,Commercial_Downtown,RECOVERY_AFTER_DISRUPTION,9035,94,77.83,60.28,0.775,47.6,43.09,10,Light Rain,Moderate,0,1,1
Zone_39,13,Industrial_Corridor,GRADUAL_DETERIORATION,2566,44,44.0,9.72,0.221,11.4,64.8,1,Normal,Good,0,0,0
Zone_40,13,University_District,PERIODIC_SPIKE,7930,55,55.0,36.63,0.666,39.55,55.46,5,Normal,Good,0,0,0
Zone_41,13,Highway_Junction,GRADUAL_DETERIORATION,2549,42,34.78,11.59,0.333,17.89,54.6,4,Light Rain,Moderate,0,0,0
Zone_42,13,University_District,PERIODIC_SPIKE,7369,58,58.0,24.63,0.425,19.35,58.63,0,Normal,Good,0,0,0
Zone_43,13,Commercial_Downtown,STABLE,3988,78,78.0,12.46,0.16,7.64,66.06,4,Normal,Good,0,0,0
Zone_44,13,Suburban_LowDensity,STABLE,3720,70,57.96,14.94,0.258,11.97,55.97,7,Light Rain,Moderate,0,1,1
Zone_45,13,Highway_Junction,GRADUAL_DETERIORATION,2987,87,87.0,15.45,0.178,9.64,62.55,2,Normal,Good,0,0,0
Zone_46,13,University_District,GRADUAL_IMPROVEMENT,8049,51,51.0,32.24,0.632,36.02,51.81,2,Normal,Good,0,0,0
Zone_47,13,University_District,RECOVERY_AFTER_DISRUPTION,8056,58,48.02,45.16,0.94,61.37,36.72,7,Light Rain,Moderate,0,1,1
Zone_48,13,Industrial_Corridor,RECOVERY_AFTER_DISRUPTION,3999,72,72.0,16.78,0.233,8.89,63.53,2,Normal,Good,0,0,0
Zone_49,13,University_District,STABLE,11539,59,59.0,59.92,1.016,69.82,41.56,4,Normal,Good,0,2,1
Zone_50,13,University_District,GRADUAL_DETERIORATION,11592,68,68.0,64.4,0.947,59.58,47.36,9,Normal,Good,0,1,1
Zone_01,14,Commercial_Downtown,RECOVERY_AFTER_DISRUPTION,8726,60,60.0,49.51,0.825,47.03,53.9,12,Normal,Good,0,1,1
Zone_02,14,Residential,STABLE,12426,92,92.0,48.1,0.523,25.67,60.1,4,Normal,Good,0,0,0
Zone_03,14,University_District,EVENT_SENSITIVE,7685,63,63.0,23.29,0.37,19.59,59.32,3,Normal,Good,0,0,0
Zone_04,14,Highway_Junction,GRADUAL_DETERIORATION,2415,72,59.62,13.43,0.225,11.78,54.81,8,Light Rain,Moderate,0,1,1
Zone_05,14,Commercial_Downtown,GRADUAL_IMPROVEMENT,8343,66,66.0,28.06,0.425,19.29,60.6,4,Normal,Good,0,0,0
Zone_06,14,University_District,STABLE,8747,86,86.0,33.54,0.39,12.81,61.81,2,Normal,Good,0,0,0
Zone_07,14,University_District,GRADUAL_DETERIORATION,7267,42,42.0,36.85,0.877,54.89,47.62,7,Normal,Good,0,2,1
Zone_08,14,Highway_Junction,PERIODIC_SPIKE,2040,43,43.0,12.22,0.284,13.19,64.41,3,Normal,Good,0,0,0
Zone_09,14,Suburban_LowDensity,PERIODIC_SPIKE,3241,92,92.0,1.92,0.021,7.41,64.79,1,Normal,Good,0,0,0
Zone_10,14,Residential,GRADUAL_DETERIORATION,15099,47,47.0,54.2,1.153,72.71,41.93,2,Normal,Good,0,0,0
Zone_11,14,Residential,RECOVERY_AFTER_DISRUPTION,9955,43,35.6,29.8,0.837,50.41,39.59,5,Light Rain,Moderate,0,0,0
Zone_12,14,Commercial_Downtown,GRADUAL_IMPROVEMENT,8725,68,68.0,39.26,0.577,29.77,56.14,11,Normal,Good,0,0,0
Zone_13,14,Suburban_LowDensity,EVENT_SENSITIVE,1361,75,75.0,9.28,0.124,3.9,66.22,2,Normal,Good,0,0,0
Zone_14,14,University_District,RECOVERY_AFTER_DISRUPTION,10551,99,99.0,55.67,0.562,24.99,59.03,2,Normal,Good,0,0,0
Zone_15,14,Residential,GRADUAL_DETERIORATION,14863,86,71.21,54.65,0.767,48.36,41.0,2,Light Rain,Moderate,0,0,0
Zone_16,14,Highway_Junction,GRADUAL_DETERIORATION,1963,84,84.0,15.72,0.187,9.94,65.57,6,Normal,Good,0,0,0
Zone_17,14,Residential,EVENT_SENSITIVE,8064,48,39.74,18.57,0.467,21.2,49.22,2,Light Rain,Moderate,0,0,0
Zone_18,14,Industrial_Corridor,STABLE,3295,90,90.0,5.39,0.06,3.92,65.04,1,Normal,Good,0,0,0
Zone_19,14,Industrial_Corridor,EVENT_SENSITIVE,4136,81,67.07,13.31,0.198,6.77,53.95,0,Light Rain,Moderate,0,0,0
Zone_20,14,Commercial_Downtown,STABLE,3700,73,73.0,18.15,0.249,14.55,61.78,6,Normal,Good,0,0,0
Zone_21,14,Residential,GRADUAL_DETERIORATION,11645,74,74.0,31.11,0.42,18.37,57.59,2,Normal,Good,0,0,0
Zone_22,14,University_District,GRADUAL_DETERIORATION,7570,76,76.0,36.5,0.48,23.77,58.72,2,Normal,Good,0,0,0
Zone_23,14,Suburban_LowDensity,EVENT_SENSITIVE,2228,53,53.0,0.0,0.0,3.99,62.92,1,Normal,Good,0,0,0
Zone_24,14,Commercial_Downtown,GRADUAL_IMPROVEMENT,8634,99,99.0,38.65,0.39,16.53,62.32,5,Normal,Good,0,0,0
Zone_25,14,Residential,STABLE,10790,71,58.79,30.65,0.521,23.35,51.67,5,Light Rain,Moderate,0,0,0
Zone_26,14,University_District,STABLE,7678,75,75.0,28.37,0.378,13.95,65.42,5,Normal,Good,0,0,0
Zone_27,14,Suburban_LowDensity,PERIODIC_SPIKE,4357,81,81.0,11.04,0.136,8.22,65.6,2,Normal,Good,0,0,0
Zone_28,14,Highway_Junction,PERIODIC_SPIKE,1845,83,83.0,7.76,0.093,6.44,64.78,6,Normal,Good,0,0,0
Zone_29,14,Residential,RECOVERY_AFTER_DISRUPTION,13450,94,94.0,46.48,0.494,30.45,58.19,6,Normal,Good,0,0,0
Zone_30,14,Highway_Junction,GRADUAL_DETERIORATION,2448,66,66.0,10.92,0.165,11.03,63.03,1,Normal,Good,0,0,0
Zone_31,14,Commercial_Downtown,EVENT_SENSITIVE,9364,45,45.0,50.48,1.122,69.02,42.09,6,Normal,Good,0,0,0
Zone_32,14,Commercial_Downtown,GRADUAL_IMPROVEMENT,7248,81,81.0,43.5,0.537,23.39,62.91,3,Normal,Good,0,0,0
Zone_33,14,Commercial_Downtown,RECOVERY_AFTER_DISRUPTION,6945,63,52.16,31.58,0.605,33.55,48.0,11,Light Rain,Moderate,0,0,0
Zone_34,14,Industrial_Corridor,GRADUAL_DETERIORATION,3320,51,51.0,20.03,0.393,18.61,61.87,8,Normal,Good,0,0,0
Zone_35,14,Residential,GRADUAL_IMPROVEMENT,15280,95,95.0,42.76,0.45,19.39,61.62,2,Normal,Good,0,0,0
Zone_36,14,Residential,PERIODIC_SPIKE,12737,62,62.0,37.9,0.611,29.51,55.98,1,Normal,Good,0,0,0
Zone_37,14,Residential,RECOVERY_AFTER_DISRUPTION,11474,92,92.0,35.38,0.385,16.96,63.36,3,Normal,Good,0,0,0
Zone_38,14,Commercial_Downtown,RECOVERY_AFTER_DISRUPTION,9035,94,94.0,56.54,0.601,33.95,55.2,4,Normal,Good,0,1,1
Zone_39,14,Industrial_Corridor,GRADUAL_DETERIORATION,2566,44,44.0,8.9,0.202,9.93,66.64,1,Normal,Good,0,0,0
Zone_40,14,University_District,PERIODIC_SPIKE,7930,55,55.0,41.03,0.746,39.94,52.35,2,Normal,Good,0,1,1
Zone_41,14,Highway_Junction,GRADUAL_DETERIORATION,2549,42,34.78,14.12,0.406,20.05,56.85,2,Light Rain,Moderate,0,0,0
Zone_42,14,University_District,PERIODIC_SPIKE,7369,58,58.0,28.78,0.496,21.59,56.38,3,Normal,Good,0,0,0
Zone_43,14,Commercial_Downtown,STABLE,3988,78,78.0,16.07,0.206,7.74,62.4,1,Normal,Good,0,0,0
Zone_44,14,Suburban_LowDensity,STABLE,3720,70,57.96,8.68,0.15,12.2,51.96,4,Light Rain,Moderate,0,0,0
Zone_45,14,Highway_Junction,GRADUAL_DETERIORATION,2987,87,87.0,21.03,0.242,11.53,61.75,1,Normal,Good,0,0,0
Zone_46,14,University_District,GRADUAL_IMPROVEMENT,8049,51,51.0,28.68,0.562,24.77,60.32,3,Normal,Good,0,1,1
Zone_47,14,University_District,RECOVERY_AFTER_DISRUPTION,8056,58,58.0,44.25,0.763,42.67,52.04,6,Normal,Good,0,0,0
Zone_48,14,Industrial_Corridor,RECOVERY_AFTER_DISRUPTION,3999,72,59.62,12.32,0.207,10.61,56.0,3,Light Rain,Moderate,0,0,0
Zone_49,14,University_District,STABLE,11539,59,59.0,64.65,1.096,71.94,40.16,12,Normal,Good,0,1,1
Zone_50,14,University_District,GRADUAL_DETERIORATION,11592,68,68.0,61.49,0.904,51.56,50.03,5,Normal,Good,0,0,0
Zone_01,15,Commercial_Downtown,RECOVERY_AFTER_DISRUPTION,8726,60,60.0,54.37,0.906,49.26,51.08,4,Normal,Good,0,0,0
Zone_02,15,Residential,STABLE,12426,92,76.18,43.56,0.572,31.91,49.0,5,Light Rain,Moderate,0,0,0
Zone_03,15,University_District,EVENT_SENSITIVE,7685,63,52.16,29.75,0.57,31.96,47.41,3,Light Rain,Moderate,0,2,1
Zone_04,15,Highway_Junction,GRADUAL_DETERIORATION,2415,72,72.0,19.57,0.272,10.57,64.93,5,Normal,Good,0,0,0
Zone_05,15,Commercial_Downtown,GRADUAL_IMPROVEMENT,8343,66,66.0,32.96,0.499,25.11,56.54,9,Normal,Good,0,0,0
Zone_06,15,University_District,STABLE,8747,86,86.0,38.55,0.448,24.33,56.69,4,Normal,Good,0,0,0
Zone_07,15,University_District,GRADUAL_DETERIORATION,7267,42,42.0,36.19,0.862,54.78,45.33,9,Normal,Good,0,0,0
Zone_08,15,Highway_Junction,PERIODIC_SPIKE,2040,43,38.7,20.45,0.528,20.06,62.15,10,Normal,Good,1,1,1
Zone_09,15,Suburban_LowDensity,PERIODIC_SPIKE,3241,92,82.8,3.28,0.04,7.87,65.61,2,Normal,Good,1,0,0
Zone_10,15,Residential,GRADUAL_DETERIORATION,15099,47,47.0,50.84,1.082,71.64,39.05,8,Normal,Good,0,1,1
Zone_11,15,Residential,RECOVERY_AFTER_DISRUPTION,9955,43,43.0,31.82,0.74,46.02,46.78,7,Normal,Good,0,0,0
Zone_12,15,Commercial_Downtown,GRADUAL_IMPROVEMENT,8725,68,68.0,42.77,0.629,27.84,59.81,6,Normal,Good,0,0,0
Zone_13,15,Suburban_LowDensity,EVENT_SENSITIVE,1361,75,62.1,10.1,0.163,11.04,55.41,0,Light Rain,Moderate,0,0,0
Zone_14,15,University_District,RECOVERY_AFTER_DISRUPTION,10551,99,99.0,59.31,0.599,31.53,56.32,4,Normal,Good,0,0,0
Zone_15,15,Residential,GRADUAL_DETERIORATION,14863,86,71.21,55.63,0.781,47.33,44.71,5,Light Rain,Moderate,0,1,1
Zone_16,15,Highway_Junction,GRADUAL_DETERIORATION,1963,84,84.0,13.14,0.156,12.05,59.69,3,Normal,Good,0,0,0
Zone_17,15,Residential,EVENT_SENSITIVE,8064,48,48.0,26.25,0.547,23.41,56.75,7,Normal,Good,0,0,0
Zone_18,15,Industrial_Corridor,STABLE,3295,90,90.0,14.72,0.164,9.72,61.32,4,Normal,Good,0,0,0
Zone_19,15,Industrial_Corridor,EVENT_SENSITIVE,4136,81,81.0,12.64,0.156,8.84,64.35,2,Normal,Good,0,0,0
Zone_20,15,Commercial_Downtown,STABLE,3700,73,73.0,19.19,0.263,9.13,64.38,3,Normal,Good,0,0,0
Zone_21,15,Residential,GRADUAL_DETERIORATION,11645,74,74.0,29.99,0.405,16.4,58.46,2,Normal,Good,0,0,0
Zone_22,15,University_District,GRADUAL_DETERIORATION,7570,76,76.0,42.59,0.56,31.32,61.12,1,Normal,Good,0,1,1
Zone_23,15,Suburban_LowDensity,EVENT_SENSITIVE,2228,53,53.0,3.12,0.059,3.86,64.94,0,Normal,Good,0,0,0
Zone_24,15,Commercial_Downtown,GRADUAL_IMPROVEMENT,8634,99,99.0,37.21,0.376,19.8,62.88,4,Normal,Good,0,0,0
Zone_25,15,Residential,STABLE,10790,71,71.0,31.41,0.442,22.68,57.81,4,Normal,Good,0,0,0
Zone_26,15,University_District,STABLE,7678,75,62.1,35.7,0.575,35.83,46.58,5,Light Rain,Moderate,0,0,0
Zone_27,15,Suburban_LowDensity,PERIODIC_SPIKE,4357,81,72.9,31.35,0.43,19.96,57.75,3,Normal,Good,1,1,1
Zone_28,15,Highway_Junction,PERIODIC_SPIKE,1845,83,74.7,7.28,0.097,10.08,62.87,3,Normal,Good,1,0,0
Zone_29,15,Residential,RECOVERY_AFTER_DISRUPTION,13450,94,94.0,45.08,0.48,20.08,62.92,3,Normal,Good,0,0,0
Zone_30,15,Highway_Junction,GRADUAL_DETERIORATION,2448,66,66.0,8.66,0.131,5.84,63.54,4,Normal,Good,0,0,0
Zone_31,15,Commercial_Downtown,EVENT_SENSITIVE,9364,45,45.0,51.99,1.155,71.14,39.61,19,Normal,Good,0,3,1
Zone_32,15,Commercial_Downtown,GRADUAL_IMPROVEMENT,7248,81,81.0,37.35,0.461,23.08,58.83,6,Normal,Good,0,0,0
Zone_33,15,Commercial_Downtown,RECOVERY_AFTER_DISRUPTION,6945,63,63.0,35.82,0.569,29.82,60.27,7,Normal,Good,0,0,0
Zone_34,15,Industrial_Corridor,GRADUAL_DETERIORATION,3320,51,51.0,14.36,0.282,8.87,63.68,0,Normal,Good,0,0,0
Zone_35,15,Residential,GRADUAL_IMPROVEMENT,15280,95,95.0,43.1,0.454,17.61,59.48,4,Normal,Good,0,0,0
Zone_36,15,Residential,PERIODIC_SPIKE,12737,62,55.8,40.9,0.733,36.1,57.8,8,Normal,Good,1,1,1
Zone_37,15,Residential,RECOVERY_AFTER_DISRUPTION,11474,92,92.0,40.96,0.445,21.49,61.36,3,Normal,Good,0,0,0
Zone_38,15,Commercial_Downtown,RECOVERY_AFTER_DISRUPTION,9035,94,94.0,64.62,0.687,38.54,53.6,7,Normal,Good,0,0,0
Zone_39,15,Industrial_Corridor,GRADUAL_DETERIORATION,2566,44,44.0,11.67,0.265,15.96,61.95,1,Normal,Good,0,0,0
Zone_40,15,University_District,PERIODIC_SPIKE,7930,55,40.99,45.01,1.098,76.89,30.58,4,Light Rain,Moderate,1,4,1
Zone_41,15,Highway_Junction,GRADUAL_DETERIORATION,2549,42,42.0,8.81,0.21,13.72,61.17,6,Normal,Good,0,0,0
Zone_42,15,University_District,PERIODIC_SPIKE,7369,58,52.2,35.68,0.684,33.3,59.09,3,Normal,Good,1,0,0
Zone_43,15,Commercial_Downtown,STABLE,3988,78,78.0,18.19,0.233,9.77,62.75,2,Normal,Good,0,0,0
Zone_44,15,Suburban_LowDensity,STABLE,3720,70,70.0,8.62,0.123,6.34,60.51,1,Normal,Good,0,0,0
Zone_45,15,Highway_Junction,GRADUAL_DETERIORATION,2987,87,87.0,23.1,0.266,10.77,65.18,2,Normal,Good,0,0,0
Zone_46,15,University_District,GRADUAL_IMPROVEMENT,8049,51,51.0,27.81,0.545,25.75,61.57,2,Normal,Good,0,0,0
Zone_47,15,University_District,RECOVERY_AFTER_DISRUPTION,8056,58,48.02,43.84,0.913,54.9,37.58,6,Light Rain,Moderate,0,2,1
Zone_48,15,Industrial_Corridor,RECOVERY_AFTER_DISRUPTION,3999,72,72.0,16.46,0.229,11.72,61.72,2,Normal,Good,0,0,0
Zone_49,15,University_District,STABLE,11539,59,59.0,65.03,1.102,67.02,41.25,8,Normal,Good,0,3,1
Zone_50,15,University_District,GRADUAL_DETERIORATION,11592,68,68.0,67.9,0.999,64.86,42.58,4,Normal,Good,0,1,1
Zone_01,16,Commercial_Downtown,RECOVERY_AFTER_DISRUPTION,8726,60,60.0,61.22,1.02,63.61,44.89,12,Normal,Good,0,0,0
Zone_02,16,Residential,STABLE,12426,92,76.18,46.33,0.608,33.67,44.71,4,Light Rain,Moderate,0,0,0
Zone_03,16,University_District,EVENT_SENSITIVE,7685,63,63.0,26.86,0.426,17.96,61.05,1,Normal,Good,0,0,0
Zone_04,16,Highway_Junction,GRADUAL_DETERIORATION,2415,72,72.0,18.53,0.257,9.85,66.12,5,Normal,Good,0,0,0
Zone_05,16,Commercial_Downtown,GRADUAL_IMPROVEMENT,8343,66,54.65,33.16,0.607,36.31,46.13,4,Light Rain,Moderate,0,2,1
Zone_06,16,University_District,STABLE,8747,86,86.0,39.75,0.462,20.99,61.21,1,Normal,Good,0,0,0
Zone_07,16,University_District,GRADUAL_DETERIORATION,7267,42,42.0,35.96,0.856,46.07,51.3,10,Normal,Good,0,0,0
Zone_08,16,Highway_Junction,PERIODIC_SPIKE,2040,43,43.0,20.2,0.47,22.61,58.83,3,Normal,Good,0,0,0
Zone_09,16,Suburban_LowDensity,PERIODIC_SPIKE,3241,92,92.0,8.26,0.09,14.75,62.08,6,Normal,Good,0,0,0
Zone_10,16,Residential,GRADUAL_DETERIORATION,15099,47,47.0,55.58,1.183,71.4,43.77,9,Normal,Good,0,0,0
Zone_11,16,Residential,RECOVERY_AFTER_DISRUPTION,9955,43,43.0,32.84,0.764,43.19,52.69,2,Normal,Good,0,0,0
Zone_12,16,Commercial_Downtown,GRADUAL_IMPROVEMENT,8725,68,56.3,37.16,0.66,41.34,44.19,5,Light Rain,Moderate,0,0,0
Zone_13,16,Suburban_LowDensity,EVENT_SENSITIVE,1361,75,75.0,6.73,0.09,9.22,63.48,0,Normal,Good,0,0,0
Zone_14,16,University_District,RECOVERY_AFTER_DISRUPTION,10551,99,99.0,54.71,0.553,26.06,58.15,2,Normal,Good,0,0,0
Zone_15,16,Residential,GRADUAL_DETERIORATION,14863,86,86.0,61.62,0.717,39.1,53.02,4,Normal,Good,0,0,0
Zone_16,16,Highway_Junction,GRADUAL_DETERIORATION,1963,84,84.0,16.39,0.195,8.52,66.59,5,Normal,Good,0,0,0
Zone_17,16,Residential,EVENT_SENSITIVE,8064,48,48.0,19.46,0.405,21.37,62.35,7,Normal,Good,0,1,1
Zone_18,16,Industrial_Corridor,STABLE,3295,90,90.0,16.64,0.185,12.61,61.2,1,Normal,Good,0,0,0
Zone_19,16,Industrial_Corridor,EVENT_SENSITIVE,4136,81,81.0,19.12,0.236,10.8,61.66,3,Normal,Good,0,1,1
Zone_20,16,Commercial_Downtown,STABLE,3700,73,60.44,15.44,0.255,12.86,55.11,2,Light Rain,Moderate,0,1,1
Zone_21,16,Residential,GRADUAL_DETERIORATION,11645,74,74.0,33.85,0.457,19.43,62.09,2,Normal,Good,0,0,0
Zone_22,16,University_District,GRADUAL_DETERIORATION,7570,76,76.0,41.08,0.541,27.06,57.34,3,Normal,Good,0,0,0
Zone_23,16,Suburban_LowDensity,EVENT_SENSITIVE,2228,53,53.0,5.71,0.108,6.49,60.84,3,Normal,Good,0,0,0
Zone_24,16,Commercial_Downtown,GRADUAL_IMPROVEMENT,8634,99,99.0,37.4,0.378,19.17,57.92,1,Normal,Good,0,0,0
Zone_25,16,Residential,STABLE,10790,71,71.0,33.44,0.471,20.36,59.04,7,Normal,Good,0,0,0
Zone_26,16,University_District,STABLE,7678,75,62.1,42.31,0.681,40.87,45.56,3,Light Rain,Moderate,0,0,0
Zone_27,16,Suburban_LowDensity,PERIODIC_SPIKE,4357,81,81.0,18.19,0.225,13.64,61.15,2,Normal,Good,0,0,0
Zone_28,16,Highway_Junction,PERIODIC_SPIKE,1845,83,83.0,11.96,0.144,7.28,64.81,5,Normal,Good,0,0,0
Zone_29,16,Residential,RECOVERY_AFTER_DISRUPTION,13450,94,94.0,41.39,0.44,20.57,61.64,6,Normal,Good,0,0,0
Zone_30,16,Highway_Junction,GRADUAL_DETERIORATION,2448,66,66.0,10.08,0.153,9.94,65.36,1,Normal,Good,0,0,0
Zone_31,16,Commercial_Downtown,EVENT_SENSITIVE,9364,45,45.0,45.5,1.011,63.12,45.92,6,Normal,Good,0,0,0
Zone_32,16,Commercial_Downtown,GRADUAL_IMPROVEMENT,7248,81,81.0,33.08,0.408,20.84,61.02,7,Normal,Good,0,0,0
Zone_33,16,Commercial_Downtown,RECOVERY_AFTER_DISRUPTION,6945,63,52.16,37.76,0.724,42.05,49.75,13,Light Rain,Moderate,0,2,1
Zone_34,16,Industrial_Corridor,GRADUAL_DETERIORATION,3320,51,51.0,11.29,0.221,7.4,66.07,4,Normal,Good,0,0,0
Zone_35,16,Residential,GRADUAL_IMPROVEMENT,15280,95,95.0,42.73,0.45,17.9,60.0,3,Normal,Good,0,0,0
Zone_36,16,Residential,PERIODIC_SPIKE,12737,62,62.0,40.67,0.656,32.15,56.75,5,Normal,Good,0,0,0
Zone_37,16,Residential,RECOVERY_AFTER_DISRUPTION,11474,92,92.0,44.68,0.486,22.04,59.14,4,Normal,Good,0,0,0
Zone_38,16,Commercial_Downtown,RECOVERY_AFTER_DISRUPTION,9035,94,94.0,54.86,0.584,33.0,56.66,4,Normal,Good,0,0,0
Zone_39,16,Industrial_Corridor,GRADUAL_DETERIORATION,2566,44,44.0,7.31,0.166,9.8,63.41,4,Normal,Good,0,0,0
Zone_40,16,University_District,PERIODIC_SPIKE,7930,55,55.0,42.32,0.769,45.97,53.33,3,Normal,Good,0,0,0
Zone_41,16,Highway_Junction,GRADUAL_DETERIORATION,2549,42,42.0,12.97,0.309,15.38,63.9,2,Normal,Good,0,0,0
Zone_42,16,University_District,PERIODIC_SPIKE,7369,58,58.0,41.04,0.708,38.83,54.89,8,Normal,Good,0,1,1
Zone_43,16,Commercial_Downtown,STABLE,3988,78,78.0,27.01,0.346,16.26,58.9,2,Normal,Good,0,0,0
Zone_44,16,Suburban_LowDensity,STABLE,3720,70,70.0,6.59,0.094,6.99,62.86,0,Normal,Good,0,0,0
Zone_45,16,Highway_Junction,GRADUAL_DETERIORATION,2987,87,87.0,20.67,0.238,5.66,61.38,3,Normal,Good,0,0,0
Zone_46,16,University_District,GRADUAL_IMPROVEMENT,8049,51,51.0,29.68,0.582,24.98,60.12,4,Normal,Good,0,1,1
Zone_47,16,University_District,RECOVERY_AFTER_DISRUPTION,8056,58,58.0,48.39,0.834,50.69,51.76,2,Normal,Good,0,0,0
Zone_48,16,Industrial_Corridor,RECOVERY_AFTER_DISRUPTION,3999,72,59.62,16.16,0.271,18.6,52.75,1,Light Rain,Moderate,0,0,0
Zone_49,16,University_District,STABLE,11539,59,59.0,64.53,1.094,71.98,40.29,10,Normal,Good,0,2,1
Zone_50,16,University_District,GRADUAL_DETERIORATION,11592,68,68.0,62.7,0.922,52.73,47.08,5,Normal,Good,0,0,0
Zone_01,17,Commercial_Downtown,RECOVERY_AFTER_DISRUPTION,8726,60,60.0,65.4,1.09,68.96,41.27,11,Normal,Good,0,0,0
Zone_02,17,Residential,STABLE,12426,92,92.0,43.25,0.47,20.96,64.0,1,Normal,Good,0,0,0
Zone_03,17,University_District,EVENT_SENSITIVE,7685,63,63.0,22.92,0.364,18.0,62.53,4,Normal,Good,0,0,0
Zone_04,17,Highway_Junction,GRADUAL_DETERIORATION,2415,72,72.0,21.19,0.294,4.57,65.21,6,Normal,Good,0,0,0
Zone_05,17,Commercial_Downtown,GRADUAL_IMPROVEMENT,8343,66,66.0,34.97,0.53,24.34,59.96,7,Normal,Good,0,0,0
Zone_06,17,University_District,STABLE,8747,86,86.0,37.76,0.439,18.2,60.68,2,Normal,Good,0,0,0
Zone_07,17,University_District,GRADUAL_DETERIORATION,7267,42,42.0,32.51,0.774,43.65,51.86,9,Normal,Good,0,1,1
Zone_08,17,Highway_Junction,PERIODIC_SPIKE,2040,43,43.0,22.33,0.519,24.83,58.93,6,Normal,Good,0,1,1
Zone_09,17,Suburban_LowDensity,PERIODIC_SPIKE,3241,92,92.0,13.63,0.148,7.7,62.35,2,Normal,Good,0,0,0
Zone_10,17,Residential,GRADUAL_DETERIORATION,15099,47,47.0,46.58,0.991,64.22,45.04,7,Normal,Good,0,0,0
Zone_11,17,Residential,RECOVERY_AFTER_DISRUPTION,9955,43,35.6,31.44,0.883,63.7,37.27,6,Light Rain,Moderate,0,2,1
Zone_12,17,Commercial_Downtown,GRADUAL_IMPROVEMENT,8725,68,68.0,40.38,0.594,24.94,60.64,2,Normal,Good,0,0,0
Zone_13,17,Suburban_LowDensity,EVENT_SENSITIVE,1361,75,75.0,1.62,0.022,1.69,67.12,2,Normal,Good,0,1,1
Zone_14,17,University_District,RECOVERY_AFTER_DISRUPTION,10551,99,99.0,54.2,0.547,24.09,59.12,4,Normal,Good,0,0,0
Zone_15,17,Residential,GRADUAL_DETERIORATION,14863,86,86.0,53.38,0.621,28.77,54.31,4,Normal,Good,0,0,0
Zone_16,17,Highway_Junction,GRADUAL_DETERIORATION,1963,84,84.0,22.1,0.263,14.98,62.81,2,Normal,Good,0,0,0
Zone_17,17,Residential,EVENT_SENSITIVE,8064,48,48.0,22.63,0.471,17.17,61.45,5,Normal,Good,0,0,0
Zone_18,17,Industrial_Corridor,STABLE,3295,90,90.0,8.36,0.093,11.13,60.9,2,Normal,Good,0,0,0
Zone_19,17,Industrial_Corridor,EVENT_SENSITIVE,4136,81,81.0,20.51,0.253,11.83,62.51,1,Normal,Good,0,0,0
Zone_20,17,Commercial_Downtown,STABLE,3700,73,73.0,17.67,0.242,16.59,61.35,5,Normal,Good,0,0,0
Zone_21,17,Residential,GRADUAL_DETERIORATION,11645,74,74.0,41.54,0.561,29.39,55.57,4,Normal,Good,0,0,0
Zone_22,17,University_District,GRADUAL_DETERIORATION,7570,76,76.0,43.03,0.566,24.02,60.6,2,Normal,Good,0,0,0
Zone_23,17,Suburban_LowDensity,EVENT_SENSITIVE,2228,53,53.0,3.58,0.068,3.51,63.88,0,Normal,Good,0,0,0
Zone_24,17,Commercial_Downtown,GRADUAL_IMPROVEMENT,8634,99,99.0,44.69,0.451,17.89,62.14,7,Normal,Good,0,0,0
Zone_25,17,Residential,STABLE,10790,71,71.0,33.85,0.477,20.08,60.91,1,Normal,Good,0,0,0
Zone_26,17,University_District,STABLE,7678,75,75.0,35.7,0.476,24.62,62.29,4,Normal,Good,0,0,0
Zone_27,17,Suburban_LowDensity,PERIODIC_SPIKE,4357,81,67.07,18.22,0.272,16.1,54.33,0,Light Rain,Moderate,0,0,0
Zone_28,17,Highway_Junction,PERIODIC_SPIKE,1845,83,83.0,11.41,0.137,5.98,62.94,5,Normal,Good,0,0,0
Zone_29,17,Residential,RECOVERY_AFTER_DISRUPTION,13450,94,77.83,45.9,0.59,32.39,48.41,3,Light Rain,Moderate,0,0,0
Zone_30,17,Highway_Junction,GRADUAL_DETERIORATION,2448,66,66.0,15.85,0.24,9.55,63.58,3,Normal,Good,0,0,0
Zone_31,17,Commercial_Downtown,EVENT_SENSITIVE,9364,45,45.0,50.7,1.127,75.7,36.24,8,Normal,Good,0,1,1
Zone_32,17,Commercial_Downtown,GRADUAL_IMPROVEMENT,7248,81,67.07,33.6,0.501,26.21,55.51,5,Light Rain,Moderate,0,1,1
Zone_33,17,Commercial_Downtown,RECOVERY_AFTER_DISRUPTION,6945,63,63.0,43.97,0.698,38.35,53.02,4,Normal,Good,0,0,0
Zone_34,17,Industrial_Corridor,GRADUAL_DETERIORATION,3320,51,51.0,15.32,0.3,12.6,67.61,3,Normal,Good,0,0,0
Zone_35,17,Residential,GRADUAL_IMPROVEMENT,15280,95,95.0,39.97,0.421,19.25,58.35,4,Normal,Good,0,0,0
Zone_36,17,Residential,PERIODIC_SPIKE,12737,62,51.34,44.19,0.861,53.91,39.95,8,Light Rain,Moderate,0,2,1
Zone_37,17,Residential,RECOVERY_AFTER_DISRUPTION,11474,92,92.0,50.43,0.548,23.89,59.47,4,Normal,Good,0,0,0
Zone_38,17,Commercial_Downtown,RECOVERY_AFTER_DISRUPTION,9035,94,94.0,57.71,0.614,31.76,55.78,6,Normal,Good,0,0,0
Zone_39,17,Industrial_Corridor,GRADUAL_DETERIORATION,2566,44,44.0,3.53,0.08,3.65,65.79,2,Normal,Good,0,0,0
Zone_40,17,University_District,PERIODIC_SPIKE,7930,55,55.0,43.36,0.788,46.09,53.43,5,Normal,Good,0,0,0
Zone_41,17,Highway_Junction,GRADUAL_DETERIORATION,2549,42,42.0,17.91,0.426,16.83,60.85,4,Normal,Good,0,0,0
Zone_42,17,University_District,PERIODIC_SPIKE,7369,58,58.0,32.22,0.556,25.5,58.15,2,Normal,Good,0,0,0
Zone_43,17,Commercial_Downtown,STABLE,3988,78,78.0,23.03,0.295,12.93,64.54,3,Normal,Good,0,0,0
Zone_44,17,Suburban_LowDensity,STABLE,3720,70,70.0,3.51,0.05,3.04,64.85,2,Normal,Good,0,0,0
Zone_45,17,Highway_Junction,GRADUAL_DETERIORATION,2987,87,87.0,22.76,0.262,10.77,64.05,3,Normal,Good,0,0,0
Zone_46,17,University_District,GRADUAL_IMPROVEMENT,8049,51,51.0,32.8,0.643,33.97,58.86,3,Normal,Good,0,1,1
Zone_47,17,University_District,RECOVERY_AFTER_DISRUPTION,8056,58,48.02,45.73,0.952,66.61,31.96,6,Light Rain,Moderate,0,1,1
Zone_48,17,Industrial_Corridor,RECOVERY_AFTER_DISRUPTION,3999,72,72.0,16.57,0.23,12.96,64.02,1,Normal,Good,0,0,0
Zone_49,17,University_District,STABLE,11539,59,59.0,68.38,1.159,74.03,41.27,8,Normal,Good,0,0,0
Zone_50,17,University_District,GRADUAL_DETERIORATION,11592,68,68.0,51.22,0.753,42.8,55.56,4,Normal,Good,0,0,0
Zone_01,18,Commercial_Downtown,RECOVERY_AFTER_DISRUPTION,8726,60,51.0,73.73,1.446,82.11,36.1,15,Normal,Good,1,1,1
Zone_02,18,Residential,STABLE,12426,92,92.0,38.59,0.419,21.5,57.89,3,Normal,Good,0,0,0
Zone_03,18,University_District,EVENT_SENSITIVE,7685,63,48.2,32.15,0.667,35.9,53.85,7,Normal,Good,1,2,1
Zone_04,18,Highway_Junction,GRADUAL_DETERIORATION,2415,72,72.0,20.13,0.28,11.16,65.52,1,Normal,Good,0,0,0
Zone_05,18,Commercial_Downtown,GRADUAL_IMPROVEMENT,8343,66,56.1,36.75,0.655,34.29,56.74,10,Normal,Good,1,0,0
Zone_06,18,University_District,STABLE,8747,86,73.1,39.67,0.543,25.76,57.61,11,Normal,Good,1,0,0
Zone_07,18,University_District,GRADUAL_DETERIORATION,7267,42,35.7,48.09,1.347,79.4,34.76,12,Normal,Good,1,1,1
Zone_08,18,Highway_Junction,PERIODIC_SPIKE,2040,43,43.0,13.43,0.312,12.48,64.26,4,Normal,Good,0,0,0
Zone_09,18,Suburban_LowDensity,PERIODIC_SPIKE,3241,92,92.0,12.45,0.135,13.13,62.5,1,Normal,Good,0,0,0
Zone_10,18,Residential,GRADUAL_DETERIORATION,15099,47,47.0,47.01,1.0,61.61,47.64,5,Normal,Good,0,0,0
Zone_11,18,Residential,RECOVERY_AFTER_DISRUPTION,9955,43,43.0,35.26,0.82,46.75,49.75,4,Normal,Good,0,0,0
Zone_12,18,Commercial_Downtown,GRADUAL_IMPROVEMENT,8725,68,57.8,48.56,0.84,48.98,50.73,14,Normal,Good,1,1,1
Zone_13,18,Suburban_LowDensity,EVENT_SENSITIVE,1361,75,75.0,4.07,0.054,5.61,64.81,0,Normal,Good,0,0,0
Zone_14,18,University_District,RECOVERY_AFTER_DISRUPTION,10551,99,84.15,68.11,0.809,45.73,49.86,9,Normal,Good,1,0,0
Zone_15,18,Residential,GRADUAL_DETERIORATION,14863,86,86.0,58.99,0.686,33.82,57.71,5,Normal,Good,0,0,0
Zone_16,18,Highway_Junction,GRADUAL_DETERIORATION,1963,84,84.0,15.26,0.182,10.69,65.22,8,Normal,Good,0,0,0
Zone_17,18,Residential,EVENT_SENSITIVE,8064,48,48.0,23.63,0.492,24.88,60.07,4,Normal,Good,0,0,0
Zone_18,18,Industrial_Corridor,STABLE,3295,90,74.52,6.8,0.091,8.42,55.44,0,Light Rain,Moderate,0,0,0
Zone_19,18,Industrial_Corridor,EVENT_SENSITIVE,4136,81,81.0,15.75,0.194,9.32,62.99,2,Normal,Good,0,0,0
Zone_20,18,Commercial_Downtown,STABLE,3700,73,62.05,21.0,0.338,14.05,62.21,9,Normal,Good,1,0,0
Zone_21,18,Residential,GRADUAL_DETERIORATION,11645,74,74.0,38.9,0.526,21.52,59.7,2,Normal,Good,0,0,0
Zone_22,18,University_District,GRADUAL_DETERIORATION,7570,76,64.6,47.15,0.73,38.68,54.97,8,Normal,Good,1,1,1
Zone_23,18,Suburban_LowDensity,EVENT_SENSITIVE,2228,53,53.0,0.0,0.0,5.58,61.96,1,Normal,Good,0,0,0
Zone_24,18,Commercial_Downtown,GRADUAL_IMPROVEMENT,8634,99,84.15,51.08,0.607,32.7,53.95,6,Normal,Good,1,1,1
Zone_25,18,Residential,STABLE,10790,71,71.0,29.97,0.422,14.67,61.79,5,Normal,Good,0,0,0
Zone_26,18,University_District,STABLE,7678,75,63.75,44.39,0.696,36.86,54.9,12,Normal,Good,1,0,0
Zone_27,18,Suburban_LowDensity,PERIODIC_SPIKE,4357,81,81.0,10.34,0.128,11.46,62.3,0,Normal,Good,0,0,0
Zone_28,18,Highway_Junction,PERIODIC_SPIKE,1845,83,68.72,4.87,0.071,8.27,56.8,3,Light Rain,Moderate,0,0,0
Zone_29,18,Residential,RECOVERY_AFTER_DISRUPTION,13450,94,94.0,52.49,0.558,27.49,58.35,3,Normal,Good,0,0,0
Zone_30,18,Highway_Junction,GRADUAL_DETERIORATION,2448,66,66.0,10.84,0.164,10.18,64.59,3,Normal,Good,0,0,0
Zone_31,18,Commercial_Downtown,EVENT_SENSITIVE,9364,45,34.42,62.0,1.801,93.26,26.88,12,Normal,Good,1,5,1
Zone_32,18,Commercial_Downtown,GRADUAL_IMPROVEMENT,7248,81,57.01,34.87,0.612,35.64,50.45,9,Light Rain,Moderate,1,3,1
Zone_33,18,Commercial_Downtown,RECOVERY_AFTER_DISRUPTION,6945,63,44.34,54.3,1.225,86.22,25.4,6,Light Rain,Moderate,1,0,0
Zone_34,18,Industrial_Corridor,GRADUAL_DETERIORATION,3320,51,51.0,12.78,0.251,11.11,66.52,1,Normal,Good,0,0,0
Zone_35,18,Residential,GRADUAL_IMPROVEMENT,15280,95,78.66,34.56,0.439,26.29,52.56,2,Light Rain,Moderate,0,0,0
Zone_36,18,Residential,PERIODIC_SPIKE,12737,62,62.0,50.11,0.808,47.72,51.01,6,Normal,Good,0,0,0
Zone_37,18,Residential,RECOVERY_AFTER_DISRUPTION,11474,92,92.0,51.08,0.555,29.09,59.77,1,Normal,Good,0,0,0
Zone_38,18,Commercial_Downtown,RECOVERY_AFTER_DISRUPTION,9035,94,79.9,60.99,0.763,40.72,51.3,11,Normal,Good,1,0,0
Zone_39,18,Industrial_Corridor,GRADUAL_DETERIORATION,2566,44,36.43,9.49,0.26,11.26,55.51,1,Light Rain,Moderate,0,0,0
Zone_40,18,University_District,PERIODIC_SPIKE,7930,55,38.71,41.97,1.084,78.56,29.46,8,Light Rain,Moderate,1,0,0
Zone_41,18,Highway_Junction,GRADUAL_DETERIORATION,2549,42,42.0,10.77,0.256,9.14,65.04,6,Normal,Good,0,0,0
Zone_42,18,University_District,PERIODIC_SPIKE,7369,58,40.82,38.84,0.951,65.11,37.28,6,Light Rain,Moderate,1,0,0
Zone_43,18,Commercial_Downtown,STABLE,3988,78,66.3,29.15,0.44,18.45,62.7,13,Normal,Good,1,0,0
Zone_44,18,Suburban_LowDensity,STABLE,3720,70,70.0,10.59,0.151,10.18,66.34,0,Normal,Good,0,0,0
Zone_45,18,Highway_Junction,GRADUAL_DETERIORATION,2987,87,87.0,21.07,0.242,10.36,63.43,2,Normal,Good,0,0,0
Zone_46,18,University_District,GRADUAL_IMPROVEMENT,8049,51,35.89,35.06,0.977,67.41,33.2,14,Light Rain,Moderate,1,0,0
Zone_47,18,University_District,RECOVERY_AFTER_DISRUPTION,8056,58,49.3,48.56,0.985,57.48,44.6,12,Normal,Good,1,0,0
Zone_48,18,Industrial_Corridor,RECOVERY_AFTER_DISRUPTION,3999,72,72.0,25.76,0.358,15.12,61.67,4,Normal,Good,0,0,0
Zone_49,18,University_District,STABLE,11539,59,50.15,71.97,1.435,86.5,36.99,9,Normal,Good,1,1,1
Zone_50,18,University_District,GRADUAL_DETERIORATION,11592,68,57.8,59.42,1.028,65.27,46.51,12,Normal,Good,1,1,1
Zone_01,19,Commercial_Downtown,RECOVERY_AFTER_DISRUPTION,8726,60,51.0,80.27,1.574,97.31,27.16,18,Normal,Good,1,1,1
Zone_02,19,Residential,STABLE,12426,92,92.0,27.8,0.302,15.58,59.59,2,Normal,Good,0,0,0
Zone_03,19,University_District,EVENT_SENSITIVE,7685,63,48.2,37.76,0.783,40.36,54.4,10,Normal,Good,1,0,0
Zone_04,19,Highway_Junction,GRADUAL_DETERIORATION,2415,72,72.0,15.39,0.214,10.78,60.3,4,Normal,Good,0,0,0
Zone_05,19,Commercial_Downtown,GRADUAL_IMPROVEMENT,8343,66,56.1,45.22,0.806,49.06,49.79,19,Normal,Good,1,1,1
Zone_06,19,University_District,STABLE,8747,86,73.1,49.15,0.672,35.44,54.19,4,Normal,Good,1,0,0
Zone_07,19,University_District,GRADUAL_DETERIORATION,7267,42,35.7,46.67,1.307,81.63,38.28,10,Normal,Good,1,3,1
Zone_08,19,Highway_Junction,PERIODIC_SPIKE,2040,43,43.0,12.49,0.29,9.11,62.38,4,Normal,Good,0,0,0
Zone_09,19,Suburban_LowDensity,PERIODIC_SPIKE,3241,92,92.0,2.37,0.026,4.83,63.51,0,Normal,Good,0,0,0
Zone_10,19,Residential,GRADUAL_DETERIORATION,15099,47,47.0,51.92,1.105,71.62,43.64,7,Normal,Good,0,1,1
Zone_11,19,Residential,RECOVERY_AFTER_DISRUPTION,9955,43,35.6,42.55,1.195,81.24,28.48,9,Light Rain,Moderate,0,2,1
Zone_12,19,Commercial_Downtown,GRADUAL_IMPROVEMENT,8725,68,57.8,52.3,0.905,58.93,45.02,16,Normal,Good,1,0,0
Zone_13,19,Suburban_LowDensity,EVENT_SENSITIVE,1361,75,75.0,1.87,0.025,0.69,66.01,0,Normal,Good,0,0,0
Zone_14,19,University_District,RECOVERY_AFTER_DISRUPTION,10551,99,84.15,74.18,0.882,52.28,48.47,8,Normal,Good,1,0,0
Zone_15,19,Residential,GRADUAL_DETERIORATION,14863,86,86.0,53.27,0.619,29.85,57.2,4,Normal,Good,0,0,0
Zone_16,19,Highway_Junction,GRADUAL_DETERIORATION,1963,84,84.0,9.36,0.111,13.31,61.99,3,Normal,Good,0,0,0
Zone_17,19,Residential,EVENT_SENSITIVE,8064,48,48.0,26.9,0.56,29.08,57.86,2,Normal,Good,0,0,0
Zone_18,19,Industrial_Corridor,STABLE,3295,90,90.0,3.26,0.036,8.36,62.46,3,Normal,Good,0,0,0
Zone_19,19,Industrial_Corridor,EVENT_SENSITIVE,4136,81,81.0,21.23,0.262,11.46,64.26,3,Normal,Good,0,0,0
Zone_20,19,Commercial_Downtown,STABLE,3700,73,62.05,19.6,0.316,9.53,60.06,6,Normal,Good,1,0,0
Zone_21,19,Residential,GRADUAL_DETERIORATION,11645,74,61.27,46.83,0.764,46.95,42.33,4,Light Rain,Moderate,0,2,1
Zone_22,19,University_District,GRADUAL_DETERIORATION,7570,76,64.6,51.07,0.791,45.74,49.51,5,Normal,Good,1,0,0
Zone_23,19,Suburban_LowDensity,EVENT_SENSITIVE,2228,53,53.0,0.0,0.0,3.44,62.99,2,Normal,Good,0,0,0
Zone_24,19,Commercial_Downtown,GRADUAL_IMPROVEMENT,8634,99,84.15,52.61,0.625,34.96,54.7,14,Normal,Good,1,2,1
Zone_25,19,Residential,STABLE,10790,71,71.0,36.99,0.521,23.56,60.82,2,Normal,Good,0,0,0
Zone_26,19,University_District,STABLE,7678,75,63.75,48.78,0.765,45.12,55.58,9,Normal,Good,1,1,1
Zone_27,19,Suburban_LowDensity,PERIODIC_SPIKE,4357,81,81.0,7.21,0.089,4.46,63.48,3,Normal,Good,0,0,0
Zone_28,19,Highway_Junction,PERIODIC_SPIKE,1845,83,83.0,9.52,0.115,9.78,61.08,5,Normal,Good,0,0,0
Zone_29,19,Residential,RECOVERY_AFTER_DISRUPTION,13450,94,94.0,54.63,0.581,30.89,55.0,7,Normal,Good,0,0,0
Zone_30,19,Highway_Junction,GRADUAL_DETERIORATION,2448,66,66.0,14.27,0.216,14.05,62.05,4,Normal,Good,0,0,0
Zone_31,19,Commercial_Downtown,EVENT_SENSITIVE,9364,45,34.42,66.31,1.926,98.22,27.56,16,Normal,Good,1,1,1
Zone_32,19,Commercial_Downtown,GRADUAL_IMPROVEMENT,7248,81,68.85,32.68,0.475,17.59,57.39,11,Normal,Good,1,0,0
Zone_33,19,Commercial_Downtown,RECOVERY_AFTER_DISRUPTION,6945,63,53.55,63.0,1.176,76.28,38.3,14,Normal,Good,1,3,1
Zone_34,19,Industrial_Corridor,GRADUAL_DETERIORATION,3320,51,51.0,12.84,0.252,11.48,61.85,2,Normal,Good,0,0,0
Zone_35,19,Residential,GRADUAL_IMPROVEMENT,15280,95,95.0,35.95,0.378,16.24,65.34,3,Normal,Good,0,0,0
Zone_36,19,Residential,PERIODIC_SPIKE,12737,62,62.0,40.55,0.654,26.93,60.87,3,Normal,Good,0,0,0
Zone_37,19,Residential,RECOVERY_AFTER_DISRUPTION,11474,92,92.0,50.26,0.546,25.72,60.87,4,Normal,Good,0,1,1
Zone_38,19,Commercial_Downtown,RECOVERY_AFTER_DISRUPTION,9035,94,79.9,72.16,0.903,57.31,45.36,6,Normal,Good,1,0,0
Zone_39,19,Industrial_Corridor,GRADUAL_DETERIORATION,2566,44,44.0,12.83,0.292,15.7,64.92,4,Normal,Good,0,0,0
Zone_40,19,University_District,PERIODIC_SPIKE,7930,55,46.75,43.05,0.921,54.5,49.83,5,Normal,Good,1,0,0
Zone_41,19,Highway_Junction,GRADUAL_DETERIORATION,2549,42,34.78,11.48,0.33,18.62,53.53,2,Light Rain,Moderate,0,0,0
Zone_42,19,University_District,PERIODIC_SPIKE,7369,58,49.3,42.96,0.871,52.25,45.14,9,Normal,Good,1,0,0
Zone_43,19,Commercial_Downtown,STABLE,3988,78,66.3,27.72,0.418,19.8,61.03,6,Normal,Good,1,0,0
Zone_44,19,Suburban_LowDensity,STABLE,3720,70,70.0,6.05,0.086,10.97,63.13,0,Normal,Good,0,0,0
Zone_45,19,Highway_Junction,GRADUAL_DETERIORATION,2987,87,87.0,25.2,0.29,15.33,64.6,5,Normal,Good,0,0,0
Zone_46,19,University_District,GRADUAL_IMPROVEMENT,8049,51,43.35,45.6,1.052,63.99,46.04,8,Normal,Good,1,0,0
Zone_47,19,University_District,RECOVERY_AFTER_DISRUPTION,8056,58,49.3,54.64,1.108,70.27,42.64,7,Normal,Good,1,0,0
Zone_48,19,Industrial_Corridor,RECOVERY_AFTER_DISRUPTION,3999,72,72.0,33.49,0.465,23.04,59.09,5,Normal,Good,0,0,0
Zone_49,19,University_District,STABLE,11539,59,50.15,73.45,1.465,88.23,31.77,7,Normal,Good,1,2,1
Zone_50,19,University_District,GRADUAL_DETERIORATION,11592,68,57.8,67.89,1.175,75.27,38.86,8,Normal,Good,1,0,0
Zone_01,20,Commercial_Downtown,RECOVERY_AFTER_DISRUPTION,8726,60,60.0,72.67,1.211,82.2,35.62,11,Normal,Good,0,1,1
Zone_02,20,Residential,STABLE,12426,92,92.0,24.97,0.271,11.31,64.31,4,Normal,Good,0,0,0
Zone_03,20,University_District,EVENT_SENSITIVE,7685,63,63.0,34.13,0.542,24.87,58.88,8,Normal,Good,0,0,0
Zone_04,20,Highway_Junction,GRADUAL_DETERIORATION,2415,72,72.0,21.26,0.295,11.28,65.14,4,Normal,Good,0,0,0
Zone_05,20,Commercial_Downtown,GRADUAL_IMPROVEMENT,8343,66,66.0,47.43,0.719,43.36,53.8,6,Normal,Good,0,0,0
Zone_06,20,University_District,STABLE,8747,86,86.0,45.59,0.53,23.01,62.48,2,Normal,Good,0,0,0
Zone_07,20,University_District,GRADUAL_DETERIORATION,7267,42,42.0,47.84,1.139,75.52,40.36,8,Normal,Good,0,0,0
Zone_08,20,Highway_Junction,PERIODIC_SPIKE,2040,43,38.7,18.45,0.477,25.04,56.05,5,Normal,Good,1,0,0
Zone_09,20,Suburban_LowDensity,PERIODIC_SPIKE,3241,92,82.8,15.48,0.187,9.65,65.5,7,Normal,Good,1,0,0
Zone_10,20,Residential,GRADUAL_DETERIORATION,15099,47,47.0,55.32,1.177,75.15,39.17,14,Normal,Good,0,2,1
Zone_11,20,Residential,RECOVERY_AFTER_DISRUPTION,9955,43,43.0,43.27,1.006,59.8,45.5,6,Normal,Good,0,1,1
Zone_12,20,Commercial_Downtown,GRADUAL_IMPROVEMENT,8725,68,56.3,48.4,0.86,55.91,40.69,5,Light Rain,Moderate,0,0,0
Zone_13,20,Suburban_LowDensity,EVENT_SENSITIVE,1361,75,75.0,2.17,0.029,3.96,62.42,1,Normal,Good,0,0,0
Zone_14,20,University_District,RECOVERY_AFTER_DISRUPTION,10551,99,99.0,73.55,0.743,41.21,51.16,4,Normal,Good,0,0,0
Zone_15,20,Residential,GRADUAL_DETERIORATION,14863,86,86.0,49.73,0.578,29.06,57.99,7,Normal,Good,0,0,0
Zone_16,20,Highway_Junction,GRADUAL_DETERIORATION,1963,84,84.0,6.4,0.076,2.89,64.27,6,Normal,Good,0,0,0
Zone_17,20,Residential,EVENT_SENSITIVE,8064,48,48.0,20.37,0.424,16.29,61.23,4,Normal,Good,0,1,1
Zone_18,20,Industrial_Corridor,STABLE,3295,90,90.0,4.27,0.047,8.62,63.08,2,Normal,Good,0,0,0
Zone_19,20,Industrial_Corridor,EVENT_SENSITIVE,4136,81,81.0,17.09,0.211,10.71,64.14,2,Normal,Good,0,0,0
Zone_20,20,Commercial_Downtown,STABLE,3700,73,73.0,21.82,0.299,14.6,65.17,6,Normal,Good,0,0,0
Zone_21,20,Residential,GRADUAL_DETERIORATION,11645,74,74.0,46.48,0.628,28.21,58.11,5,Normal,Good,0,0,0
Zone_22,20,University_District,GRADUAL_DETERIORATION,7570,76,76.0,47.3,0.622,29.51,58.28,6,Normal,Good,0,0,0
Zone_23,20,Suburban_LowDensity,EVENT_SENSITIVE,2228,53,53.0,2.61,0.049,8.1,63.07,1,Normal,Good,0,0,0
Zone_24,20,Commercial_Downtown,GRADUAL_IMPROVEMENT,8634,99,81.97,46.55,0.568,31.21,49.9,5,Light Rain,Moderate,0,0,0
Zone_25,20,Residential,STABLE,10790,71,58.79,36.47,0.62,30.98,53.12,3,Light Rain,Moderate,0,0,0
Zone_26,20,University_District,STABLE,7678,75,75.0,37.34,0.498,24.37,56.64,1,Normal,Good,0,0,0
Zone_27,20,Suburban_LowDensity,PERIODIC_SPIKE,4357,81,72.9,16.47,0.226,15.4,62.62,8,Normal,Good,1,1,1
Zone_28,20,Highway_Junction,PERIODIC_SPIKE,1845,83,61.85,10.2,0.165,6.32,56.43,4,Light Rain,Moderate,1,0,0
Zone_29,20,Residential,RECOVERY_AFTER_DISRUPTION,13450,94,94.0,60.86,0.647,34.16,55.92,6,Normal,Good,0,1,1
Zone_30,20,Highway_Junction,GRADUAL_DETERIORATION,2448,66,66.0,17.37,0.263,14.87,61.48,5,Normal,Good,0,0,0
Zone_31,20,Commercial_Downtown,EVENT_SENSITIVE,9364,45,45.0,61.55,1.368,90.17,29.5,14,Normal,Good,0,1,1
Zone_32,20,Commercial_Downtown,GRADUAL_IMPROVEMENT,7248,81,81.0,32.71,0.404,16.99,63.76,4,Normal,Good,0,0,0
Zone_33,20,Commercial_Downtown,RECOVERY_AFTER_DISRUPTION,6945,63,63.0,62.24,0.988,57.86,46.93,9,Normal,Good,0,1,1
Zone_34,20,Industrial_Corridor,GRADUAL_DETERIORATION,3320,51,51.0,11.27,0.221,7.07,65.43,1,Normal,Good,0,0,0
Zone_35,20,Residential,GRADUAL_IMPROVEMENT,15280,95,95.0,33.85,0.356,12.85,62.4,2,Normal,Good,0,0,0
Zone_36,20,Residential,PERIODIC_SPIKE,12737,62,55.8,47.77,0.856,52.4,51.85,7,Normal,Good,1,0,0
Zone_37,20,Residential,RECOVERY_AFTER_DISRUPTION,11474,92,76.18,56.04,0.736,49.85,40.9,9,Light Rain,Moderate,0,0,0
Zone_38,20,Commercial_Downtown,RECOVERY_AFTER_DISRUPTION,9035,94,94.0,62.3,0.663,34.46,53.73,3,Normal,Good,0,0,0
Zone_39,20,Industrial_Corridor,GRADUAL_DETERIORATION,2566,44,36.43,18.33,0.503,25.41,53.6,4,Light Rain,Moderate,0,1,1
Zone_40,20,University_District,PERIODIC_SPIKE,7930,55,49.5,46.63,0.942,53.34,49.93,10,Normal,Good,1,1,1
Zone_41,20,Highway_Junction,GRADUAL_DETERIORATION,2549,42,42.0,19.11,0.455,20.92,62.23,6,Normal,Good,0,0,0
Zone_42,20,University_District,PERIODIC_SPIKE,7369,58,52.2,44.61,0.855,49.32,51.55,5,Normal,Good,1,0,0
Zone_43,20,Commercial_Downtown,STABLE,3988,78,78.0,27.31,0.35,12.71,62.35,3,Normal,Good,0,2,1
Zone_44,20,Suburban_LowDensity,STABLE,3720,70,70.0,6.06,0.087,8.97,62.51,3,Normal,Good,0,0,0
Zone_45,20,Highway_Junction,GRADUAL_DETERIORATION,2987,87,72.04,22.98,0.319,16.08,51.06,6,Light Rain,Moderate,0,0,0
Zone_46,20,University_District,GRADUAL_IMPROVEMENT,8049,51,51.0,39.42,0.773,42.67,54.72,6,Normal,Good,0,2,1
Zone_47,20,University_District,RECOVERY_AFTER_DISRUPTION,8056,58,58.0,51.87,0.894,52.49,48.52,4,Normal,Good,0,2,1
Zone_48,20,Industrial_Corridor,RECOVERY_AFTER_DISRUPTION,3999,72,72.0,33.76,0.469,20.15,57.61,2,Normal,Good,0,0,0
Zone_49,20,University_District,STABLE,11539,59,59.0,68.08,1.154,72.04,38.53,2,Normal,Good,0,0,0
Zone_50,20,University_District,GRADUAL_DETERIORATION,11592,68,68.0,63.52,0.934,54.34,47.4,8,Normal,Good,0,1,1
Zone_01,21,Commercial_Downtown,RECOVERY_AFTER_DISRUPTION,8726,60,49.2,74.15,1.507,84.99,32.85,9,Normal,Good,0,5,1
Zone_02,21,Residential,STABLE,12426,92,92.0,34.35,0.373,19.58,56.72,3,Normal,Good,0,0,0
Zone_03,21,University_District,EVENT_SENSITIVE,7685,63,63.0,28.89,0.459,18.17,61.84,4,Normal,Good,0,0,0
Zone_04,21,Highway_Junction,GRADUAL_DETERIORATION,2415,72,72.0,15.22,0.211,11.47,62.87,6,Normal,Good,0,0,0
Zone_05,21,Commercial_Downtown,GRADUAL_IMPROVEMENT,8343,66,66.0,44.32,0.672,33.4,54.97,6,Normal,Good,0,0,0
Zone_06,21,University_District,STABLE,8747,86,86.0,42.24,0.491,20.33,61.71,1,Normal,Good,0,0,0
Zone_07,21,University_District,GRADUAL_DETERIORATION,7267,42,42.0,40.34,0.96,58.02,50.0,7,Normal,Good,0,2,1
Zone_08,21,Highway_Junction,PERIODIC_SPIKE,2040,43,43.0,20.0,0.465,16.1,62.98,9,Normal,Good,0,0,0
Zone_09,21,Suburban_LowDensity,PERIODIC_SPIKE,3241,92,92.0,17.49,0.19,9.5,61.96,1,Normal,Good,0,0,0
Zone_10,21,Residential,GRADUAL_DETERIORATION,15099,47,47.0,55.76,1.186,73.8,42.53,8,Normal,Good,0,0,0
Zone_11,21,Residential,RECOVERY_AFTER_DISRUPTION,9955,43,35.26,40.62,1.152,71.01,43.07,6,Normal,Good,0,2,1
Zone_12,21,Commercial_Downtown,GRADUAL_IMPROVEMENT,8725,68,68.0,34.57,0.508,22.66,61.73,5,Normal,Good,0,0,0
Zone_13,21,Suburban_LowDensity,EVENT_SENSITIVE,1361,75,75.0,2.07,0.028,6.19,67.31,1,Normal,Good,0,0,0
Zone_14,21,University_District,RECOVERY_AFTER_DISRUPTION,10551,99,81.18,68.55,0.844,51.51,48.77,9,Normal,Good,0,1,1
Zone_15,21,Residential,GRADUAL_DETERIORATION,14863,86,86.0,53.43,0.621,32.29,55.35,3,Normal,Good,0,0,0
Zone_16,21,Highway_Junction,GRADUAL_DETERIORATION,1963,84,84.0,12.95,0.154,10.2,61.39,4,Normal,Good,0,0,0
Zone_17,21,Residential,EVENT_SENSITIVE,8064,48,39.74,19.2,0.483,23.19,49.88,3,Light Rain,Moderate,0,0,0
Zone_18,21,Industrial_Corridor,STABLE,3295,90,90.0,2.67,0.03,6.72,66.67,3,Normal,Good,0,0,0
Zone_19,21,Industrial_Corridor,EVENT_SENSITIVE,4136,81,81.0,22.33,0.276,14.53,62.93,0,Normal,Good,0,0,0
Zone_20,21,Commercial_Downtown,STABLE,3700,73,73.0,24.26,0.332,14.21,61.88,5,Normal,Good,0,0,0
Zone_21,21,Residential,GRADUAL_DETERIORATION,11645,74,74.0,56.09,0.758,40.59,56.05,8,Normal,Good,0,0,0
Zone_22,21,University_District,GRADUAL_DETERIORATION,7570,76,76.0,44.8,0.589,28.84,56.22,6,Normal,Good,0,0,0
Zone_23,21,Suburban_LowDensity,EVENT_SENSITIVE,2228,53,53.0,4.0,0.075,4.9,64.04,1,Normal,Good,0,0,0
Zone_24,21,Commercial_Downtown,GRADUAL_IMPROVEMENT,8634,99,99.0,47.68,0.482,20.18,64.39,5,Normal,Good,0,0,0
Zone_25,21,Residential,STABLE,10790,71,71.0,31.31,0.441,20.99,60.6,1,Normal,Good,0,0,0
Zone_26,21,University_District,STABLE,7678,75,75.0,30.95,0.413,16.86,58.37,1,Normal,Good,0,0,0
Zone_27,21,Suburban_LowDensity,PERIODIC_SPIKE,4357,81,81.0,16.98,0.21,8.37,63.28,1,Normal,Good,0,0,0
Zone_28,21,Highway_Junction,PERIODIC_SPIKE,1845,83,83.0,11.88,0.143,5.55,62.88,5,Normal,Good,0,0,0
Zone_29,21,Residential,RECOVERY_AFTER_DISRUPTION,13450,94,77.08,54.48,0.707,39.72,54.58,4,Normal,Good,0,0,0
Zone_30,21,Highway_Junction,GRADUAL_DETERIORATION,2448,66,66.0,19.42,0.294,14.75,64.01,2,Normal,Good,0,0,0
Zone_31,21,Commercial_Downtown,EVENT_SENSITIVE,9364,45,37.26,55.93,1.501,100.0,18.92,14,Light Rain,Moderate,0,4,1
Zone_32,21,Commercial_Downtown,GRADUAL_IMPROVEMENT,7248,81,81.0,32.4,0.4,20.01,58.74,6,Normal,Good,0,0,0
Zone_33,21,Commercial_Downtown,RECOVERY_AFTER_DISRUPTION,6945,63,51.66,54.28,1.051,69.82,40.54,13,Normal,Good,0,1,1
Zone_34,21,Industrial_Corridor,GRADUAL_DETERIORATION,3320,51,51.0,7.38,0.145,8.88,66.02,2,Normal,Good,0,0,0
Zone_35,21,Residential,GRADUAL_IMPROVEMENT,15280,95,95.0,38.88,0.409,18.47,61.34,5,Normal,Good,0,0,0
Zone_36,21,Residential,PERIODIC_SPIKE,12737,62,62.0,46.69,0.753,41.99,52.29,5,Normal,Good,0,0,0
Zone_37,21,Residential,RECOVERY_AFTER_DISRUPTION,11474,92,75.44,48.96,0.649,31.98,54.57,3,Normal,Good,0,0,0
Zone_38,21,Commercial_Downtown,RECOVERY_AFTER_DISRUPTION,9035,94,77.08,68.64,0.891,48.87,50.01,7,Normal,Good,0,0,0
Zone_39,21,Industrial_Corridor,GRADUAL_DETERIORATION,2566,44,44.0,17.65,0.401,15.79,60.76,4,Normal,Good,0,0,0
Zone_40,21,University_District,PERIODIC_SPIKE,7930,55,45.54,37.17,0.816,50.91,38.92,5,Light Rain,Moderate,0,0,0
Zone_41,21,Highway_Junction,GRADUAL_DETERIORATION,2549,42,42.0,16.05,0.382,13.28,62.77,1,Normal,Good,0,0,0
Zone_42,21,University_District,PERIODIC_SPIKE,7369,58,58.0,36.87,0.636,27.76,56.67,4,Normal,Good,0,0,0
Zone_43,21,Commercial_Downtown,STABLE,3988,78,78.0,23.58,0.302,12.3,61.82,3,Normal,Good,0,0,0
Zone_44,21,Suburban_LowDensity,STABLE,3720,70,70.0,13.8,0.197,7.49,65.86,2,Normal,Good,0,0,0
Zone_45,21,Highway_Junction,GRADUAL_DETERIORATION,2987,87,87.0,17.04,0.196,6.03,66.72,2,Normal,Good,0,0,0
Zone_46,21,University_District,GRADUAL_IMPROVEMENT,8049,51,51.0,39.67,0.778,43.69,53.41,5,Normal,Good,0,0,0
Zone_47,21,University_District,RECOVERY_AFTER_DISRUPTION,8056,58,47.56,55.09,1.158,74.91,37.87,4,Normal,Good,0,0,0
Zone_48,21,Industrial_Corridor,RECOVERY_AFTER_DISRUPTION,3999,72,59.04,32.98,0.559,26.08,58.54,3,Normal,Good,0,0,0
Zone_49,21,University_District,STABLE,11539,59,59.0,63.6,1.078,69.92,42.94,7,Normal,Good,0,0,0
Zone_50,21,University_District,GRADUAL_DETERIORATION,11592,68,68.0,59.3,0.872,49.83,49.15,8,Normal,Good,0,0,0
Zone_01,22,Commercial_Downtown,RECOVERY_AFTER_DISRUPTION,8726,60,49.2,67.76,1.377,87.54,34.01,8,Normal,Good,0,2,1
Zone_02,22,Residential,STABLE,12426,92,92.0,40.71,0.443,22.05,61.86,5,Normal,Good,0,0,0
Zone_03,22,University_District,EVENT_SENSITIVE,7685,63,63.0,30.45,0.483,17.18,60.37,5,Normal,Good,0,0,0
Zone_04,22,Highway_Junction,GRADUAL_DETERIORATION,2415,72,72.0,21.34,0.296,7.84,63.99,5,Normal,Good,0,0,0
Zone_05,22,Commercial_Downtown,GRADUAL_IMPROVEMENT,8343,66,66.0,49.01,0.743,37.36,56.82,7,Normal,Good,0,0,0
Zone_06,22,University_District,STABLE,8747,86,86.0,39.47,0.459,25.63,56.92,5,Normal,Good,0,0,0
Zone_07,22,University_District,GRADUAL_DETERIORATION,7267,42,42.0,34.92,0.831,49.13,49.94,5,Normal,Good,0,0,0
Zone_08,22,Highway_Junction,PERIODIC_SPIKE,2040,43,43.0,12.76,0.297,10.12,65.34,3,Normal,Good,0,0,0
Zone_09,22,Suburban_LowDensity,PERIODIC_SPIKE,3241,92,92.0,10.63,0.116,8.03,64.43,1,Normal,Good,0,0,0
Zone_10,22,Residential,GRADUAL_DETERIORATION,15099,47,38.92,55.3,1.421,97.46,18.26,8,Light Rain,Moderate,0,1,1
Zone_11,22,Residential,RECOVERY_AFTER_DISRUPTION,9955,43,35.26,37.96,1.077,69.13,40.22,9,Normal,Good,0,4,1
Zone_12,22,Commercial_Downtown,GRADUAL_IMPROVEMENT,8725,68,68.0,34.23,0.503,23.55,60.95,6,Normal,Good,0,1,1
Zone_13,22,Suburban_LowDensity,EVENT_SENSITIVE,1361,75,75.0,6.36,0.085,9.49,63.12,2,Normal,Good,0,0,0
Zone_14,22,University_District,RECOVERY_AFTER_DISRUPTION,10551,99,81.18,69.58,0.857,49.96,47.3,2,Normal,Good,0,2,1
Zone_15,22,Residential,GRADUAL_DETERIORATION,14863,86,86.0,52.28,0.608,31.51,55.58,4,Normal,Good,0,0,0
Zone_16,22,Highway_Junction,GRADUAL_DETERIORATION,1963,84,84.0,13.23,0.158,7.63,66.63,5,Normal,Good,0,0,0
Zone_17,22,Residential,EVENT_SENSITIVE,8064,48,48.0,22.95,0.478,25.77,60.58,4,Normal,Good,0,0,0
Zone_18,22,Industrial_Corridor,STABLE,3295,90,90.0,11.06,0.123,6.77,63.87,2,Normal,Good,0,1,1
Zone_19,22,Industrial_Corridor,EVENT_SENSITIVE,4136,81,81.0,23.87,0.295,17.16,60.55,2,Normal,Good,0,0,0
Zone_20,22,Commercial_Downtown,STABLE,3700,73,73.0,23.29,0.319,14.94,59.35,9,Normal,Good,0,0,0
Zone_21,22,Residential,GRADUAL_DETERIORATION,11645,74,61.27,55.76,0.91,62.29,38.1,5,Light Rain,Moderate,0,0,0
Zone_22,22,University_District,GRADUAL_DETERIORATION,7570,76,76.0,52.72,0.694,40.23,52.02,3,Normal,Good,0,0,0
Zone_23,22,Suburban_LowDensity,EVENT_SENSITIVE,2228,53,53.0,1.54,0.029,3.03,64.64,2,Normal,Good,0,0,0
Zone_24,22,Commercial_Downtown,GRADUAL_IMPROVEMENT,8634,99,99.0,47.38,0.479,27.65,61.37,4,Normal,Good,0,1,1
Zone_25,22,Residential,STABLE,10790,71,71.0,25.1,0.354,16.25,61.95,6,Normal,Good,0,0,0
Zone_26,22,University_District,STABLE,7678,75,62.1,32.17,0.518,29.92,49.06,3,Light Rain,Moderate,0,1,1
Zone_27,22,Suburban_LowDensity,PERIODIC_SPIKE,4357,81,81.0,13.71,0.169,11.75,61.12,3,Normal,Good,0,0,0
Zone_28,22,Highway_Junction,PERIODIC_SPIKE,1845,83,68.72,8.47,0.123,11.4,57.67,5,Light Rain,Moderate,0,0,0
Zone_29,22,Residential,RECOVERY_AFTER_DISRUPTION,13450,94,77.08,52.31,0.679,34.0,54.26,3,Normal,Good,0,0,0
Zone_30,22,Highway_Junction,GRADUAL_DETERIORATION,2448,66,66.0,18.94,0.287,9.64,60.86,5,Normal,Good,0,0,0
Zone_31,22,Commercial_Downtown,EVENT_SENSITIVE,9364,45,45.0,48.54,1.079,67.96,40.44,14,Normal,Good,0,2,1
Zone_32,22,Commercial_Downtown,GRADUAL_IMPROVEMENT,7248,81,67.07,37.43,0.558,30.23,48.82,3,Light Rain,Moderate,0,0,0
Zone_33,22,Commercial_Downtown,RECOVERY_AFTER_DISRUPTION,6945,63,51.66,57.46,1.112,71.12,39.48,7,Normal,Good,0,2,1
Zone_34,22,Industrial_Corridor,GRADUAL_DETERIORATION,3320,51,51.0,6.85,0.134,9.24,65.07,3,Normal,Good,0,1,1
Zone_35,22,Residential,GRADUAL_IMPROVEMENT,15280,95,95.0,37.16,0.391,19.0,62.86,3,Normal,Good,0,0,0
Zone_36,22,Residential,PERIODIC_SPIKE,12737,62,62.0,43.12,0.695,37.53,54.24,3,Normal,Good,0,0,0
Zone_37,22,Residential,RECOVERY_AFTER_DISRUPTION,11474,92,75.44,62.59,0.83,50.26,48.66,3,Normal,Good,0,3,1
Zone_38,22,Commercial_Downtown,RECOVERY_AFTER_DISRUPTION,9035,94,63.82,71.69,1.123,81.62,27.01,9,Light Rain,Moderate,0,1,1
Zone_39,22,Industrial_Corridor,GRADUAL_DETERIORATION,2566,44,44.0,28.77,0.654,40.14,54.96,5,Normal,Good,0,0,0
Zone_40,22,University_District,PERIODIC_SPIKE,7930,55,45.54,39.84,0.875,53.79,44.41,5,Light Rain,Moderate,0,1,1
Zone_41,22,Highway_Junction,GRADUAL_DETERIORATION,2549,42,42.0,21.64,0.515,25.87,57.51,2,Normal,Good,0,0,0
Zone_42,22,University_District,PERIODIC_SPIKE,7369,58,58.0,39.45,0.68,38.29,55.06,2,Normal,Good,0,0,0
Zone_43,22,Commercial_Downtown,STABLE,3988,78,78.0,21.69,0.278,10.19,65.0,4,Normal,Good,0,0,0
Zone_44,22,Suburban_LowDensity,STABLE,3720,70,70.0,11.31,0.162,6.32,62.73,2,Normal,Good,0,0,0
Zone_45,22,Highway_Junction,GRADUAL_DETERIORATION,2987,87,87.0,21.18,0.243,14.71,62.99,3,Normal,Good,0,0,0
Zone_46,22,University_District,GRADUAL_IMPROVEMENT,8049,51,51.0,32.78,0.643,35.87,54.83,6,Normal,Good,0,0,0
Zone_47,22,University_District,RECOVERY_AFTER_DISRUPTION,8056,58,47.56,49.87,1.049,64.91,44.62,3,Normal,Good,0,0,0
Zone_48,22,Industrial_Corridor,RECOVERY_AFTER_DISRUPTION,3999,72,59.04,28.88,0.489,19.14,56.86,4,Normal,Good,0,0,0
Zone_49,22,University_District,STABLE,11539,59,59.0,60.36,1.023,66.09,44.8,5,Normal,Good,0,1,1
Zone_50,22,University_District,GRADUAL_DETERIORATION,11592,68,68.0,68.43,1.006,64.21,45.71,4,Normal,Good,0,1,1
Zone_01,23,Commercial_Downtown,RECOVERY_AFTER_DISRUPTION,8726,60,49.2,68.25,1.387,85.03,33.24,16,Normal,Good,0,2,1
Zone_02,23,Residential,STABLE,12426,92,76.18,43.19,0.567,32.57,50.24,3,Light Rain,Moderate,0,0,0
Zone_03,23,University_District,EVENT_SENSITIVE,7685,63,63.0,32.72,0.519,28.92,58.5,3,Normal,Good,0,0,0
Zone_04,23,Highway_Junction,GRADUAL_DETERIORATION,2415,72,72.0,9.73,0.135,1.73,63.41,3,Normal,Good,0,0,0
Zone_05,23,Commercial_Downtown,GRADUAL_IMPROVEMENT,8343,66,66.0,47.63,0.722,39.74,56.65,5,Normal,Good,0,0,0
Zone_06,23,University_District,STABLE,8747,86,86.0,34.82,0.405,19.07,60.6,4,Normal,Good,0,0,0
Zone_07,23,University_District,GRADUAL_DETERIORATION,7267,42,42.0,37.81,0.9,50.21,51.21,1,Normal,Good,0,0,0
Zone_08,23,Highway_Junction,PERIODIC_SPIKE,2040,43,43.0,6.13,0.143,4.42,62.8,4,Normal,Good,0,0,0
Zone_09,23,Suburban_LowDensity,PERIODIC_SPIKE,3241,92,92.0,1.1,0.012,6.81,63.91,3,Normal,Good,0,0,0
Zone_10,23,Residential,GRADUAL_DETERIORATION,15099,47,47.0,53.4,1.136,73.36,42.28,4,Normal,Good,0,0,0
Zone_11,23,Residential,RECOVERY_AFTER_DISRUPTION,9955,43,35.26,41.26,1.17,72.87,39.73,6,Normal,Good,0,1,1
Zone_12,23,Commercial_Downtown,GRADUAL_IMPROVEMENT,8725,68,68.0,28.66,0.421,19.34,62.34,2,Normal,Good,0,0,0
Zone_13,23,Suburban_LowDensity,EVENT_SENSITIVE,1361,75,75.0,5.6,0.075,8.06,61.07,2,Normal,Good,0,0,0
Zone_14,23,University_District,RECOVERY_AFTER_DISRUPTION,10551,99,81.18,72.19,0.889,53.17,49.22,12,Normal,Good,0,1,1
Zone_15,23,Residential,GRADUAL_DETERIORATION,14863,86,86.0,52.53,0.611,29.8,59.91,2,Normal,Good,0,0,0
Zone_16,23,Highway_Junction,GRADUAL_DETERIORATION,1963,84,84.0,20.39,0.243,10.59,62.0,2,Normal,Good,0,0,0
Zone_17,23,Residential,EVENT_SENSITIVE,8064,48,48.0,29.59,0.616,30.28,57.87,3,Normal,Good,0,0,0
Zone_18,23,Industrial_Corridor,STABLE,3295,90,90.0,5.55,0.062,4.49,63.29,1,Normal,Good,0,0,0
Zone_19,23,Industrial_Corridor,EVENT_SENSITIVE,4136,81,67.07,16.66,0.248,13.02,58.16,5,Light Rain,Moderate,0,0,0
Zone_20,23,Commercial_Downtown,STABLE,3700,73,73.0,25.05,0.343,17.95,59.41,6,Normal,Good,0,0,0
Zone_21,23,Residential,GRADUAL_DETERIORATION,11645,74,74.0,45.88,0.62,30.97,56.55,4,Normal,Good,0,0,0
Zone_22,23,University_District,GRADUAL_DETERIORATION,7570,76,76.0,51.24,0.674,35.6,53.65,4,Normal,Good,0,0,0
Zone_23,23,Suburban_LowDensity,EVENT_SENSITIVE,2228,53,53.0,0.0,0.0,7.12,64.53,1,Normal,Good,0,1,1
Zone_24,23,Commercial_Downtown,GRADUAL_IMPROVEMENT,8634,99,99.0,44.72,0.452,22.77,59.96,5,Normal,Good,0,1,1
Zone_25,23,Residential,STABLE,10790,71,71.0,19.17,0.27,13.61,61.29,1,Normal,Good,0,0,0
Zone_26,23,University_District,STABLE,7678,75,75.0,37.25,0.497,24.95,59.01,2,Normal,Good,0,0,0
Zone_27,23,Suburban_LowDensity,PERIODIC_SPIKE,4357,81,81.0,14.29,0.176,12.09,63.42,4,Normal,Good,0,0,0
Zone_28,23,Highway_Junction,PERIODIC_SPIKE,1845,83,83.0,11.82,0.142,7.1,63.72,4,Normal,Good,0,0,0
Zone_29,23,Residential,RECOVERY_AFTER_DISRUPTION,13450,94,77.08,60.0,0.778,46.01,53.42,4,Normal,Good,0,0,0
Zone_30,23,Highway_Junction,GRADUAL_DETERIORATION,2448,66,66.0,22.61,0.343,18.08,64.12,6,Normal,Good,0,0,0
Zone_31,23,Commercial_Downtown,EVENT_SENSITIVE,9364,45,45.0,42.24,0.939,62.72,45.44,9,Normal,Good,0,2,1
Zone_32,23,Commercial_Downtown,GRADUAL_IMPROVEMENT,7248,81,67.07,34.31,0.512,30.58,46.87,8,Light Rain,Moderate,0,0,0
Zone_33,23,Commercial_Downtown,RECOVERY_AFTER_DISRUPTION,6945,63,51.66,54.83,1.061,67.31,42.02,9,Normal,Good,0,1,1
Zone_34,23,Industrial_Corridor,GRADUAL_DETERIORATION,3320,51,42.23,8.15,0.193,15.06,53.05,2,Light Rain,Moderate,0,0,0
Zone_35,23,Residential,GRADUAL_IMPROVEMENT,15280,95,78.66,39.02,0.496,28.59,48.05,3,Light Rain,Moderate,0,1,1
Zone_36,23,Residential,PERIODIC_SPIKE,12737,62,62.0,41.37,0.667,31.56,55.98,2,Normal,Good,0,0,0
Zone_37,23,Residential,RECOVERY_AFTER_DISRUPTION,11474,92,75.44,55.45,0.735,36.31,55.69,7,Normal,Good,0,1,1
Zone_38,23,Commercial_Downtown,RECOVERY_AFTER_DISRUPTION,9035,94,77.08,71.5,0.928,56.03,43.25,6,Normal,Good,0,0,0
Zone_39,23,Industrial_Corridor,GRADUAL_DETERIORATION,2566,44,44.0,26.29,0.598,32.3,58.05,2,Normal,Good,0,0,0
Zone_40,23,University_District,PERIODIC_SPIKE,7930,55,45.54,37.27,0.818,53.76,42.32,7,Light Rain,Moderate,0,1,1
Zone_41,23,Highway_Junction,GRADUAL_DETERIORATION,2549,42,42.0,17.87,0.425,17.11,58.72,6,Normal,Good,0,1,1
Zone_42,23,University_District,PERIODIC_SPIKE,7369,58,58.0,40.16,0.692,35.75,57.32,4,Normal,Good,0,0,0
Zone_43,23,Commercial_Downtown,STABLE,3988,78,78.0,18.04,0.231,5.22,65.29,5,Normal,Good,0,0,0
Zone_44,23,Suburban_LowDensity,STABLE,3720,70,70.0,13.99,0.2,14.34,63.43,3,Normal,Good,0,0,0
Zone_45,23,Highway_Junction,GRADUAL_DETERIORATION,2987,87,87.0,22.49,0.259,6.62,66.05,7,Normal,Good,0,0,0
Zone_46,23,University_District,GRADUAL_IMPROVEMENT,8049,51,42.23,28.64,0.678,34.37,48.82,3,Light Rain,Moderate,0,0,0
Zone_47,23,University_District,RECOVERY_AFTER_DISRUPTION,8056,58,47.56,43.1,0.906,51.66,50.2,4,Normal,Good,0,1,1
Zone_48,23,Industrial_Corridor,RECOVERY_AFTER_DISRUPTION,3999,72,59.04,29.98,0.508,23.35,61.62,5,Normal,Good,0,0,0
Zone_49,23,University_District,STABLE,11539,59,59.0,58.57,0.993,59.5,47.54,3,Normal,Good,0,2,1
Zone_50,23,University_District,GRADUAL_DETERIORATION,11592,68,68.0,67.02,0.986,60.67,44.81,3,Normal,Good,0,0,0
Zone_01,24,Commercial_Downtown,RECOVERY_AFTER_DISRUPTION,8726,60,49.2,75.26,1.53,93.08,30.19,9,Normal,Good,0,0,0
Zone_02,24,Residential,STABLE,12426,92,76.18,36.09,0.474,27.1,51.5,3,Light Rain,Moderate,0,0,0
Zone_03,24,University_District,EVENT_SENSITIVE,7685,63,55.44,40.63,0.733,38.12,56.26,11,Normal,Good,1,1,1
Zone_04,24,Highway_Junction,GRADUAL_DETERIORATION,2415,72,72.0,6.0,0.083,5.57,59.62,3,Normal,Good,0,0,0
Zone_05,24,Commercial_Downtown,GRADUAL_IMPROVEMENT,8343,66,66.0,43.81,0.664,31.59,57.12,3,Normal,Good,0,0,0
Zone_06,24,University_District,STABLE,8747,86,86.0,38.42,0.447,20.49,60.09,4,Normal,Good,0,0,0
Zone_07,24,University_District,GRADUAL_DETERIORATION,7267,42,42.0,33.48,0.797,47.43,49.94,6,Normal,Good,0,0,0
Zone_08,24,Highway_Junction,PERIODIC_SPIKE,2040,43,43.0,10.84,0.252,10.55,63.35,5,Normal,Good,0,0,0
Zone_09,24,Suburban_LowDensity,PERIODIC_SPIKE,3241,92,92.0,3.4,0.037,5.81,61.99,1,Normal,Good,0,0,0
Zone_10,24,Residential,GRADUAL_DETERIORATION,15099,47,47.0,53.99,1.149,70.98,39.37,7,Normal,Good,0,1,1
Zone_11,24,Residential,RECOVERY_AFTER_DISRUPTION,9955,43,35.26,43.21,1.225,78.64,38.08,9,Normal,Good,0,1,1
Zone_12,24,Commercial_Downtown,GRADUAL_IMPROVEMENT,8725,68,68.0,33.43,0.492,22.66,65.22,9,Normal,Good,0,0,0
Zone_13,24,Suburban_LowDensity,EVENT_SENSITIVE,1361,75,66.0,4.12,0.062,10.25,62.69,8,Normal,Good,1,0,0
Zone_14,24,University_District,RECOVERY_AFTER_DISRUPTION,10551,99,81.18,70.45,0.868,52.31,48.92,5,Normal,Good,0,0,0
Zone_15,24,Residential,GRADUAL_DETERIORATION,14863,86,86.0,59.89,0.696,34.34,57.46,5,Normal,Good,0,0,0
Zone_16,24,Highway_Junction,GRADUAL_DETERIORATION,1963,84,84.0,18.37,0.219,6.77,65.78,4,Normal,Good,0,0,0
Zone_17,24,Residential,EVENT_SENSITIVE,8064,48,42.24,35.65,0.844,49.55,51.07,10,Normal,Good,1,0,0
Zone_18,24,Industrial_Corridor,STABLE,3295,90,90.0,10.31,0.115,6.85,67.98,1,Normal,Good,0,0,0
Zone_19,24,Industrial_Corridor,EVENT_SENSITIVE,4136,81,71.28,16.08,0.226,8.3,62.84,5,Normal,Good,1,0,0
Zone_20,24,Commercial_Downtown,STABLE,3700,73,73.0,23.82,0.326,13.21,62.12,4,Normal,Good,0,0,0
Zone_21,24,Residential,GRADUAL_DETERIORATION,11645,74,74.0,41.9,0.566,25.95,59.75,2,Normal,Good,0,0,0
Zone_22,24,University_District,GRADUAL_DETERIORATION,7570,76,76.0,53.87,0.709,33.82,55.87,2,Normal,Good,0,0,0
Zone_23,24,Suburban_LowDensity,EVENT_SENSITIVE,2228,53,38.62,8.48,0.22,7.24,56.61,4,Light Rain,Moderate,1,0,0
Zone_24,24,Commercial_Downtown,GRADUAL_IMPROVEMENT,8634,99,99.0,35.78,0.361,18.89,64.69,3,Normal,Good,0,0,0
Zone_25,24,Residential,STABLE,10790,71,58.79,20.55,0.35,15.4,54.38,7,Light Rain,Moderate,0,0,0
Zone_26,24,University_District,STABLE,7678,75,75.0,45.72,0.61,31.15,54.04,1,Normal,Good,0,0,0
Zone_27,24,Suburban_LowDensity,PERIODIC_SPIKE,4357,81,81.0,11.11,0.137,10.19,63.71,2,Normal,Good,0,0,0
Zone_28,24,Highway_Junction,PERIODIC_SPIKE,1845,83,83.0,4.84,0.058,7.21,65.95,6,Normal,Good,0,0,0
Zone_29,24,Residential,RECOVERY_AFTER_DISRUPTION,13450,94,77.08,58.57,0.76,44.85,51.37,6,Normal,Good,0,0,0
Zone_30,24,Highway_Junction,GRADUAL_DETERIORATION,2448,66,66.0,18.45,0.28,18.98,58.48,5,Normal,Good,0,0,0
Zone_31,24,Commercial_Downtown,EVENT_SENSITIVE,9364,45,39.6,56.33,1.422,86.53,30.78,17,Normal,Good,1,0,0
Zone_32,24,Commercial_Downtown,GRADUAL_IMPROVEMENT,7248,81,81.0,36.44,0.45,21.75,61.51,4,Normal,Good,0,0,0
Zone_33,24,Commercial_Downtown,RECOVERY_AFTER_DISRUPTION,6945,63,51.66,57.31,1.109,67.42,42.97,10,Normal,Good,0,0,0
Zone_34,24,Industrial_Corridor,GRADUAL_DETERIORATION,3320,51,42.23,14.97,0.354,15.12,53.94,4,Light Rain,Moderate,0,1,1
Zone_35,24,Residential,GRADUAL_IMPROVEMENT,15280,95,95.0,38.16,0.402,16.66,63.58,3,Normal,Good,0,0,0
Zone_36,24,Residential,PERIODIC_SPIKE,12737,62,62.0,40.6,0.655,28.1,58.56,2,Normal,Good,0,0,0
Zone_37,24,Residential,RECOVERY_AFTER_DISRUPTION,11474,92,75.44,59.9,0.794,45.77,53.18,4,Normal,Good,0,0,0
Zone_38,24,Commercial_Downtown,RECOVERY_AFTER_DISRUPTION,9035,94,77.08,71.34,0.926,54.88,46.06,11,Normal,Good,0,0,0
Zone_39,24,Industrial_Corridor,GRADUAL_DETERIORATION,2566,44,44.0,20.38,0.463,20.93,55.1,4,Normal,Good,0,0,0
Zone_40,24,University_District,PERIODIC_SPIKE,7930,55,55.0,33.36,0.607,29.87,53.98,4,Normal,Good,0,0,0
Zone_41,24,Highway_Junction,GRADUAL_DETERIORATION,2549,42,42.0,24.24,0.577,25.15,57.29,4,Normal,Good,0,0,0
Zone_42,24,University_District,PERIODIC_SPIKE,7369,58,48.02,32.79,0.683,42.32,43.88,7,Light Rain,Moderate,0,0,0
Zone_43,24,Commercial_Downtown,STABLE,3988,78,78.0,22.41,0.287,10.63,61.7,5,Normal,Good,0,0,0
Zone_44,24,Suburban_LowDensity,STABLE,3720,70,70.0,13.36,0.191,10.97,64.7,2,Normal,Good,0,0,0
Zone_45,24,Highway_Junction,GRADUAL_DETERIORATION,2987,87,87.0,18.66,0.214,8.63,64.98,1,Normal,Good,0,0,0
Zone_46,24,University_District,GRADUAL_IMPROVEMENT,8049,51,51.0,31.76,0.623,33.04,56.75,3,Normal,Good,0,1,1
Zone_47,24,University_District,RECOVERY_AFTER_DISRUPTION,8056,58,47.56,47.85,1.006,60.27,43.97,7,Normal,Good,0,2,1
Zone_48,24,Industrial_Corridor,RECOVERY_AFTER_DISRUPTION,3999,72,59.04,31.51,0.534,26.62,54.56,10,Normal,Good,0,0,0
Zone_49,24,University_District,STABLE,11539,59,59.0,55.82,0.946,62.28,44.7,7,Normal,Good,0,0,0
Zone_50,24,University_District,GRADUAL_DETERIORATION,11592,68,68.0,66.27,0.975,57.71,48.69,5,Normal,Good,0,0,0
Zone_01,25,Commercial_Downtown,RECOVERY_AFTER_DISRUPTION,8726,60,49.2,75.86,1.542,89.57,30.36,10,Normal,Good,0,2,1
Zone_02,25,Residential,STABLE,12426,92,92.0,33.3,0.362,16.19,60.63,4,Normal,Good,0,0,0
Zone_03,25,University_District,EVENT_SENSITIVE,7685,63,63.0,39.74,0.631,29.52,59.52,5,Normal,Good,0,0,0
Zone_04,25,Highway_Junction,GRADUAL_DETERIORATION,2415,72,72.0,6.03,0.084,3.78,62.09,3,Normal,Good,0,1,1
Zone_05,25,Commercial_Downtown,GRADUAL_IMPROVEMENT,8343,66,66.0,47.35,0.717,38.46,52.31,5,Normal,Good,0,0,0
Zone_06,25,University_District,STABLE,8747,86,86.0,29.86,0.347,14.35,58.76,2,Normal,Good,0,0,0
Zone_07,25,University_District,GRADUAL_DETERIORATION,7267,42,42.0,33.2,0.79,50.26,50.41,6,Normal,Good,0,0,0
Zone_08,25,Highway_Junction,PERIODIC_SPIKE,2040,43,38.7,18.57,0.48,26.69,60.24,10,Normal,Good,1,0,0
Zone_09,25,Suburban_LowDensity,PERIODIC_SPIKE,3241,92,82.8,12.39,0.15,9.0,64.7,4,Normal,Good,1,0,0
Zone_10,25,Residential,GRADUAL_DETERIORATION,15099,47,47.0,50.79,1.081,67.58,39.45,6,Normal,Good,0,0,0
Zone_11,25,Residential,RECOVERY_AFTER_DISRUPTION,9955,43,35.26,43.49,1.233,74.88,38.79,5,Normal,Good,0,1,1
Zone_12,25,Commercial_Downtown,GRADUAL_IMPROVEMENT,8725,68,56.3,31.24,0.555,29.37,51.81,4,Light Rain,Moderate,0,1,1
Zone_13,25,Suburban_LowDensity,EVENT_SENSITIVE,1361,75,75.0,0.54,0.007,5.27,63.76,1,Normal,Good,0,0,0
Zone_14,25,University_District,RECOVERY_AFTER_DISRUPTION,10551,99,81.18,77.22,0.951,57.8,49.97,5,Normal,Good,0,2,1
Zone_15,25,Residential,GRADUAL_DETERIORATION,14863,86,86.0,56.96,0.662,33.11,56.46,10,Normal,Good,0,0,0
Zone_16,25,Highway_Junction,GRADUAL_DETERIORATION,1963,84,69.55,19.05,0.274,19.17,53.17,4,Light Rain,Moderate,0,0,0
Zone_17,25,Residential,EVENT_SENSITIVE,8064,48,39.74,28.41,0.715,40.84,47.14,6,Light Rain,Moderate,0,1,1
Zone_18,25,Industrial_Corridor,STABLE,3295,90,90.0,9.15,0.102,8.29,63.95,3,Normal,Good,0,0,0
Zone_19,25,Industrial_Corridor,EVENT_SENSITIVE,4136,81,81.0,21.43,0.265,8.59,60.32,4,Normal,Good,0,1,1
Zone_20,25,Commercial_Downtown,STABLE,3700,73,73.0,18.77,0.257,8.34,63.28,2,Normal,Good,0,0,0
Zone_21,25,Residential,GRADUAL_DETERIORATION,11645,74,74.0,46.18,0.624,35.75,59.29,5,Normal,Good,0,0,0
Zone_22,25,University_District,GRADUAL_DETERIORATION,7570,76,76.0,49.43,0.65,35.34,55.37,4,Normal,Good,0,0,0
Zone_23,25,Suburban_LowDensity,EVENT_SENSITIVE,2228,53,53.0,7.08,0.134,9.82,63.08,3,Normal,Good,0,0,0
Zone_24,25,Commercial_Downtown,GRADUAL_IMPROVEMENT,8634,99,99.0,35.98,0.363,16.32,61.64,2,Normal,Good,0,0,0
Zone_25,25,Residential,STABLE,10790,71,71.0,28.55,0.402,18.8,61.03,1,Normal,Good,0,1,1
Zone_26,25,University_District,STABLE,7678,75,62.1,37.02,0.596,38.0,46.01,5,Light Rain,Moderate,0,1,1
Zone_27,25,Suburban_LowDensity,PERIODIC_SPIKE,4357,81,72.9,18.54,0.254,9.38,64.01,9,Normal,Good,1,0,0
Zone_28,25,Highway_Junction,PERIODIC_SPIKE,1845,83,74.7,16.29,0.218,10.36,66.46,7,Normal,Good,1,0,0
Zone_29,25,Residential,RECOVERY_AFTER_DISRUPTION,13450,94,77.08,54.94,0.713,39.6,55.67,3,Normal,Good,0,0,0
Zone_30,25,Highway_Junction,GRADUAL_DETERIORATION,2448,66,66.0,25.23,0.382,19.97,59.49,3,Normal,Good,0,0,0
Zone_31,25,Commercial_Downtown,EVENT_SENSITIVE,9364,45,37.26,51.89,1.393,91.13,24.82,13,Light Rain,Moderate,0,2,1
Zone_32,25,Commercial_Downtown,GRADUAL_IMPROVEMENT,7248,81,81.0,37.3,0.46,20.85,57.75,7,Normal,Good,0,0,0
Zone_33,25,Commercial_Downtown,RECOVERY_AFTER_DISRUPTION,6945,63,51.66,64.97,1.258,77.83,37.01,11,Normal,Good,0,0,0
Zone_34,25,Industrial_Corridor,GRADUAL_DETERIORATION,3320,51,51.0,11.99,0.235,13.4,65.65,1,Normal,Good,0,1,1
Zone_35,25,Residential,GRADUAL_IMPROVEMENT,15280,95,95.0,40.53,0.427,19.0,60.79,2,Normal,Good,0,0,0
Zone_36,25,Residential,PERIODIC_SPIKE,12737,62,55.8,44.39,0.796,45.42,50.06,10,Normal,Good,1,0,0
Zone_37,25,Residential,RECOVERY_AFTER_DISRUPTION,11474,92,75.44,53.45,0.709,34.34,60.41,2,Normal,Good,0,0,0
Zone_38,25,Commercial_Downtown,RECOVERY_AFTER_DISRUPTION,9035,94,77.08,71.01,0.921,52.74,50.83,6,Normal,Good,0,0,0
Zone_39,25,Industrial_Corridor,GRADUAL_DETERIORATION,2566,44,44.0,23.62,0.537,25.35,57.18,7,Normal,Good,0,1,1
Zone_40,25,University_District,PERIODIC_SPIKE,7930,55,40.99,43.06,1.051,75.01,29.88,8,Light Rain,Moderate,1,0,0
Zone_41,25,Highway_Junction,GRADUAL_DETERIORATION,2549,42,42.0,24.07,0.573,25.92,57.63,7,Normal,Good,0,0,0
Zone_42,25,University_District,PERIODIC_SPIKE,7369,58,52.2,41.03,0.786,41.3,54.19,6,Normal,Good,1,0,0
Zone_43,25,Commercial_Downtown,STABLE,3988,78,78.0,18.6,0.238,8.81,66.42,7,Normal,Good,0,0,0
Zone_44,25,Suburban_LowDensity,STABLE,3720,70,70.0,14.43,0.206,11.02,63.49,3,Normal,Good,0,0,0
Zone_45,25,Highway_Junction,GRADUAL_DETERIORATION,2987,87,87.0,13.29,0.153,8.51,64.85,4,Normal,Good,0,0,0
Zone_46,25,University_District,GRADUAL_IMPROVEMENT,8049,51,51.0,25.06,0.491,25.47,63.54,3,Normal,Good,0,0,0
Zone_47,25,University_District,RECOVERY_AFTER_DISRUPTION,8056,58,39.38,51.34,1.304,91.81,21.04,6,Light Rain,Moderate,0,0,0
Zone_48,25,Industrial_Corridor,RECOVERY_AFTER_DISRUPTION,3999,72,59.04,27.7,0.469,21.12,59.43,5,Normal,Good,0,0,0
Zone_49,25,University_District,STABLE,11539,59,59.0,52.76,0.894,50.47,45.1,4,Normal,Good,0,0,0
Zone_50,25,University_District,GRADUAL_DETERIORATION,11592,68,68.0,63.99,0.941,61.68,45.36,6,Normal,Good,0,1,1
Zone_01,26,Commercial_Downtown,RECOVERY_AFTER_DISRUPTION,8726,60,49.2,71.41,1.451,88.45,34.5,9,Normal,Good,0,1,1
Zone_02,26,Residential,STABLE,12426,92,92.0,33.27,0.362,16.24,60.51,2,Normal,Good,0,0,0
Zone_03,26,University_District,EVENT_SENSITIVE,7685,63,52.16,35.78,0.686,36.14,49.36,4,Light Rain,Moderate,0,0,0
Zone_04,26,Highway_Junction,GRADUAL_DETERIORATION,2415,72,72.0,9.42,0.131,6.22,64.51,2,Normal,Good,0,0,0
Zone_05,26,Commercial_Downtown,GRADUAL_IMPROVEMENT,8343,66,66.0,37.7,0.571,25.16,56.55,3,Normal,Good,0,0,0
Zone_06,26,University_District,STABLE,8747,86,86.0,30.41,0.354,15.13,63.93,1,Normal,Good,0,0,0
Zone_07,26,University_District,GRADUAL_DETERIORATION,7267,42,42.0,29.31,0.698,38.89,55.68,3,Normal,Good,0,0,0
Zone_08,26,Highway_Junction,PERIODIC_SPIKE,2040,43,43.0,15.01,0.349,13.35,64.2,6,Normal,Good,0,0,0
Zone_09,26,Suburban_LowDensity,PERIODIC_SPIKE,3241,92,76.18,7.31,0.096,10.64,55.72,2,Light Rain,Moderate,0,0,0
Zone_10,26,Residential,GRADUAL_DETERIORATION,15099,47,47.0,53.87,1.146,76.0,38.37,5,Normal,Good,0,1,1
Zone_11,26,Residential,RECOVERY_AFTER_DISRUPTION,9955,43,35.26,44.62,1.265,78.63,38.15,6,Normal,Good,0,2,1
Zone_12,26,Commercial_Downtown,GRADUAL_IMPROVEMENT,8725,68,68.0,29.42,0.433,21.62,59.13,3,Normal,Good,0,0,0
Zone_13,26,Suburban_LowDensity,EVENT_SENSITIVE,1361,75,75.0,4.89,0.065,5.3,66.2,3,Normal,Good,0,0,0
Zone_14,26,University_District,RECOVERY_AFTER_DISRUPTION,10551,99,81.18,67.68,0.834,51.13,51.25,6,Normal,Good,0,3,1
Zone_15,26,Residential,GRADUAL_DETERIORATION,14863,86,86.0,65.3,0.759,41.96,54.18,7,Normal,Good,0,0,0
Zone_16,26,Highway_Junction,GRADUAL_DETERIORATION,1963,84,84.0,14.22,0.169,9.43,61.24,7,Normal,Good,0,0,0
Zone_17,26,Residential,EVENT_SENSITIVE,8064,48,48.0,16.71,0.348,13.93,62.2,3,Normal,Good,0,0,0
Zone_18,26,Industrial_Corridor,STABLE,3295,90,90.0,11.34,0.126,12.34,65.95,1,Normal,Good,0,0,0
Zone_19,26,Industrial_Corridor,EVENT_SENSITIVE,4136,81,81.0,19.39,0.239,12.24,63.37,1,Normal,Good,0,0,0
Zone_20,26,Commercial_Downtown,STABLE,3700,73,73.0,10.6,0.145,5.79,63.71,3,Normal,Good,0,0,0
Zone_21,26,Residential,GRADUAL_DETERIORATION,11645,74,74.0,44.46,0.601,29.01,58.21,2,Normal,Good,0,0,0
Zone_22,26,University_District,GRADUAL_DETERIORATION,7570,76,76.0,55.23,0.727,41.52,51.72,2,Normal,Good,0,0,0
Zone_23,26,Suburban_LowDensity,EVENT_SENSITIVE,2228,53,53.0,6.28,0.118,11.18,61.12,2,Normal,Good,0,0,0
Zone_24,26,Commercial_Downtown,GRADUAL_IMPROVEMENT,8634,99,99.0,34.13,0.345,11.91,63.48,2,Normal,Good,0,0,0
Zone_25,26,Residential,STABLE,10790,71,71.0,30.67,0.432,20.14,58.53,3,Normal,Good,0,0,0
Zone_26,26,University_District,STABLE,7678,75,75.0,37.9,0.505,20.73,58.9,3,Normal,Good,0,0,0
Zone_27,26,Suburban_LowDensity,PERIODIC_SPIKE,4357,81,67.07,15.77,0.235,11.15,55.06,4,Light Rain,Moderate,0,0,0
Zone_28,26,Highway_Junction,PERIODIC_SPIKE,1845,83,83.0,15.03,0.181,9.21,60.58,4,Normal,Good,0,0,0
Zone_29,26,Residential,RECOVERY_AFTER_DISRUPTION,13450,94,77.08,61.32,0.796,47.0,51.23,5,Normal,Good,0,0,0
Zone_30,26,Highway_Junction,GRADUAL_DETERIORATION,2448,66,66.0,18.39,0.279,9.66,61.89,6,Normal,Good,0,1,1
Zone_31,26,Commercial_Downtown,EVENT_SENSITIVE,9364,45,45.0,53.51,1.189,71.21,40.72,16,Normal,Good,0,2,1
Zone_32,26,Commercial_Downtown,GRADUAL_IMPROVEMENT,7248,81,81.0,33.83,0.418,17.67,63.6,3,Normal,Good,0,0,0
Zone_33,26,Commercial_Downtown,RECOVERY_AFTER_DISRUPTION,6945,63,51.66,59.1,1.144,72.46,39.31,9,Normal,Good,0,0,0
Zone_34,26,Industrial_Corridor,GRADUAL_DETERIORATION,3320,51,51.0,12.98,0.255,9.45,63.39,4,Normal,Good,0,0,0
Zone_35,26,Residential,GRADUAL_IMPROVEMENT,15280,95,95.0,32.71,0.344,17.25,61.95,1,Normal,Good,0,1,1
Zone_36,26,Residential,PERIODIC_SPIKE,12737,62,62.0,48.89,0.789,44.24,55.58,6,Normal,Good,0,2,1
Zone_37,26,Residential,RECOVERY_AFTER_DISRUPTION,11474,92,62.46,59.56,0.954,63.93,35.96,3,Light Rain,Moderate,0,1,1
Zone_38,26,Commercial_Downtown,RECOVERY_AFTER_DISRUPTION,9035,94,77.08,68.13,0.884,49.74,49.94,7,Normal,Good,0,0,0
Zone_39,26,Industrial_Corridor,GRADUAL_DETERIORATION,2566,44,44.0,17.75,0.403,18.62,60.91,1,Normal,Good,0,0,0
Zone_40,26,University_District,PERIODIC_SPIKE,7930,55,55.0,40.09,0.729,41.91,56.0,1,Normal,Good,0,0,0
Zone_41,26,Highway_Junction,GRADUAL_DETERIORATION,2549,42,42.0,14.12,0.336,16.03,62.87,2,Normal,Good,0,0,0
Zone_42,26,University_District,PERIODIC_SPIKE,7369,58,58.0,46.33,0.799,45.87,54.4,5,Normal,Good,0,1,1
Zone_43,26,Commercial_Downtown,STABLE,3988,78,78.0,23.73,0.304,12.4,62.43,6,Normal,Good,0,1,1
Zone_44,26,Suburban_LowDensity,STABLE,3720,70,70.0,8.24,0.118,6.72,63.84,0,Normal,Good,0,0,0
Zone_45,26,Highway_Junction,GRADUAL_DETERIORATION,2987,87,87.0,22.4,0.257,7.89,67.04,4,Normal,Good,0,0,0
Zone_46,26,University_District,GRADUAL_IMPROVEMENT,8049,51,51.0,20.08,0.394,20.77,62.05,6,Normal,Good,0,0,0
Zone_47,26,University_District,RECOVERY_AFTER_DISRUPTION,8056,58,47.56,55.47,1.166,75.03,40.65,3,Normal,Good,0,2,1
Zone_48,26,Industrial_Corridor,RECOVERY_AFTER_DISRUPTION,3999,72,59.04,32.19,0.545,26.52,60.0,5,Normal,Good,0,0,0
Zone_49,26,University_District,STABLE,11539,59,59.0,51.6,0.875,51.93,49.49,5,Normal,Good,0,0,0
Zone_50,26,University_District,GRADUAL_DETERIORATION,11592,68,68.0,59.02,0.868,53.31,46.06,2,Normal,Good,0,0,0
Zone_01,27,Commercial_Downtown,RECOVERY_AFTER_DISRUPTION,8726,60,49.2,72.33,1.47,88.93,37.45,16,Normal,Good,0,4,1
Zone_02,27,Residential,STABLE,12426,92,92.0,25.39,0.276,10.88,60.65,1,Normal,Good,0,0,0
Zone_03,27,University_District,EVENT_SENSITIVE,7685,63,63.0,38.2,0.606,30.63,53.69,2,Normal,Good,0,0,0
Zone_04,27,Highway_Junction,GRADUAL_DETERIORATION,2415,72,72.0,12.11,0.168,9.42,60.92,2,Normal,Good,0,0,0
Zone_05,27,Commercial_Downtown,GRADUAL_IMPROVEMENT,8343,66,66.0,36.19,0.548,26.86,58.36,5,Normal,Good,0,0,0
Zone_06,27,University_District,STABLE,8747,86,86.0,33.01,0.384,13.86,63.74,0,Normal,Good,0,0,0
Zone_07,27,University_District,GRADUAL_DETERIORATION,7267,42,42.0,33.75,0.804,43.77,54.59,10,Normal,Good,0,1,1
Zone_08,27,Highway_Junction,PERIODIC_SPIKE,2040,43,43.0,9.76,0.227,7.11,64.95,2,Normal,Good,0,0,0
Zone_09,27,Suburban_LowDensity,PERIODIC_SPIKE,3241,92,92.0,13.0,0.141,3.77,63.14,0,Normal,Good,0,0,0
Zone_10,27,Residential,GRADUAL_DETERIORATION,15099,47,47.0,49.74,1.058,69.06,40.65,6,Normal,Good,0,1,1
Zone_11,27,Residential,RECOVERY_AFTER_DISRUPTION,9955,43,35.26,51.3,1.455,87.67,33.73,10,Normal,Good,0,0,0
Zone_12,27,Commercial_Downtown,GRADUAL_IMPROVEMENT,8725,68,68.0,32.63,0.48,29.14,60.68,4,Normal,Good,0,0,0
Zone_13,27,Suburban_LowDensity,EVENT_SENSITIVE,1361,75,75.0,8.88,0.118,9.34,67.67,2,Normal,Good,0,0,0
Zone_14,27,University_District,RECOVERY_AFTER_DISRUPTION,10551,99,81.18,71.71,0.883,54.56,50.69,8,Normal,Good,0,0,0
Zone_15,27,Residential,GRADUAL_DETERIORATION,14863,86,86.0,65.46,0.761,44.36,54.93,3,Normal,Good,0,0,0
Zone_16,27,Highway_Junction,GRADUAL_DETERIORATION,1963,84,84.0,11.1,0.132,5.46,64.03,4,Normal,Good,0,0,0
Zone_17,27,Residential,EVENT_SENSITIVE,8064,48,48.0,20.75,0.432,17.39,62.42,3,Normal,Good,0,0,0
Zone_18,27,Industrial_Corridor,STABLE,3295,90,90.0,9.27,0.103,9.79,64.47,2,Normal,Good,0,0,0
Zone_19,27,Industrial_Corridor,EVENT_SENSITIVE,4136,81,81.0,8.78,0.108,7.7,64.9,1,Normal,Good,0,0,0
Zone_20,27,Commercial_Downtown,STABLE,3700,73,73.0,9.71,0.133,9.56,62.8,2,Normal,Good,0,0,0
Zone_21,27,Residential,GRADUAL_DETERIORATION,11645,74,74.0,42.49,0.574,30.0,59.98,2,Normal,Good,0,0,0
Zone_22,27,University_District,GRADUAL_DETERIORATION,7570,76,76.0,50.37,0.663,39.02,55.75,7,Normal,Good,0,1,1
Zone_23,27,Suburban_LowDensity,EVENT_SENSITIVE,2228,53,43.88,6.94,0.158,9.51,52.39,1,Light Rain,Moderate,0,0,0
Zone_24,27,Commercial_Downtown,GRADUAL_IMPROVEMENT,8634,99,99.0,28.91,0.292,13.9,64.39,3,Normal,Good,0,0,0
Zone_25,27,Residential,STABLE,10790,71,71.0,27.37,0.385,14.57,61.78,2,Normal,Good,0,0,0
Zone_26,27,University_District,STABLE,7678,75,75.0,41.92,0.559,27.45,56.52,7,Normal,Good,0,0,0
Zone_27,27,Suburban_LowDensity,PERIODIC_SPIKE,4357,81,81.0,10.74,0.133,12.1,63.05,3,Normal,Good,0,0,0
Zone_28,27,Highway_Junction,PERIODIC_SPIKE,1845,83,83.0,13.5,0.163,8.07,64.55,2,Normal,Good,0,0,0
Zone_29,27,Residential,RECOVERY_AFTER_DISRUPTION,13450,94,77.08,58.16,0.755,41.44,52.48,9,Normal,Good,0,0,0
Zone_30,27,Highway_Junction,GRADUAL_DETERIORATION,2448,66,66.0,17.9,0.271,10.18,64.89,2,Normal,Good,0,0,0
Zone_31,27,Commercial_Downtown,EVENT_SENSITIVE,9364,45,37.26,53.12,1.426,94.03,22.51,7,Light Rain,Moderate,0,6,1
Zone_32,27,Commercial_Downtown,GRADUAL_IMPROVEMENT,7248,81,81.0,35.91,0.443,20.95,60.29,9,Normal,Good,0,0,0
Zone_33,27,Commercial_Downtown,RECOVERY_AFTER_DISRUPTION,6945,63,51.66,55.84,1.081,64.41,44.52,4,Normal,Good,0,3,1
Zone_34,27,Industrial_Corridor,GRADUAL_DETERIORATION,3320,51,51.0,17.19,0.337,15.34,63.68,3,Normal,Good,0,0,0
Zone_35,27,Residential,GRADUAL_IMPROVEMENT,15280,95,95.0,31.88,0.336,12.82,62.35,2,Normal,Good,0,0,0
Zone_36,27,Residential,PERIODIC_SPIKE,12737,62,62.0,47.79,0.771,43.11,53.47,11,Normal,Good,0,0,0
Zone_37,27,Residential,RECOVERY_AFTER_DISRUPTION,11474,92,62.46,66.04,1.057,74.89,28.89,7,Light Rain,Moderate,0,2,1
Zone_38,27,Commercial_Downtown,RECOVERY_AFTER_DISRUPTION,9035,94,63.82,68.18,1.068,79.15,26.91,14,Light Rain,Moderate,0,1,1
Zone_39,27,Industrial_Corridor,GRADUAL_DETERIORATION,2566,44,44.0,16.02,0.364,18.67,60.18,3,Normal,Good,0,1,1
Zone_40,27,University_District,PERIODIC_SPIKE,7930,55,55.0,40.34,0.733,40.52,51.77,4,Normal,Good,0,1,1
Zone_41,27,Highway_Junction,GRADUAL_DETERIORATION,2549,42,42.0,14.43,0.344,17.41,60.87,5,Normal,Good,0,0,0
Zone_42,27,University_District,PERIODIC_SPIKE,7369,58,58.0,47.35,0.816,44.3,51.05,5,Normal,Good,0,0,0
Zone_43,27,Commercial_Downtown,STABLE,3988,78,78.0,25.08,0.322,12.93,63.07,6,Normal,Good,0,0,0
Zone_44,27,Suburban_LowDensity,STABLE,3720,70,70.0,6.58,0.094,6.22,65.75,0,Normal,Good,0,0,0
Zone_45,27,Highway_Junction,GRADUAL_DETERIORATION,2987,87,87.0,11.32,0.13,6.98,63.28,2,Normal,Good,0,0,0
Zone_46,27,University_District,GRADUAL_IMPROVEMENT,8049,51,51.0,23.95,0.47,21.06,61.05,4,Normal,Good,0,0,0
Zone_47,27,University_District,RECOVERY_AFTER_DISRUPTION,8056,58,39.38,55.03,1.397,98.31,21.47,7,Light Rain,Moderate,0,3,1
Zone_48,27,Industrial_Corridor,RECOVERY_AFTER_DISRUPTION,3999,72,59.04,29.24,0.495,23.91,57.72,2,Normal,Good,0,1,1
Zone_49,27,University_District,STABLE,11539,59,59.0,53.71,0.91,54.55,49.69,4,Normal,Good,0,1,1
Zone_50,27,University_District,GRADUAL_DETERIORATION,11592,68,68.0,64.25,0.945,60.39,43.67,5,Normal,Good,0,0,0
Zone_01,28,Commercial_Downtown,RECOVERY_AFTER_DISRUPTION,8726,60,49.2,70.67,1.436,87.54,34.57,7,Normal,Good,0,1,1
Zone_02,28,Residential,STABLE,12426,92,76.18,30.16,0.396,21.17,50.63,3,Light Rain,Moderate,0,0,0
Zone_03,28,University_District,EVENT_SENSITIVE,7685,63,63.0,34.5,0.548,24.53,57.44,2,Normal,Good,0,0,0
Zone_04,28,Highway_Junction,GRADUAL_DETERIORATION,2415,72,72.0,17.42,0.242,11.05,60.38,6,Normal,Good,0,0,0
Zone_05,28,Commercial_Downtown,GRADUAL_IMPROVEMENT,8343,66,66.0,29.93,0.453,19.07,59.36,2,Normal,Good,0,0,0
Zone_06,28,University_District,STABLE,8747,86,86.0,33.39,0.388,14.85,61.18,4,Normal,Good,0,0,0
Zone_07,28,University_District,GRADUAL_DETERIORATION,7267,42,42.0,35.9,0.855,48.12,49.38,0,Normal,Good,0,0,0
Zone_08,28,Highway_Junction,PERIODIC_SPIKE,2040,43,43.0,5.01,0.117,5.44,62.96,3,Normal,Good,0,0,0
Zone_09,28,Suburban_LowDensity,PERIODIC_SPIKE,3241,92,92.0,9.36,0.102,9.36,64.11,1,Normal,Good,0,1,1
Zone_10,28,Residential,GRADUAL_DETERIORATION,15099,47,38.92,53.58,1.377,100.0,16.01,6,Light Rain,Moderate,0,2,1
Zone_11,28,Residential,RECOVERY_AFTER_DISRUPTION,9955,43,35.26,54.25,1.539,91.17,30.95,8,Normal,Good,0,0,0
Zone_12,28,Commercial_Downtown,GRADUAL_IMPROVEMENT,8725,68,68.0,39.6,0.582,31.87,57.83,4,Normal,Good,0,0,0
Zone_13,28,Suburban_LowDensity,EVENT_SENSITIVE,1361,75,75.0,3.15,0.042,5.5,62.25,4,Normal,Good,0,0,0
Zone_14,28,University_District,RECOVERY_AFTER_DISRUPTION,10551,99,81.18,58.46,0.72,36.6,54.91,5,Normal,Good,0,0,0
Zone_15,28,Residential,GRADUAL_DETERIORATION,14863,86,86.0,62.4,0.726,37.29,50.21,3,Normal,Good,0,0,0
Zone_16,28,Highway_Junction,GRADUAL_DETERIORATION,1963,84,84.0,12.32,0.147,10.62,63.61,5,Normal,Good,0,0,0
Zone_17,28,Residential,EVENT_SENSITIVE,8064,48,48.0,22.04,0.459,19.9,60.29,2,Normal,Good,0,0,0
Zone_18,28,Industrial_Corridor,STABLE,3295,90,90.0,6.73,0.075,4.56,63.12,1,Normal,Good,0,0,0
Zone_19,28,Industrial_Corridor,EVENT_SENSITIVE,4136,81,81.0,7.33,0.09,8.74,65.12,1,Normal,Good,0,0,0
Zone_20,28,Commercial_Downtown,STABLE,3700,73,73.0,7.39,0.101,8.49,59.65,6,Normal,Good,0,0,0
Zone_21,28,Residential,GRADUAL_DETERIORATION,11645,74,74.0,40.5,0.547,25.28,57.44,2,Normal,Good,0,0,0
Zone_22,28,University_District,GRADUAL_DETERIORATION,7570,76,76.0,44.83,0.59,28.39,57.58,2,Normal,Good,0,0,0
Zone_23,28,Suburban_LowDensity,EVENT_SENSITIVE,2228,53,53.0,2.4,0.045,7.84,62.77,2,Normal,Good,0,1,1
Zone_24,28,Commercial_Downtown,GRADUAL_IMPROVEMENT,8634,99,99.0,25.34,0.256,11.6,61.2,6,Normal,Good,0,1,1
Zone_25,28,Residential,STABLE,10790,71,71.0,36.13,0.509,20.44,56.41,2,Normal,Good,0,0,0
Zone_26,28,University_District,STABLE,7678,75,75.0,35.8,0.477,22.9,58.18,3,Normal,Good,0,0,0
Zone_27,28,Suburban_LowDensity,PERIODIC_SPIKE,4357,81,81.0,13.04,0.161,7.71,64.91,5,Normal,Good,0,0,0
Zone_28,28,Highway_Junction,PERIODIC_SPIKE,1845,83,83.0,13.12,0.158,11.3,59.02,1,Normal,Good,0,0,0
Zone_29,28,Residential,RECOVERY_AFTER_DISRUPTION,13450,94,77.08,59.74,0.775,47.21,51.26,3,Normal,Good,0,0,0
Zone_30,28,Highway_Junction,GRADUAL_DETERIORATION,2448,66,66.0,18.0,0.273,12.0,64.1,2,Normal,Good,0,0,0
Zone_31,28,Commercial_Downtown,EVENT_SENSITIVE,9364,45,45.0,55.72,1.238,76.9,40.04,9,Normal,Good,0,1,1
Zone_32,28,Commercial_Downtown,GRADUAL_IMPROVEMENT,7248,81,81.0,35.16,0.434,22.76,60.43,9,Normal,Good,0,2,1
Zone_33,28,Commercial_Downtown,RECOVERY_AFTER_DISRUPTION,6945,63,51.66,57.6,1.115,67.35,40.35,4,Normal,Good,0,0,0
Zone_34,28,Industrial_Corridor,GRADUAL_DETERIORATION,3320,51,51.0,16.77,0.329,15.9,61.91,3,Normal,Good,0,0,0
Zone_35,28,Residential,GRADUAL_IMPROVEMENT,15280,95,95.0,34.22,0.36,16.16,59.92,1,Normal,Good,0,0,0
Zone_36,28,Residential,PERIODIC_SPIKE,12737,62,51.34,54.05,1.053,74.11,29.55,6,Light Rain,Moderate,0,0,0
Zone_37,28,Residential,RECOVERY_AFTER_DISRUPTION,11474,92,75.44,70.02,0.928,57.24,44.99,6,Normal,Good,0,0,0
Zone_38,28,Commercial_Downtown,RECOVERY_AFTER_DISRUPTION,9035,94,77.08,67.9,0.881,50.62,50.34,14,Normal,Good,0,0,0
Zone_39,28,Industrial_Corridor,GRADUAL_DETERIORATION,2566,44,44.0,16.97,0.386,16.42,62.55,3,Normal,Good,0,0,0
Zone_40,28,University_District,PERIODIC_SPIKE,7930,55,55.0,37.78,0.687,40.67,53.79,4,Normal,Good,0,0,0
Zone_41,28,Highway_Junction,GRADUAL_DETERIORATION,2549,42,42.0,14.01,0.334,12.96,64.74,4,Normal,Good,0,0,0
Zone_42,28,University_District,PERIODIC_SPIKE,7369,58,58.0,39.83,0.687,40.89,53.37,4,Normal,Good,0,1,1
Zone_43,28,Commercial_Downtown,STABLE,3988,78,78.0,23.87,0.306,10.18,62.44,2,Normal,Good,0,0,0
Zone_44,28,Suburban_LowDensity,STABLE,3720,70,57.96,10.3,0.178,7.93,55.0,2,Light Rain,Moderate,0,0,0
Zone_45,28,Highway_Junction,GRADUAL_DETERIORATION,2987,87,72.04,16.6,0.23,11.56,56.81,7,Light Rain,Moderate,0,0,0
Zone_46,28,University_District,GRADUAL_IMPROVEMENT,8049,51,51.0,25.94,0.509,20.12,60.58,5,Normal,Good,0,0,0
Zone_47,28,University_District,RECOVERY_AFTER_DISRUPTION,8056,58,47.56,55.31,1.163,77.65,37.14,6,Normal,Good,0,2,1
Zone_48,28,Industrial_Corridor,RECOVERY_AFTER_DISRUPTION,3999,72,59.04,30.73,0.52,27.69,55.14,3,Normal,Good,0,0,0
Zone_49,28,University_District,STABLE,11539,59,59.0,50.84,0.862,50.53,50.22,5,Normal,Good,0,0,0
Zone_50,28,University_District,GRADUAL_DETERIORATION,11592,68,68.0,65.58,0.964,54.24,49.39,6,Normal,Good,0,0,0
Zone_01,29,Commercial_Downtown,RECOVERY_AFTER_DISRUPTION,8726,60,60.0,65.36,1.089,71.61,41.18,7,Normal,Good,0,0,0
Zone_02,29,Residential,STABLE,12426,92,92.0,34.19,0.372,17.22,64.07,4,Normal,Good,0,0,0
Zone_03,29,University_District,EVENT_SENSITIVE,7685,63,63.0,27.21,0.432,20.88,62.84,2,Normal,Good,0,0,0
Zone_04,29,Highway_Junction,GRADUAL_DETERIORATION,2415,72,72.0,24.03,0.334,15.36,63.25,4,Normal,Good,0,0,0
Zone_05,29,Commercial_Downtown,GRADUAL_IMPROVEMENT,8343,66,66.0,28.08,0.425,18.16,62.61,4,Normal,Good,0,0,0
Zone_06,29,University_District,STABLE,8747,86,86.0,30.27,0.352,16.13,62.62,5,Normal,Good,0,1,1
Zone_07,29,University_District,GRADUAL_DETERIORATION,7267,42,42.0,36.29,0.864,53.18,52.6,7,Normal,Good,0,0,0
Zone_08,29,Highway_Junction,PERIODIC_SPIKE,2040,43,43.0,0.0,0.0,4.46,61.79,3,Normal,Good,0,0,0
Zone_09,29,Suburban_LowDensity,PERIODIC_SPIKE,3241,92,92.0,14.15,0.154,12.01,63.38,1,Normal,Good,0,0,0
Zone_10,29,Residential,GRADUAL_DETERIORATION,15099,47,47.0,55.45,1.18,71.5,40.82,11,Normal,Good,0,2,1
Zone_11,29,Residential,RECOVERY_AFTER_DISRUPTION,9955,43,35.6,49.75,1.397,96.84,21.39,10,Light Rain,Moderate,0,3,1
Zone_12,29,Commercial_Downtown,GRADUAL_IMPROVEMENT,8725,68,68.0,45.28,0.666,31.6,57.34,8,Normal,Good,0,2,1
Zone_13,29,Suburban_LowDensity,EVENT_SENSITIVE,1361,75,75.0,0.0,0.0,9.65,64.91,0,Normal,Good,0,0,0
Zone_14,29,University_District,RECOVERY_AFTER_DISRUPTION,10551,99,99.0,58.09,0.587,31.16,54.98,2,Normal,Good,0,0,0
Zone_15,29,Residential,GRADUAL_DETERIORATION,14863,86,86.0,64.0,0.744,35.32,57.69,4,Normal,Good,0,1,1
Zone_16,29,Highway_Junction,GRADUAL_DETERIORATION,1963,84,84.0,17.73,0.211,11.78,63.05,6,Normal,Good,0,0,0
Zone_17,29,Residential,EVENT_SENSITIVE,8064,48,39.74,18.2,0.458,21.59,52.18,1,Light Rain,Moderate,0,0,0
Zone_18,29,Industrial_Corridor,STABLE,3295,90,90.0,6.58,0.073,4.99,62.62,1,Normal,Good,0,0,0
Zone_19,29,Industrial_Corridor,EVENT_SENSITIVE,4136,81,81.0,11.34,0.14,6.65,63.99,0,Normal,Good,0,0,0
Zone_20,29,Commercial_Downtown,STABLE,3700,73,60.44,7.82,0.129,8.23,58.42,6,Light Rain,Moderate,0,0,0
Zone_21,29,Residential,GRADUAL_DETERIORATION,11645,74,74.0,41.92,0.566,27.62,59.63,3,Normal,Good,0,0,0
Zone_22,29,University_District,GRADUAL_DETERIORATION,7570,76,76.0,44.95,0.591,35.14,54.97,5,Normal,Good,0,1,1
Zone_23,29,Suburban_LowDensity,EVENT_SENSITIVE,2228,53,53.0,9.66,0.182,11.36,65.68,1,Normal,Good,0,0,0
Zone_24,29,Commercial_Downtown,GRADUAL_IMPROVEMENT,8634,99,81.97,32.1,0.392,19.34,58.2,6,Light Rain,Moderate,0,0,0
Zone_25,29,Residential,STABLE,10790,71,71.0,31.96,0.45,27.08,58.99,2,Normal,Good,0,0,0
Zone_26,29,University_District,STABLE,7678,75,75.0,36.38,0.485,23.48,61.11,7,Normal,Good,0,0,0
Zone_27,29,Suburban_LowDensity,PERIODIC_SPIKE,4357,81,81.0,11.68,0.144,10.0,60.71,2,Normal,Good,0,0,0
Zone_28,29,Highway_Junction,PERIODIC_SPIKE,1845,83,83.0,14.95,0.18,7.59,66.06,7,Normal,Good,0,0,0
Zone_29,29,Residential,RECOVERY_AFTER_DISRUPTION,13450,94,94.0,61.75,0.657,31.87,58.58,4,Normal,Good,0,2,1
Zone_30,29,Highway_Junction,GRADUAL_DETERIORATION,2448,66,66.0,18.57,0.281,14.78,61.2,5,Normal,Good,0,0,0
Zone_31,29,Commercial_Downtown,EVENT_SENSITIVE,9364,45,45.0,47.06,1.046,66.25,45.39,7,Normal,Good,0,0,0
Zone_32,29,Commercial_Downtown,GRADUAL_IMPROVEMENT,7248,81,81.0,32.01,0.395,15.87,66.12,4,Normal,Good,0,0,0
Zone_33,29,Commercial_Downtown,RECOVERY_AFTER_DISRUPTION,6945,63,63.0,51.13,0.812,45.2,50.8,9,Normal,Good,0,1,1
Zone_34,29,Industrial_Corridor,GRADUAL_DETERIORATION,3320,51,51.0,11.61,0.228,15.19,62.94,1,Normal,Good,0,0,0
Zone_35,29,Residential,GRADUAL_IMPROVEMENT,15280,95,95.0,34.15,0.359,14.31,62.29,1,Normal,Good,0,0,0
Zone_36,29,Residential,PERIODIC_SPIKE,12737,62,62.0,48.2,0.777,41.18,54.45,6,Normal,Good,0,1,1
Zone_37,29,Residential,RECOVERY_AFTER_DISRUPTION,11474,92,92.0,59.88,0.651,32.37,55.85,2,Normal,Good,0,0,0
Zone_38,29,Commercial_Downtown,RECOVERY_AFTER_DISRUPTION,9035,94,94.0,64.87,0.69,38.43,52.88,5,Normal,Good,0,0,0
Zone_39,29,Industrial_Corridor,GRADUAL_DETERIORATION,2566,44,44.0,13.26,0.301,11.77,62.53,0,Normal,Good,0,0,0
Zone_40,29,University_District,PERIODIC_SPIKE,7930,55,55.0,37.32,0.679,36.15,56.39,4,Normal,Good,0,0,0
Zone_41,29,Highway_Junction,GRADUAL_DETERIORATION,2549,42,42.0,14.72,0.35,17.46,62.86,6,Normal,Good,0,0,0
Zone_42,29,University_District,PERIODIC_SPIKE,7369,58,58.0,32.64,0.563,27.78,57.7,3,Normal,Good,0,0,0
Zone_43,29,Commercial_Downtown,STABLE,3988,78,78.0,24.95,0.32,11.98,61.59,2,Normal,Good,0,0,0
Zone_44,29,Suburban_LowDensity,STABLE,3720,70,70.0,4.46,0.064,6.85,64.23,1,Normal,Good,0,0,0
Zone_45,29,Highway_Junction,GRADUAL_DETERIORATION,2987,87,72.04,22.45,0.312,20.72,52.71,2,Light Rain,Moderate,0,0,0
Zone_46,29,University_District,GRADUAL_IMPROVEMENT,8049,51,51.0,34.27,0.672,35.58,54.74,2,Normal,Good,0,0,0
Zone_47,29,University_District,RECOVERY_AFTER_DISRUPTION,8056,58,58.0,58.52,1.009,64.99,45.64,6,Normal,Good,0,1,1
Zone_48,29,Industrial_Corridor,RECOVERY_AFTER_DISRUPTION,3999,72,72.0,34.53,0.48,16.83,60.55,3,Normal,Good,0,0,0
Zone_49,29,University_District,STABLE,11539,59,59.0,56.89,0.964,61.08,46.47,2,Normal,Good,0,0,0
Zone_50,29,University_District,GRADUAL_DETERIORATION,11592,68,68.0,59.68,0.878,51.3,49.26,6,Normal,Good,0,0,0
Zone_01,30,Commercial_Downtown,RECOVERY_AFTER_DISRUPTION,8726,60,60.0,65.76,1.096,71.69,42.24,6,Normal,Good,0,0,0
Zone_02,30,Residential,STABLE,12426,92,92.0,36.05,0.392,21.74,60.18,2,Normal,Good,0,1,1
Zone_03,30,University_District,EVENT_SENSITIVE,7685,63,63.0,27.83,0.442,15.49,62.87,2,Normal,Good,0,1,1
Zone_04,30,Highway_Junction,GRADUAL_DETERIORATION,2415,72,72.0,26.07,0.362,20.48,63.21,3,Normal,Good,0,0,0
Zone_05,30,Commercial_Downtown,GRADUAL_IMPROVEMENT,8343,66,66.0,25.5,0.386,16.59,62.14,4,Normal,Good,0,1,1
Zone_06,30,University_District,STABLE,8747,86,86.0,35.67,0.415,21.03,61.98,4,Normal,Good,0,0,0
Zone_07,30,University_District,GRADUAL_DETERIORATION,7267,42,42.0,37.03,0.882,53.79,49.69,3,Normal,Good,0,0,0
Zone_08,30,Highway_Junction,PERIODIC_SPIKE,2040,43,38.7,5.81,0.15,9.88,64.4,6,Normal,Good,1,0,0
Zone_09,30,Suburban_LowDensity,PERIODIC_SPIKE,3241,92,82.8,16.63,0.201,10.28,63.4,7,Normal,Good,1,0,0
Zone_10,30,Residential,GRADUAL_DETERIORATION,15099,47,47.0,53.04,1.129,71.0,44.08,11,Normal,Good,0,0,0
Zone_11,30,Residential,RECOVERY_AFTER_DISRUPTION,9955,43,43.0,42.78,0.995,64.19,44.34,7,Normal,Good,0,0,0
Zone_12,30,Commercial_Downtown,GRADUAL_IMPROVEMENT,8725,68,68.0,43.46,0.639,32.67,57.44,8,Normal,Good,0,0,0
Zone_13,30,Suburban_LowDensity,EVENT_SENSITIVE,1361,75,75.0,0.0,0.0,8.23,65.71,4,Normal,Good,0,2,1
Zone_14,30,University_District,RECOVERY_AFTER_DISRUPTION,10551,99,99.0,61.42,0.62,32.35,57.85,5,Normal,Good,0,1,1
Zone_15,30,Residential,GRADUAL_DETERIORATION,14863,86,86.0,66.34,0.771,41.09,53.11,9,Normal,Good,0,0,0
Zone_16,30,Highway_Junction,GRADUAL_DETERIORATION,1963,84,84.0,13.08,0.156,4.41,64.55,3,Normal,Good,0,0,0
Zone_17,30,Residential,EVENT_SENSITIVE,8064,48,48.0,26.37,0.549,29.46,59.37,3,Normal,Good,0,0,0
Zone_18,30,Industrial_Corridor,STABLE,3295,90,90.0,1.7,0.019,2.46,64.65,2,Normal,Good,0,0,0
Zone_19,30,Industrial_Corridor,EVENT_SENSITIVE,4136,81,81.0,12.83,0.158,8.53,62.35,0,Normal,Good,0,0,0
Zone_20,30,Commercial_Downtown,STABLE,3700,73,73.0,7.15,0.098,11.02,57.49,0,Normal,Good,0,0,0
Zone_21,30,Residential,GRADUAL_DETERIORATION,11645,74,74.0,49.97,0.675,36.66,53.02,3,Normal,Good,0,0,0
Zone_22,30,University_District,GRADUAL_DETERIORATION,7570,76,76.0,49.21,0.647,30.69,57.25,4,Normal,Good,0,0,0
Zone_23,30,Suburban_LowDensity,EVENT_SENSITIVE,2228,53,43.88,5.45,0.124,10.97,51.69,3,Light Rain,Moderate,0,0,0
Zone_24,30,Commercial_Downtown,GRADUAL_IMPROVEMENT,8634,99,99.0,37.4,0.378,15.09,59.77,6,Normal,Good,0,0,0
Zone_25,30,Residential,STABLE,10790,71,58.79,27.67,0.471,23.41,53.82,1,Light Rain,Moderate,0,1,1
Zone_26,30,University_District,STABLE,7678,75,75.0,31.12,0.415,19.2,61.78,3,Normal,Good,0,0,0
Zone_27,30,Suburban_LowDensity,PERIODIC_SPIKE,4357,81,72.9,16.14,0.221,14.38,63.02,6,Normal,Good,1,0,0
Zone_28,30,Highway_Junction,PERIODIC_SPIKE,1845,83,74.7,19.62,0.263,13.34,59.71,9,Normal,Good,1,0,0
Zone_29,30,Residential,RECOVERY_AFTER_DISRUPTION,13450,94,77.83,59.08,0.759,46.12,42.85,8,Light Rain,Moderate,0,2,1
Zone_30,30,Highway_Junction,GRADUAL_DETERIORATION,2448,66,54.65,20.3,0.371,20.26,55.66,5,Light Rain,Moderate,0,0,0
Zone_31,30,Commercial_Downtown,EVENT_SENSITIVE,9364,45,45.0,43.62,0.969,62.73,46.28,7,Normal,Good,0,0,0
Zone_32,30,Commercial_Downtown,GRADUAL_IMPROVEMENT,7248,81,81.0,29.14,0.36,16.71,61.94,2,Normal,Good,0,0,0
Zone_33,30,Commercial_Downtown,RECOVERY_AFTER_DISRUPTION,6945,63,63.0,52.34,0.831,46.15,53.61,9,Normal,Good,0,0,0
Zone_34,30,Industrial_Corridor,GRADUAL_DETERIORATION,3320,51,42.23,15.17,0.359,15.17,55.0,1,Light Rain,Moderate,0,0,0
Zone_35,30,Residential,GRADUAL_IMPROVEMENT,15280,95,95.0,34.92,0.368,14.04,62.2,1,Normal,Good,0,0,0
Zone_36,30,Residential,PERIODIC_SPIKE,12737,62,55.8,54.91,0.984,57.88,47.32,10,Normal,Good,1,1,1
Zone_37,30,Residential,RECOVERY_AFTER_DISRUPTION,11474,92,92.0,44.6,0.485,23.26,60.6,2,Normal,Good,0,1,1
Zone_38,30,Commercial_Downtown,RECOVERY_AFTER_DISRUPTION,9035,94,94.0,68.72,0.731,42.42,55.26,3,Normal,Good,0,0,0
Zone_39,30,Industrial_Corridor,GRADUAL_DETERIORATION,2566,44,44.0,17.2,0.391,21.19,62.0,4,Normal,Good,0,0,0
Zone_40,30,University_District,PERIODIC_SPIKE,7930,55,49.5,43.96,0.888,54.86,47.94,8,Normal,Good,1,2,1
Zone_41,30,Highway_Junction,GRADUAL_DETERIORATION,2549,42,42.0,18.95,0.451,17.72,63.54,4,Normal,Good,0,0,0
Zone_42,30,University_District,PERIODIC_SPIKE,7369,58,52.2,37.05,0.71,37.64,53.76,10,Normal,Good,1,0,0
Zone_43,30,Commercial_Downtown,STABLE,3988,78,78.0,20.09,0.258,13.56,65.86,5,Normal,Good,0,0,0
Zone_44,30,Suburban_LowDensity,STABLE,3720,70,57.96,7.48,0.129,8.14,58.55,1,Light Rain,Moderate,0,0,0
Zone_45,30,Highway_Junction,GRADUAL_DETERIORATION,2987,87,87.0,24.12,0.277,11.74,62.72,9,Normal,Good,0,0,0
Zone_46,30,University_District,GRADUAL_IMPROVEMENT,8049,51,42.23,35.97,0.852,56.2,40.52,4,Light Rain,Moderate,0,0,0
Zone_47,30,University_District,RECOVERY_AFTER_DISRUPTION,8056,58,58.0,50.42,0.869,51.79,48.21,8,Normal,Good,0,0,0
Zone_48,30,Industrial_Corridor,RECOVERY_AFTER_DISRUPTION,3999,72,72.0,34.0,0.472,20.15,58.99,4,Normal,Good,0,0,0
Zone_49,30,University_District,STABLE,11539,59,59.0,52.64,0.892,51.58,52.58,4,Normal,Good,0,2,1
Zone_50,30,University_District,GRADUAL_DETERIORATION,11592,68,68.0,63.57,0.935,58.04,48.53,5,Normal,Good,0,0,0
Zone_01,31,Commercial_Downtown,RECOVERY_AFTER_DISRUPTION,8726,60,35.1,60.56,1.725,100.0,10.0,12,Heavy Rain,Poor,0,3,1
Zone_02,31,Residential,STABLE,12426,92,53.82,48.63,0.904,73.96,20.23,8,Heavy Rain,Poor,0,0,0
Zone_03,31,University_District,EVENT_SENSITIVE,7685,63,52.16,29.7,0.569,33.96,49.84,3,Light Rain,Moderate,0,0,0
Zone_04,31,Highway_Junction,GRADUAL_DETERIORATION,2415,72,42.12,24.55,0.583,42.16,32.54,8,Heavy Rain,Poor,0,0,0
Zone_05,31,Commercial_Downtown,GRADUAL_IMPROVEMENT,8343,66,54.65,30.13,0.551,32.99,44.33,6,Light Rain,Moderate,0,0,0
Zone_06,31,University_District,STABLE,8747,86,50.31,30.61,0.608,36.62,36.12,7,Heavy Rain,Poor,0,0,0
Zone_07,31,University_District,GRADUAL_DETERIORATION,7267,42,34.78,37.09,1.066,74.38,33.68,6,Light Rain,Moderate,0,0,0
Zone_08,31,Highway_Junction,PERIODIC_SPIKE,2040,43,43.0,9.28,0.216,11.58,63.91,3,Normal,Good,0,0,0
Zone_09,31,Suburban_LowDensity,PERIODIC_SPIKE,3241,92,92.0,15.11,0.164,8.54,68.53,1,Normal,Good,0,0,0
Zone_10,31,Residential,GRADUAL_DETERIORATION,15099,47,38.92,55.12,1.416,99.04,19.48,12,Light Rain,Moderate,0,1,1
Zone_11,31,Residential,RECOVERY_AFTER_DISRUPTION,9955,43,35.6,39.49,1.109,76.67,29.78,11,Light Rain,Moderate,0,3,1
Zone_12,31,Commercial_Downtown,GRADUAL_IMPROVEMENT,8725,68,56.3,46.79,0.831,55.72,38.85,12,Light Rain,Moderate,0,0,0
Zone_13,31,Suburban_LowDensity,EVENT_SENSITIVE,1361,75,75.0,0.0,0.0,5.36,67.41,0,Normal,Good,0,0,0
Zone_14,31,University_District,RECOVERY_AFTER_DISRUPTION,10551,99,81.97,62.02,0.757,50.58,39.62,4,Light Rain,Moderate,0,0,0
Zone_15,31,Residential,GRADUAL_DETERIORATION,14863,86,71.21,62.98,0.884,55.78,42.34,10,Light Rain,Moderate,0,0,0
Zone_16,31,Highway_Junction,GRADUAL_DETERIORATION,1963,84,49.14,15.16,0.309,22.81,37.19,5,Heavy Rain,Poor,0,0,0
Zone_17,31,Residential,EVENT_SENSITIVE,8064,48,28.08,24.42,0.87,65.22,23.64,5,Heavy Rain,Poor,0,1,1
Zone_18,31,Industrial_Corridor,STABLE,3295,90,52.65,6.79,0.129,8.93,39.48,2,Heavy Rain,Poor,0,0,0
Zone_19,31,Industrial_Corridor,EVENT_SENSITIVE,4136,81,81.0,12.5,0.154,7.6,60.45,4,Normal,Good,0,0,0
Zone_20,31,Commercial_Downtown,STABLE,3700,73,42.71,9.66,0.226,10.49,41.45,5,Heavy Rain,Poor,0,0,0
Zone_21,31,Residential,GRADUAL_DETERIORATION,11645,74,61.27,53.36,0.871,56.87,42.27,5,Light Rain,Moderate,0,2,1
Zone_22,31,University_District,GRADUAL_DETERIORATION,7570,76,44.46,43.48,0.978,77.19,14.73,7,Heavy Rain,Poor,0,3,1
Zone_23,31,Suburban_LowDensity,EVENT_SENSITIVE,2228,53,43.88,9.11,0.208,7.27,55.69,0,Light Rain,Moderate,0,0,0
Zone_24,31,Commercial_Downtown,GRADUAL_IMPROVEMENT,8634,99,57.91,36.01,0.622,36.93,35.1,5,Heavy Rain,Poor,0,2,1
Zone_25,31,Residential,STABLE,10790,71,41.54,22.07,0.531,30.88,35.22,1,Heavy Rain,Poor,0,0,0
Zone_26,31,University_District,STABLE,7678,75,43.88,21.86,0.498,30.31,37.63,4,Heavy Rain,Poor,0,0,0
Zone_27,31,Suburban_LowDensity,PERIODIC_SPIKE,4357,81,47.38,13.9,0.293,17.28,38.35,6,Heavy Rain,Poor,0,1,1
Zone_28,31,Highway_Junction,PERIODIC_SPIKE,1845,83,68.72,8.36,0.122,9.62,53.15,4,Light Rain,Moderate,0,0,0
Zone_29,31,Residential,RECOVERY_AFTER_DISRUPTION,13450,94,54.99,55.67,1.012,82.67,12.64,12,Heavy Rain,Poor,0,2,1
Zone_30,31,Highway_Junction,GRADUAL_DETERIORATION,2448,66,38.61,22.46,0.582,36.15,38.36,7,Heavy Rain,Poor,0,0,0
Zone_31,31,Commercial_Downtown,EVENT_SENSITIVE,9364,45,26.33,48.85,1.855,100.0,10.0,16,Heavy Rain,Poor,0,2,1
Zone_32,31,Commercial_Downtown,GRADUAL_IMPROVEMENT,7248,81,67.07,33.71,0.503,26.33,51.84,5,Light Rain,Moderate,0,0,0
Zone_33,31,Commercial_Downtown,RECOVERY_AFTER_DISRUPTION,6945,63,52.16,52.57,1.008,72.78,34.0,9,Light Rain,Moderate,0,3,1
Zone_34,31,Industrial_Corridor,GRADUAL_DETERIORATION,3320,51,29.84,12.73,0.427,24.79,36.0,5,Heavy Rain,Poor,0,1,1
Zone_35,31,Residential,GRADUAL_IMPROVEMENT,15280,95,55.58,27.59,0.496,28.51,39.45,3,Heavy Rain,Poor,0,2,1
Zone_36,31,Residential,PERIODIC_SPIKE,12737,62,36.27,49.57,1.367,100.0,10.0,18,Heavy Rain,Poor,0,4,1
Zone_37,31,Residential,RECOVERY_AFTER_DISRUPTION,11474,92,53.82,43.92,0.816,57.36,25.82,1,Heavy Rain,Poor,0,1,1
Zone_38,31,Commercial_Downtown,RECOVERY_AFTER_DISRUPTION,9035,94,54.99,63.14,1.148,92.67,12.76,7,Heavy Rain,Poor,0,2,1
Zone_39,31,Industrial_Corridor,GRADUAL_DETERIORATION,2566,44,36.43,18.01,0.494,27.08,52.05,3,Light Rain,Moderate,0,0,0
Zone_40,31,University_District,PERIODIC_SPIKE,7930,55,45.54,44.04,0.967,64.78,37.66,4,Light Rain,Moderate,0,0,0
Zone_41,31,Highway_Junction,GRADUAL_DETERIORATION,2549,42,24.57,19.05,0.775,55.24,26.36,9,Heavy Rain,Poor,0,0,0
Zone_42,31,University_District,PERIODIC_SPIKE,7369,58,48.02,33.35,0.695,40.33,48.56,7,Light Rain,Moderate,0,1,1
Zone_43,31,Commercial_Downtown,STABLE,3988,78,64.58,18.76,0.29,15.2,53.68,4,Light Rain,Moderate,0,0,0
Zone_44,31,Suburban_LowDensity,STABLE,3720,70,40.95,16.74,0.409,24.11,35.99,7,Heavy Rain,Poor,0,1,1
Zone_45,31,Highway_Junction,GRADUAL_DETERIORATION,2987,87,87.0,22.76,0.262,13.87,61.22,8,Normal,Good,0,0,0
Zone_46,31,University_District,GRADUAL_IMPROVEMENT,8049,51,51.0,27.45,0.538,29.05,56.23,6,Normal,Good,0,0,0
Zone_47,31,University_District,RECOVERY_AFTER_DISRUPTION,8056,58,48.02,51.25,1.067,72.94,31.43,2,Light Rain,Moderate,0,1,1
Zone_48,31,Industrial_Corridor,RECOVERY_AFTER_DISRUPTION,3999,72,42.12,32.24,0.765,54.17,27.08,7,Heavy Rain,Poor,0,0,0
Zone_49,31,University_District,STABLE,11539,59,59.0,54.72,0.927,56.49,47.58,5,Normal,Good,0,0,0
Zone_50,31,University_District,GRADUAL_DETERIORATION,11592,68,39.78,67.85,1.706,100.0,10.0,10,Heavy Rain,Poor,0,4,1
Zone_01,32,Commercial_Downtown,RECOVERY_AFTER_DISRUPTION,8726,60,49.68,58.52,1.178,89.52,22.26,10,Light Rain,Moderate,0,2,1
Zone_02,32,Residential,STABLE,12426,92,53.82,49.52,0.92,71.16,18.61,7,Heavy Rain,Poor,0,1,1
Zone_03,32,University_District,EVENT_SENSITIVE,7685,63,52.16,26.9,0.516,26.54,53.69,3,Light Rain,Moderate,0,0,0
Zone_04,32,Highway_Junction,GRADUAL_DETERIORATION,2415,72,42.12,18.64,0.443,28.18,35.61,1,Heavy Rain,Poor,0,1,1
Zone_05,32,Commercial_Downtown,GRADUAL_IMPROVEMENT,8343,66,66.0,26.42,0.4,13.3,61.84,7,Normal,Good,0,0,0
Zone_06,32,University_District,STABLE,8747,86,71.21,33.74,0.474,21.08,53.72,3,Light Rain,Moderate,0,0,0
Zone_07,32,University_District,GRADUAL_DETERIORATION,7267,42,34.78,45.23,1.3,93.9,23.68,7,Light Rain,Moderate,0,2,1
Zone_08,32,Highway_Junction,PERIODIC_SPIKE,2040,43,43.0,8.73,0.203,8.82,60.73,3,Normal,Good,0,0,0
Zone_09,32,Suburban_LowDensity,PERIODIC_SPIKE,3241,92,76.18,11.57,0.152,9.42,56.0,3,Light Rain,Moderate,0,0,0
Zone_10,32,Residential,GRADUAL_DETERIORATION,15099,47,27.5,56.14,2.041,100.0,10.0,11,Heavy Rain,Poor,0,3,1
Zone_11,32,Residential,RECOVERY_AFTER_DISRUPTION,9955,43,25.16,32.58,1.295,100.0,10.0,13,Heavy Rain,Poor,0,1,1
Zone_12,32,Commercial_Downtown,GRADUAL_IMPROVEMENT,8725,68,39.78,40.47,1.017,79.55,19.41,11,Heavy Rain,Poor,0,4,1
Zone_13,32,Suburban_LowDensity,EVENT_SENSITIVE,1361,75,62.1,0.0,0.0,8.83,57.68,1,Light Rain,Moderate,0,0,0
Zone_14,32,University_District,RECOVERY_AFTER_DISRUPTION,10551,99,57.91,58.89,1.017,86.32,12.94,7,Heavy Rain,Poor,0,1,1
Zone_15,32,Residential,GRADUAL_DETERIORATION,14863,86,71.21,61.79,0.868,57.22,35.93,8,Light Rain,Moderate,0,1,1
Zone_16,32,Highway_Junction,GRADUAL_DETERIORATION,1963,84,84.0,15.57,0.185,8.45,63.23,2,Normal,Good,0,0,0
Zone_17,32,Residential,EVENT_SENSITIVE,8064,48,28.08,17.11,0.609,43.06,34.69,6,Heavy Rain,Poor,0,4,1
Zone_18,32,Industrial_Corridor,STABLE,3295,90,74.52,1.27,0.017,7.62,55.33,2,Light Rain,Moderate,0,0,0
Zone_19,32,Industrial_Corridor,EVENT_SENSITIVE,4136,81,47.38,20.44,0.431,23.54,39.1,5,Heavy Rain,Poor,0,0,0
Zone_20,32,Commercial_Downtown,STABLE,3700,73,42.71,11.5,0.269,16.76,39.45,5,Heavy Rain,Poor,0,0,0
Zone_21,32,Residential,GRADUAL_DETERIORATION,11645,74,74.0,48.61,0.657,32.96,59.46,6,Normal,Good,0,0,0
Zone_22,32,University_District,GRADUAL_DETERIORATION,7570,76,76.0,45.79,0.603,29.22,56.67,4,Normal,Good,0,0,0
Zone_23,32,Suburban_LowDensity,EVENT_SENSITIVE,2228,53,43.88,12.31,0.281,17.68,51.93,2,Light Rain,Moderate,0,0,0
Zone_24,32,Commercial_Downtown,GRADUAL_IMPROVEMENT,8634,99,99.0,32.9,0.332,16.08,62.02,5,Normal,Good,0,0,0
Zone_25,32,Residential,STABLE,10790,71,41.54,25.29,0.609,44.38,32.36,5,Heavy Rain,Poor,0,1,1
Zone_26,32,University_District,STABLE,7678,75,75.0,26.52,0.354,13.25,61.69,2,Normal,Good,0,0,0
Zone_27,32,Suburban_LowDensity,PERIODIC_SPIKE,4357,81,67.07,14.61,0.218,14.43,55.33,0,Light Rain,Moderate,0,0,0
Zone_28,32,Highway_Junction,PERIODIC_SPIKE,1845,83,48.56,6.3,0.13,11.18,43.05,4,Heavy Rain,Poor,0,0,0
Zone_29,32,Residential,RECOVERY_AFTER_DISRUPTION,13450,94,77.83,56.9,0.731,42.05,46.52,5,Light Rain,Moderate,0,0,0
Zone_30,32,Highway_Junction,GRADUAL_DETERIORATION,2448,66,38.61,24.23,0.628,41.13,31.71,5,Heavy Rain,Poor,0,0,0
Zone_31,32,Commercial_Downtown,EVENT_SENSITIVE,9364,45,37.26,54.73,1.469,100.0,19.53,13,Light Rain,Moderate,0,0,0
Zone_32,32,Commercial_Downtown,GRADUAL_IMPROVEMENT,7248,81,47.38,32.46,0.685,45.07,29.81,14,Heavy Rain,Poor,0,3,1
Zone_33,32,Commercial_Downtown,RECOVERY_AFTER_DISRUPTION,6945,63,63.0,49.57,0.787,45.2,52.75,6,Normal,Good,0,1,1
Zone_34,32,Industrial_Corridor,GRADUAL_DETERIORATION,3320,51,51.0,16.64,0.326,14.76,64.09,4,Normal,Good,0,0,0
Zone_35,32,Residential,GRADUAL_IMPROVEMENT,15280,95,78.66,26.83,0.341,11.05,55.92,3,Light Rain,Moderate,0,0,0
Zone_36,32,Residential,PERIODIC_SPIKE,12737,62,51.34,46.09,0.898,62.78,33.15,9,Light Rain,Moderate,0,1,1
Zone_37,32,Residential,RECOVERY_AFTER_DISRUPTION,11474,92,76.18,46.72,0.613,35.94,47.57,7,Light Rain,Moderate,0,0,0
Zone_38,32,Commercial_Downtown,RECOVERY_AFTER_DISRUPTION,9035,94,54.99,57.55,1.047,80.21,18.31,8,Heavy Rain,Poor,0,2,1
Zone_39,32,Industrial_Corridor,GRADUAL_DETERIORATION,2566,44,25.74,17.7,0.688,48.92,27.59,6,Heavy Rain,Poor,0,5,1
Zone_40,32,University_District,PERIODIC_SPIKE,7930,55,32.17,42.55,1.323,100.0,10.0,8,Heavy Rain,Poor,0,1,1
Zone_41,32,Highway_Junction,GRADUAL_DETERIORATION,2549,42,42.0,16.54,0.394,15.71,63.31,6,Normal,Good,0,0,0
Zone_42,32,University_District,PERIODIC_SPIKE,7369,58,58.0,36.17,0.624,32.41,53.55,2,Normal,Good,0,0,0
Zone_43,32,Commercial_Downtown,STABLE,3988,78,64.58,17.45,0.27,10.63,55.71,6,Light Rain,Moderate,0,0,0
Zone_44,32,Suburban_LowDensity,STABLE,3720,70,40.95,14.76,0.36,22.65,35.96,4,Heavy Rain,Poor,0,1,1
Zone_45,32,Highway_Junction,GRADUAL_DETERIORATION,2987,87,72.04,24.57,0.341,18.92,53.48,6,Light Rain,Moderate,0,0,0
Zone_46,32,University_District,GRADUAL_IMPROVEMENT,8049,51,51.0,24.76,0.485,24.82,61.64,4,Normal,Good,0,0,0
Zone_47,32,University_District,RECOVERY_AFTER_DISRUPTION,8056,58,33.93,43.41,1.279,100.0,10.0,12,Heavy Rain,Poor,0,1,1
Zone_48,32,Industrial_Corridor,RECOVERY_AFTER_DISRUPTION,3999,72,42.12,27.59,0.655,46.54,27.97,5,Heavy Rain,Poor,0,1,1
Zone_49,32,University_District,STABLE,11539,59,34.52,54.83,1.588,100.0,10.0,14,Heavy Rain,Poor,0,2,1
Zone_50,32,University_District,GRADUAL_DETERIORATION,11592,68,56.3,67.52,1.199,86.43,24.32,4,Light Rain,Moderate,0,3,1
Zone_01,33,Commercial_Downtown,RECOVERY_AFTER_DISRUPTION,8726,60,49.68,55.12,1.11,78.54,30.47,14,Light Rain,Moderate,0,2,1
Zone_02,33,Residential,STABLE,12426,92,53.82,46.06,0.856,63.9,24.52,7,Heavy Rain,Poor,0,2,1
Zone_03,33,University_District,EVENT_SENSITIVE,7685,63,52.16,30.93,0.593,30.61,51.46,2,Light Rain,Moderate,0,0,0
Zone_04,33,Highway_Junction,GRADUAL_DETERIORATION,2415,72,59.62,21.38,0.359,17.66,54.41,6,Light Rain,Moderate,0,0,0
Zone_05,33,Commercial_Downtown,GRADUAL_IMPROVEMENT,8343,66,38.61,31.01,0.803,54.05,23.2,8,Heavy Rain,Poor,0,3,1
Zone_06,33,University_District,STABLE,8747,86,86.0,33.91,0.394,21.23,61.66,5,Normal,Good,0,0,0
Zone_07,33,University_District,GRADUAL_DETERIORATION,7267,42,24.57,50.43,2.053,100.0,10.0,11,Heavy Rain,Poor,0,2,1
Zone_08,33,Highway_Junction,PERIODIC_SPIKE,2040,43,43.0,3.49,0.081,6.5,61.64,1,Normal,Good,0,0,0
Zone_09,33,Suburban_LowDensity,PERIODIC_SPIKE,3241,92,92.0,11.84,0.129,9.56,64.08,4,Normal,Good,0,2,1
Zone_10,33,Residential,GRADUAL_DETERIORATION,15099,47,38.92,60.1,1.544,100.0,14.3,8,Light Rain,Moderate,0,2,1
Zone_11,33,Residential,RECOVERY_AFTER_DISRUPTION,9955,43,35.6,34.44,0.967,67.79,36.73,6,Light Rain,Moderate,0,2,1
Zone_12,33,Commercial_Downtown,GRADUAL_IMPROVEMENT,8725,68,39.78,34.66,0.871,60.71,27.22,4,Heavy Rain,Poor,0,2,1
Zone_13,33,Suburban_LowDensity,EVENT_SENSITIVE,1361,75,43.88,3.81,0.087,11.74,44.98,2,Heavy Rain,Poor,0,0,0
Zone_14,33,University_District,RECOVERY_AFTER_DISRUPTION,10551,99,81.97,54.77,0.668,42.74,45.46,5,Light Rain,Moderate,0,0,0
Zone_15,33,Residential,GRADUAL_DETERIORATION,14863,86,50.31,62.98,1.252,100.0,10.0,3,Heavy Rain,Poor,0,3,1
Zone_16,33,Highway_Junction,GRADUAL_DETERIORATION,1963,84,69.55,18.14,0.261,6.99,54.86,2,Light Rain,Moderate,0,0,0
Zone_17,33,Residential,EVENT_SENSITIVE,8064,48,28.08,15.5,0.552,35.32,34.41,5,Heavy Rain,Poor,0,0,0
Zone_18,33,Industrial_Corridor,STABLE,3295,90,90.0,0.23,0.003,6.79,63.16,1,Normal,Good,0,0,0
Zone_19,33,Industrial_Corridor,EVENT_SENSITIVE,4136,81,47.38,17.41,0.367,22.11,35.8,3,Heavy Rain,Poor,0,1,1
Zone_20,33,Commercial_Downtown,STABLE,3700,73,73.0,15.87,0.217,9.89,65.66,3,Normal,Good,0,0,0
Zone_21,33,Residential,GRADUAL_DETERIORATION,11645,74,43.29,49.23,1.137,88.44,11.49,7,Heavy Rain,Poor,0,3,1
Zone_22,33,University_District,GRADUAL_DETERIORATION,7570,76,44.46,47.99,1.079,89.83,11.34,10,Heavy Rain,Poor,0,2,1
Zone_23,33,Suburban_LowDensity,EVENT_SENSITIVE,2228,53,31.01,4.85,0.156,17.38,40.99,4,Heavy Rain,Poor,0,0,0
Zone_24,33,Commercial_Downtown,GRADUAL_IMPROVEMENT,8634,99,81.97,35.2,0.429,22.26,52.17,5,Light Rain,Moderate,0,0,0
Zone_25,33,Residential,STABLE,10790,71,41.54,28.84,0.694,47.27,33.45,6,Heavy Rain,Poor,0,3,1
Zone_26,33,University_District,STABLE,7678,75,62.1,35.25,0.568,24.71,48.91,4,Light Rain,Moderate,0,0,0
Zone_27,33,Suburban_LowDensity,PERIODIC_SPIKE,4357,81,67.07,5.38,0.08,8.12,57.39,5,Light Rain,Moderate,0,0,0
Zone_28,33,Highway_Junction,PERIODIC_SPIKE,1845,83,83.0,5.8,0.07,5.62,61.79,1,Normal,Good,0,0,0
Zone_29,33,Residential,RECOVERY_AFTER_DISRUPTION,13450,94,54.99,51.42,0.935,75.45,14.2,7,Heavy Rain,Poor,0,2,1
Zone_30,33,Highway_Junction,GRADUAL_DETERIORATION,2448,66,54.65,16.88,0.309,17.14,53.14,3,Light Rain,Moderate,0,0,0
Zone_31,33,Commercial_Downtown,EVENT_SENSITIVE,9364,45,37.26,49.03,1.316,91.6,21.06,13,Light Rain,Moderate,0,4,1
Zone_32,33,Commercial_Downtown,GRADUAL_IMPROVEMENT,7248,81,47.38,33.71,0.711,50.67,28.79,5,Heavy Rain,Poor,0,1,1
Zone_33,33,Commercial_Downtown,RECOVERY_AFTER_DISRUPTION,6945,63,63.0,45.39,0.72,39.64,55.63,2,Normal,Good,0,0,0
Zone_34,33,Industrial_Corridor,GRADUAL_DETERIORATION,3320,51,51.0,22.82,0.447,20.11,59.41,2,Normal,Good,0,0,0
Zone_35,33,Residential,GRADUAL_IMPROVEMENT,15280,95,55.58,33.38,0.601,35.6,33.77,5,Heavy Rain,Poor,0,0,0
Zone_36,33,Residential,PERIODIC_SPIKE,12737,62,62.0,45.12,0.728,38.33,54.79,6,Normal,Good,0,0,0
Zone_37,33,Residential,RECOVERY_AFTER_DISRUPTION,11474,92,53.82,50.34,0.935,76.02,17.64,7,Heavy Rain,Poor,0,0,0
Zone_38,33,Commercial_Downtown,RECOVERY_AFTER_DISRUPTION,9035,94,77.83,51.88,0.667,36.7,45.92,6,Light Rain,Moderate,0,0,0
Zone_39,33,Industrial_Corridor,GRADUAL_DETERIORATION,2566,44,25.74,18.85,0.732,50.86,29.92,1,Heavy Rain,Poor,0,3,1
Zone_40,33,University_District,PERIODIC_SPIKE,7930,55,45.54,36.41,0.8,52.53,42.06,2,Light Rain,Moderate,0,0,0
Zone_41,33,Highway_Junction,GRADUAL_DETERIORATION,2549,42,24.57,20.68,0.842,62.9,22.17,6,Heavy Rain,Poor,0,4,1
Zone_42,33,University_District,PERIODIC_SPIKE,7369,58,58.0,35.79,0.617,32.05,57.09,7,Normal,Good,0,0,0
Zone_43,33,Commercial_Downtown,STABLE,3988,78,45.63,18.03,0.395,20.85,40.89,2,Heavy Rain,Poor,0,0,0
Zone_44,33,Suburban_LowDensity,STABLE,3720,70,40.95,11.19,0.273,16.72,40.43,2,Heavy Rain,Poor,0,0,0
Zone_45,33,Highway_Junction,GRADUAL_DETERIORATION,2987,87,50.89,19.85,0.39,21.55,40.07,3,Heavy Rain,Poor,0,1,1
Zone_46,33,University_District,GRADUAL_IMPROVEMENT,8049,51,29.84,30.25,1.014,79.12,13.89,10,Heavy Rain,Poor,0,2,1
Zone_47,33,University_District,RECOVERY_AFTER_DISRUPTION,8056,58,58.0,40.87,0.705,35.46,57.09,4,Normal,Good,0,0,0
Zone_48,33,Industrial_Corridor,RECOVERY_AFTER_DISRUPTION,3999,72,42.12,24.43,0.58,34.54,36.56,5,Heavy Rain,Poor,0,0,0
Zone_49,33,University_District,STABLE,11539,59,48.85,59.35,1.215,87.69,22.68,4,Light Rain,Moderate,0,0,0
Zone_50,33,University_District,GRADUAL_DETERIORATION,11592,68,39.78,71.86,1.806,100.0,10.0,7,Heavy Rain,Poor,0,3,1
Zone_01,34,Commercial_Downtown,RECOVERY_AFTER_DISRUPTION,8726,60,49.68,56.9,1.145,81.75,29.78,12,Light Rain,Moderate,0,0,0
Zone_02,34,Residential,STABLE,12426,92,53.82,46.75,0.869,67.73,20.15,9,Heavy Rain,Poor,0,2,1
Zone_03,34,University_District,EVENT_SENSITIVE,7685,63,52.16,31.39,0.602,32.7,49.65,5,Light Rain,Moderate,0,0,0
Zone_04,34,Highway_Junction,GRADUAL_DETERIORATION,2415,72,72.0,30.81,0.428,14.97,59.41,3,Normal,Good,0,0,0
Zone_05,34,Commercial_Downtown,GRADUAL_IMPROVEMENT,8343,66,54.65,27.49,0.503,24.22,49.61,4,Light Rain,Moderate,0,0,0
Zone_06,34,University_District,STABLE,8747,86,50.31,27.79,0.552,32.4,34.98,4,Heavy Rain,Poor,0,0,0
Zone_07,34,University_District,GRADUAL_DETERIORATION,7267,42,34.78,48.02,1.381,96.57,20.82,7,Light Rain,Moderate,0,3,1
Zone_08,34,Highway_Junction,PERIODIC_SPIKE,2040,43,25.16,2.34,0.093,5.45,40.76,3,Heavy Rain,Poor,0,0,0
Zone_09,34,Suburban_LowDensity,PERIODIC_SPIKE,3241,92,53.82,10.76,0.2,13.85,40.65,3,Heavy Rain,Poor,0,0,0
Zone_10,34,Residential,GRADUAL_DETERIORATION,15099,47,38.92,60.86,1.564,100.0,19.3,14,Light Rain,Moderate,0,2,1
Zone_11,34,Residential,RECOVERY_AFTER_DISRUPTION,9955,43,43.0,36.1,0.84,50.37,51.08,4,Normal,Good,0,0,0
Zone_12,34,Commercial_Downtown,GRADUAL_IMPROVEMENT,8725,68,39.78,33.14,0.833,59.75,22.74,6,Heavy Rain,Poor,0,2,1
Zone_13,34,Suburban_LowDensity,EVENT_SENSITIVE,1361,75,43.88,11.74,0.268,12.0,38.9,1,Heavy Rain,Poor,0,0,0
Zone_14,34,University_District,RECOVERY_AFTER_DISRUPTION,10551,99,81.97,53.94,0.658,37.78,44.48,2,Light Rain,Moderate,0,0,0
Zone_15,34,Residential,GRADUAL_DETERIORATION,14863,86,86.0,71.64,0.833,43.15,51.57,8,Normal,Good,0,2,1
Zone_16,34,Highway_Junction,GRADUAL_DETERIORATION,1963,84,69.55,20.36,0.293,20.99,53.34,7,Light Rain,Moderate,0,0,0
Zone_17,34,Residential,EVENT_SENSITIVE,8064,48,39.74,18.9,0.476,22.79,52.62,1,Light Rain,Moderate,0,1,1
Zone_18,34,Industrial_Corridor,STABLE,3295,90,90.0,6.3,0.07,8.29,62.58,1,Normal,Good,0,0,0
Zone_19,34,Industrial_Corridor,EVENT_SENSITIVE,4136,81,47.38,14.6,0.308,15.07,42.14,3,Heavy Rain,Poor,0,1,1
Zone_20,34,Commercial_Downtown,STABLE,3700,73,42.71,13.99,0.328,18.83,42.54,8,Heavy Rain,Poor,0,0,0
Zone_21,34,Residential,GRADUAL_DETERIORATION,11645,74,61.27,47.46,0.775,51.88,41.56,3,Light Rain,Moderate,0,0,0
Zone_22,34,University_District,GRADUAL_DETERIORATION,7570,76,44.46,42.18,0.949,71.89,20.85,6,Heavy Rain,Poor,0,2,1
Zone_23,34,Suburban_LowDensity,EVENT_SENSITIVE,2228,53,31.01,6.44,0.208,16.6,38.58,1,Heavy Rain,Poor,0,2,1
Zone_24,34,Commercial_Downtown,GRADUAL_IMPROVEMENT,8634,99,81.97,25.29,0.309,15.84,54.43,3,Light Rain,Moderate,0,0,0
Zone_25,34,Residential,STABLE,10790,71,58.79,28.41,0.483,26.77,50.45,2,Light Rain,Moderate,0,0,0
Zone_26,34,University_District,STABLE,7678,75,43.88,35.88,0.818,64.07,23.93,3,Heavy Rain,Poor,0,2,1
Zone_27,34,Suburban_LowDensity,PERIODIC_SPIKE,4357,81,81.0,10.27,0.127,8.0,63.82,1,Normal,Good,0,0,0
Zone_28,34,Highway_Junction,PERIODIC_SPIKE,1845,83,83.0,6.42,0.077,7.03,64.91,3,Normal,Good,0,0,0
Zone_29,34,Residential,RECOVERY_AFTER_DISRUPTION,13450,94,94.0,53.14,0.565,29.83,55.81,2,Normal,Good,0,0,0
Zone_30,34,Highway_Junction,GRADUAL_DETERIORATION,2448,66,54.65,20.27,0.371,17.64,55.3,9,Light Rain,Moderate,0,0,0
Zone_31,34,Commercial_Downtown,EVENT_SENSITIVE,9364,45,45.0,48.81,1.085,63.2,43.56,7,Normal,Good,0,2,1
Zone_32,34,Commercial_Downtown,GRADUAL_IMPROVEMENT,7248,81,81.0,36.41,0.45,20.38,59.31,8,Normal,Good,0,0,0
Zone_33,34,Commercial_Downtown,RECOVERY_AFTER_DISRUPTION,6945,63,63.0,43.55,0.691,35.42,55.97,11,Normal,Good,0,0,0
Zone_34,34,Industrial_Corridor,GRADUAL_DETERIORATION,3320,51,51.0,23.43,0.459,20.2,59.13,3,Normal,Good,0,0,0
Zone_35,34,Residential,GRADUAL_IMPROVEMENT,15280,95,55.58,30.55,0.55,36.86,32.86,2,Heavy Rain,Poor,0,0,0
Zone_36,34,Residential,PERIODIC_SPIKE,12737,62,36.27,38.7,1.067,87.29,13.83,14,Heavy Rain,Poor,0,5,1
Zone_37,34,Residential,RECOVERY_AFTER_DISRUPTION,11474,92,76.18,44.85,0.589,34.78,49.83,5,Light Rain,Moderate,0,0,0
Zone_38,34,Commercial_Downtown,RECOVERY_AFTER_DISRUPTION,9035,94,54.99,52.63,0.957,75.22,19.68,7,Heavy Rain,Poor,0,3,1
Zone_39,34,Industrial_Corridor,GRADUAL_DETERIORATION,2566,44,36.43,22.82,0.626,37.49,46.62,6,Light Rain,Moderate,0,0,0
Zone_40,34,University_District,PERIODIC_SPIKE,7930,55,45.54,31.36,0.689,43.33,44.95,8,Light Rain,Moderate,0,1,1
Zone_41,34,Highway_Junction,GRADUAL_DETERIORATION,2549,42,34.78,17.89,0.514,29.72,49.68,4,Light Rain,Moderate,0,0,0
Zone_42,34,University_District,PERIODIC_SPIKE,7369,58,48.02,35.65,0.742,49.04,45.75,6,Light Rain,Moderate,0,0,0
Zone_43,34,Commercial_Downtown,STABLE,3988,78,78.0,14.06,0.18,5.32,64.92,5,Normal,Good,0,0,0
Zone_44,34,Suburban_LowDensity,STABLE,3720,70,57.96,6.83,0.118,5.98,55.72,2,Light Rain,Moderate,0,0,0
Zone_45,34,Highway_Junction,GRADUAL_DETERIORATION,2987,87,87.0,23.56,0.271,11.33,66.29,4,Normal,Good,0,0,0
Zone_46,34,University_District,GRADUAL_IMPROVEMENT,8049,51,29.84,33.93,1.137,93.31,10.82,10,Heavy Rain,Poor,0,1,1
Zone_47,34,University_District,RECOVERY_AFTER_DISRUPTION,8056,58,48.02,45.82,0.954,64.21,34.62,6,Light Rain,Moderate,0,0,0
Zone_48,34,Industrial_Corridor,RECOVERY_AFTER_DISRUPTION,3999,72,59.62,25.2,0.423,21.15,52.15,2,Light Rain,Moderate,0,0,0
Zone_49,34,University_District,STABLE,11539,59,48.85,62.54,1.28,94.97,20.34,11,Light Rain,Moderate,0,4,1
Zone_50,34,University_District,GRADUAL_DETERIORATION,11592,68,39.78,74.33,1.869,100.0,10.0,8,Heavy Rain,Poor,0,1,1
Zone_01,35,Commercial_Downtown,RECOVERY_AFTER_DISRUPTION,8726,60,60.0,52.49,0.875,49.43,51.99,8,Normal,Good,0,0,0
Zone_02,35,Residential,STABLE,12426,92,76.18,46.01,0.604,30.77,49.18,5,Light Rain,Moderate,0,1,1
Zone_03,35,University_District,EVENT_SENSITIVE,7685,63,36.86,30.0,0.814,62.27,23.24,6,Heavy Rain,Poor,0,3,1
Zone_04,35,Highway_Junction,GRADUAL_DETERIORATION,2415,72,42.12,29.94,0.711,50.76,30.93,6,Heavy Rain,Poor,0,2,1
Zone_05,35,Commercial_Downtown,GRADUAL_IMPROVEMENT,8343,66,54.65,26.65,0.488,29.71,51.3,6,Light Rain,Moderate,0,0,0
Zone_06,35,University_District,STABLE,8747,86,86.0,30.5,0.355,15.03,65.6,0,Normal,Good,0,0,0
Zone_07,35,University_District,GRADUAL_DETERIORATION,7267,42,34.78,45.38,1.305,93.82,23.16,9,Light Rain,Moderate,0,3,1
Zone_08,35,Highway_Junction,PERIODIC_SPIKE,2040,43,32.04,6.72,0.21,9.97,56.79,6,Light Rain,Moderate,1,0,0
Zone_09,35,Suburban_LowDensity,PERIODIC_SPIKE,3241,92,68.56,13.38,0.195,13.48,55.65,6,Light Rain,Moderate,1,0,0
Zone_10,35,Residential,GRADUAL_DETERIORATION,15099,47,27.5,59.37,2.159,100.0,10.0,10,Heavy Rain,Poor,0,2,1
Zone_11,35,Residential,RECOVERY_AFTER_DISRUPTION,9955,43,35.6,34.99,0.983,71.51,29.99,8,Light Rain,Moderate,0,2,1
Zone_12,35,Commercial_Downtown,GRADUAL_IMPROVEMENT,8725,68,56.3,38.73,0.688,41.37,46.58,4,Light Rain,Moderate,0,0,0
Zone_13,35,Suburban_LowDensity,EVENT_SENSITIVE,1361,75,75.0,11.08,0.148,8.29,61.62,2,Normal,Good,0,0,0
Zone_14,35,University_District,RECOVERY_AFTER_DISRUPTION,10551,99,57.91,55.68,0.961,73.01,17.92,5,Heavy Rain,Poor,0,2,1
Zone_15,35,Residential,GRADUAL_DETERIORATION,14863,86,71.21,64.37,0.904,62.21,37.29,8,Light Rain,Moderate,0,2,1
Zone_16,35,Highway_Junction,GRADUAL_DETERIORATION,1963,84,49.14,15.11,0.307,22.16,38.28,8,Heavy Rain,Poor,0,0,0
Zone_17,35,Residential,EVENT_SENSITIVE,8064,48,48.0,20.76,0.433,20.46,58.86,3,Normal,Good,0,0,0
Zone_18,35,Industrial_Corridor,STABLE,3295,90,74.52,9.85,0.132,10.14,55.14,3,Light Rain,Moderate,0,0,0
Zone_19,35,Industrial_Corridor,EVENT_SENSITIVE,4136,81,47.38,22.33,0.471,25.62,37.89,6,Heavy Rain,Poor,0,2,1
Zone_20,35,Commercial_Downtown,STABLE,3700,73,42.71,13.76,0.322,21.34,39.12,6,Heavy Rain,Poor,0,0,0
Zone_21,35,Residential,GRADUAL_DETERIORATION,11645,74,74.0,50.78,0.686,37.94,57.34,4,Normal,Good,0,0,0
Zone_22,35,University_District,GRADUAL_DETERIORATION,7570,76,62.93,34.7,0.551,25.66,48.96,3,Light Rain,Moderate,0,2,1
Zone_23,35,Suburban_LowDensity,EVENT_SENSITIVE,2228,53,43.88,6.05,0.138,7.49,55.44,3,Light Rain,Moderate,0,0,0
Zone_24,35,Commercial_Downtown,GRADUAL_IMPROVEMENT,8634,99,57.91,27.34,0.472,30.21,34.81,4,Heavy Rain,Poor,0,0,0
Zone_25,35,Residential,STABLE,10790,71,71.0,29.5,0.415,18.94,62.75,5,Normal,Good,0,0,0
Zone_26,35,University_District,STABLE,7678,75,43.88,37.91,0.864,64.45,23.42,9,Heavy Rain,Poor,0,3,1
Zone_27,35,Suburban_LowDensity,PERIODIC_SPIKE,4357,81,42.65,16.03,0.376,20.27,38.9,5,Heavy Rain,Poor,1,0,0
Zone_28,35,Highway_Junction,PERIODIC_SPIKE,1845,83,43.7,10.72,0.245,17.1,42.24,6,Heavy Rain,Poor,1,1,1
Zone_29,35,Residential,RECOVERY_AFTER_DISRUPTION,13450,94,77.83,49.56,0.637,38.58,43.41,2,Light Rain,Moderate,0,2,1
Zone_30,35,Highway_Junction,GRADUAL_DETERIORATION,2448,66,38.61,19.43,0.503,27.93,35.22,5,Heavy Rain,Poor,0,1,1
Zone_31,35,Commercial_Downtown,EVENT_SENSITIVE,9364,45,37.26,43.14,1.158,82.75,27.2,9,Light Rain,Moderate,0,2,1
Zone_32,35,Commercial_Downtown,GRADUAL_IMPROVEMENT,7248,81,81.0,28.2,0.348,14.73,61.8,3,Normal,Good,0,0,0
Zone_33,35,Commercial_Downtown,RECOVERY_AFTER_DISRUPTION,6945,63,52.16,42.4,0.813,54.92,40.11,9,Light Rain,Moderate,0,1,1
Zone_34,35,Industrial_Corridor,GRADUAL_DETERIORATION,3320,51,51.0,26.75,0.525,29.09,56.3,3,Normal,Good,0,0,0
Zone_35,35,Residential,GRADUAL_IMPROVEMENT,15280,95,78.66,31.87,0.405,16.3,53.07,3,Light Rain,Moderate,0,0,0
Zone_36,35,Residential,PERIODIC_SPIKE,12737,62,55.8,48.7,0.873,50.29,52.77,12,Normal,Good,1,0,0
Zone_37,35,Residential,RECOVERY_AFTER_DISRUPTION,11474,92,53.82,40.45,0.752,48.98,30.27,7,Heavy Rain,Poor,0,4,1
Zone_38,35,Commercial_Downtown,RECOVERY_AFTER_DISRUPTION,9035,94,94.0,48.33,0.514,22.12,60.3,10,Normal,Good,0,1,1
Zone_39,35,Industrial_Corridor,GRADUAL_DETERIORATION,2566,44,44.0,27.2,0.618,33.45,58.49,4,Normal,Good,0,0,0
Zone_40,35,University_District,PERIODIC_SPIKE,7930,55,28.96,32.97,1.138,94.68,10.0,12,Heavy Rain,Poor,1,1,1
Zone_41,35,Highway_Junction,GRADUAL_DETERIORATION,2549,42,42.0,14.31,0.341,10.05,62.22,2,Normal,Good,0,0,0
Zone_42,35,University_District,PERIODIC_SPIKE,7369,58,43.22,46.28,1.071,74.33,30.09,16,Light Rain,Moderate,1,2,1
Zone_43,35,Commercial_Downtown,STABLE,3988,78,64.58,14.86,0.23,10.97,52.68,3,Light Rain,Moderate,0,0,0
Zone_44,35,Suburban_LowDensity,STABLE,3720,70,40.95,7.44,0.182,11.29,41.55,1,Heavy Rain,Poor,0,0,0
Zone_45,35,Highway_Junction,GRADUAL_DETERIORATION,2987,87,72.04,27.0,0.375,24.66,52.28,3,Light Rain,Moderate,0,0,0
Zone_46,35,University_District,GRADUAL_IMPROVEMENT,8049,51,42.23,33.78,0.8,50.74,40.02,6,Light Rain,Moderate,0,2,1
Zone_47,35,University_District,RECOVERY_AFTER_DISRUPTION,8056,58,58.0,37.82,0.652,32.63,59.26,3,Normal,Good,0,0,0
Zone_48,35,Industrial_Corridor,RECOVERY_AFTER_DISRUPTION,3999,72,42.12,22.51,0.534,32.55,34.47,4,Heavy Rain,Poor,0,0,0
Zone_49,35,University_District,STABLE,11539,59,48.85,60.99,1.249,93.18,22.75,11,Light Rain,Moderate,0,4,1
Zone_50,35,University_District,GRADUAL_DETERIORATION,11592,68,39.78,65.75,1.653,100.0,10.0,9,Heavy Rain,Poor,0,2,1
Zone_01,36,Commercial_Downtown,RECOVERY_AFTER_DISRUPTION,8726,60,60.0,52.64,0.877,49.94,51.46,8,Normal,Good,0,1,1
Zone_02,36,Residential,STABLE,12426,92,76.18,41.35,0.543,27.33,48.14,1,Light Rain,Moderate,0,0,0
Zone_03,36,University_District,EVENT_SENSITIVE,7685,63,63.0,29.44,0.467,24.39,61.19,1,Normal,Good,0,0,0
Zone_04,36,Highway_Junction,GRADUAL_DETERIORATION,2415,72,42.12,31.37,0.745,55.58,25.65,10,Heavy Rain,Poor,0,1,1
Zone_05,36,Commercial_Downtown,GRADUAL_IMPROVEMENT,8343,66,38.61,28.8,0.746,54.85,25.91,7,Heavy Rain,Poor,0,1,1
Zone_06,36,University_District,STABLE,8747,86,71.21,37.57,0.528,29.33,49.09,4,Light Rain,Moderate,0,0,0
Zone_07,36,University_District,GRADUAL_DETERIORATION,7267,42,42.0,55.77,1.328,86.23,37.28,12,Normal,Good,0,0,0
Zone_08,36,Highway_Junction,PERIODIC_SPIKE,2040,43,43.0,6.5,0.151,11.19,59.86,3,Normal,Good,0,0,0
Zone_09,36,Suburban_LowDensity,PERIODIC_SPIKE,3241,92,92.0,10.26,0.112,10.51,60.49,3,Normal,Good,0,0,0
Zone_10,36,Residential,GRADUAL_DETERIORATION,15099,47,27.5,52.99,1.927,100.0,10.0,9,Heavy Rain,Poor,0,2,1
Zone_11,36,Residential,RECOVERY_AFTER_DISRUPTION,9955,43,25.16,36.79,1.462,100.0,10.0,9,Heavy Rain,Poor,0,1,1
Zone_12,36,Commercial_Downtown,GRADUAL_IMPROVEMENT,8725,68,68.0,34.71,0.51,22.24,56.44,4,Normal,Good,0,1,1
Zone_13,36,Suburban_LowDensity,EVENT_SENSITIVE,1361,75,43.88,13.43,0.306,18.17,41.37,3,Heavy Rain,Poor,0,0,0
Zone_14,36,University_District,RECOVERY_AFTER_DISRUPTION,10551,99,81.97,52.38,0.639,36.54,47.47,2,Light Rain,Moderate,0,1,1
Zone_15,36,Residential,GRADUAL_DETERIORATION,14863,86,71.21,69.95,0.982,68.37,32.27,12,Light Rain,Moderate,0,0,0
Zone_16,36,Highway_Junction,GRADUAL_DETERIORATION,1963,84,49.14,11.77,0.24,12.96,40.29,5,Heavy Rain,Poor,0,0,0
Zone_17,36,Residential,EVENT_SENSITIVE,8064,48,39.74,20.79,0.523,32.05,49.0,5,Light Rain,Moderate,0,0,0
Zone_18,36,Industrial_Corridor,STABLE,3295,90,90.0,6.94,0.077,9.82,66.58,5,Normal,Good,0,0,0
Zone_19,36,Industrial_Corridor,EVENT_SENSITIVE,4136,81,67.07,13.33,0.199,8.93,54.94,2,Light Rain,Moderate,0,0,0
Zone_20,36,Commercial_Downtown,STABLE,3700,73,60.44,10.31,0.171,10.31,56.39,3,Light Rain,Moderate,0,0,0
Zone_21,36,Residential,GRADUAL_DETERIORATION,11645,74,43.29,46.04,1.064,86.31,12.04,4,Heavy Rain,Poor,0,4,1
Zone_22,36,University_District,GRADUAL_DETERIORATION,7570,76,62.93,40.02,0.636,41.92,46.17,5,Light Rain,Moderate,0,0,0
Zone_23,36,Suburban_LowDensity,EVENT_SENSITIVE,2228,53,31.01,6.71,0.216,12.56,41.74,3,Heavy Rain,Poor,0,0,0
Zone_24,36,Commercial_Downtown,GRADUAL_IMPROVEMENT,8634,99,57.91,26.16,0.452,29.02,38.74,7,Heavy Rain,Poor,0,2,1
Zone_25,36,Residential,STABLE,10790,71,58.79,30.24,0.514,28.99,50.3,4,Light Rain,Moderate,0,0,0
Zone_26,36,University_District,STABLE,7678,75,43.88,32.73,0.746,54.42,28.44,6,Heavy Rain,Poor,0,2,1
Zone_27,36,Suburban_LowDensity,PERIODIC_SPIKE,4357,81,81.0,21.35,0.264,14.99,60.83,1,Normal,Good,0,0,0
Zone_28,36,Highway_Junction,PERIODIC_SPIKE,1845,83,83.0,12.02,0.145,8.95,67.34,1,Normal,Good,0,0,0
Zone_29,36,Residential,RECOVERY_AFTER_DISRUPTION,13450,94,54.99,43.27,0.787,59.55,28.28,5,Heavy Rain,Poor,0,1,1
Zone_30,36,Highway_Junction,GRADUAL_DETERIORATION,2448,66,38.61,14.64,0.379,21.11,38.56,4,Heavy Rain,Poor,0,1,1
Zone_31,36,Commercial_Downtown,EVENT_SENSITIVE,9364,45,26.33,35.92,1.364,100.0,10.0,8,Heavy Rain,Poor,0,2,1
Zone_32,36,Commercial_Downtown,GRADUAL_IMPROVEMENT,7248,81,47.38,23.95,0.505,28.81,36.72,10,Heavy Rain,Poor,0,1,1
Zone_33,36,Commercial_Downtown,RECOVERY_AFTER_DISRUPTION,6945,63,36.86,48.76,1.323,100.0,10.0,7,Heavy Rain,Poor,0,3,1
Zone_34,36,Industrial_Corridor,GRADUAL_DETERIORATION,3320,51,51.0,28.27,0.554,27.13,58.7,4,Normal,Good,0,0,0
Zone_35,36,Residential,GRADUAL_IMPROVEMENT,15280,95,78.66,25.72,0.327,22.15,53.28,2,Light Rain,Moderate,0,0,0
Zone_36,36,Residential,PERIODIC_SPIKE,12737,62,36.27,40.47,1.116,89.24,10.34,7,Heavy Rain,Poor,0,1,1
Zone_37,36,Residential,RECOVERY_AFTER_DISRUPTION,11474,92,53.82,43.0,0.799,58.87,22.16,9,Heavy Rain,Poor,0,1,1
Zone_38,36,Commercial_Downtown,RECOVERY_AFTER_DISRUPTION,9035,94,94.0,44.94,0.478,18.84,59.55,5,Normal,Good,0,0,0
Zone_39,36,Industrial_Corridor,GRADUAL_DETERIORATION,2566,44,36.43,23.63,0.649,36.89,48.27,5,Light Rain,Moderate,0,0,0
Zone_40,36,University_District,PERIODIC_SPIKE,7930,55,32.17,32.43,1.008,81.81,17.04,8,Heavy Rain,Poor,0,2,1
Zone_41,36,Highway_Junction,GRADUAL_DETERIORATION,2549,42,24.57,20.02,0.815,61.38,22.73,11,Heavy Rain,Poor,0,2,1
Zone_42,36,University_District,PERIODIC_SPIKE,7369,58,33.93,48.52,1.43,100.0,10.0,7,Heavy Rain,Poor,0,2,1
Zone_43,36,Commercial_Downtown,STABLE,3988,78,45.63,18.12,0.397,27.07,39.25,4,Heavy Rain,Poor,0,2,1
Zone_44,36,Suburban_LowDensity,STABLE,3720,70,40.95,10.34,0.253,11.16,41.7,3,Heavy Rain,Poor,0,1,1
Zone_45,36,Highway_Junction,GRADUAL_DETERIORATION,2987,87,50.89,31.89,0.627,40.63,36.58,4,Heavy Rain,Poor,0,0,0
Zone_46,36,University_District,GRADUAL_IMPROVEMENT,8049,51,29.84,29.74,0.997,81.68,16.39,7,Heavy Rain,Poor,0,2,1
Zone_47,36,University_District,RECOVERY_AFTER_DISRUPTION,8056,58,48.02,39.18,0.816,55.76,38.4,4,Light Rain,Moderate,0,0,0
Zone_48,36,Industrial_Corridor,RECOVERY_AFTER_DISRUPTION,3999,72,72.0,14.23,0.198,10.45,66.31,1,Normal,Good,0,0,0
Zone_49,36,University_District,STABLE,11539,59,48.85,55.64,1.139,83.14,27.2,4,Light Rain,Moderate,0,3,1
Zone_50,36,University_District,GRADUAL_DETERIORATION,11592,68,68.0,64.16,0.944,54.48,48.51,9,Normal,Good,0,0,0
Zone_01,37,Commercial_Downtown,RECOVERY_AFTER_DISRUPTION,8726,60,49.68,55.71,1.121,84.32,26.59,9,Light Rain,Moderate,0,1,1
Zone_02,37,Residential,STABLE,12426,92,92.0,34.57,0.376,13.85,62.19,3,Normal,Good,0,0,0
Zone_03,37,University_District,EVENT_SENSITIVE,7685,63,63.0,24.77,0.393,17.65,61.62,0,Normal,Good,0,0,0
Zone_04,37,Highway_Junction,GRADUAL_DETERIORATION,2415,72,72.0,26.45,0.367,13.72,62.18,6,Normal,Good,0,0,0
Zone_05,37,Commercial_Downtown,GRADUAL_IMPROVEMENT,8343,66,66.0,17.66,0.268,7.02,62.59,5,Normal,Good,0,0,0
Zone_06,37,University_District,STABLE,8747,86,71.21,36.69,0.515,25.93,51.31,2,Light Rain,Moderate,0,0,0
Zone_07,37,University_District,GRADUAL_DETERIORATION,7267,42,34.78,50.25,1.445,99.89,18.29,9,Light Rain,Moderate,0,3,1
Zone_08,37,Highway_Junction,PERIODIC_SPIKE,2040,43,43.0,11.92,0.277,13.83,63.06,4,Normal,Good,0,0,0
Zone_09,37,Suburban_LowDensity,PERIODIC_SPIKE,3241,92,92.0,6.97,0.076,5.58,64.3,3,Normal,Good,0,0,0
Zone_10,37,Residential,GRADUAL_DETERIORATION,15099,47,47.0,50.87,1.082,68.66,37.58,12,Normal,Good,0,2,1
Zone_11,37,Residential,RECOVERY_AFTER_DISRUPTION,9955,43,43.0,31.31,0.728,38.51,58.2,5,Normal,Good,0,2,1
Zone_12,37,Commercial_Downtown,GRADUAL_IMPROVEMENT,8725,68,68.0,38.89,0.572,23.95,60.78,9,Normal,Good,0,0,0
Zone_13,37,Suburban_LowDensity,EVENT_SENSITIVE,1361,75,75.0,9.38,0.125,5.6,64.18,1,Normal,Good,0,0,0
Zone_14,37,University_District,RECOVERY_AFTER_DISRUPTION,10551,99,99.0,53.84,0.544,27.48,60.77,1,Normal,Good,0,0,0
Zone_15,37,Residential,GRADUAL_DETERIORATION,14863,86,86.0,64.08,0.745,40.86,49.22,7,Normal,Good,0,1,1
Zone_16,37,Highway_Junction,GRADUAL_DETERIORATION,1963,84,84.0,11.05,0.132,9.02,63.15,3,Normal,Good,0,0,0
Zone_17,37,Residential,EVENT_SENSITIVE,8064,48,48.0,25.66,0.535,26.0,59.49,3,Normal,Good,0,0,0
Zone_18,37,Industrial_Corridor,STABLE,3295,90,74.52,0.0,0.0,5.06,58.14,1,Light Rain,Moderate,0,0,0
Zone_19,37,Industrial_Corridor,EVENT_SENSITIVE,4136,81,81.0,18.92,0.234,7.6,64.91,5,Normal,Good,0,0,0
Zone_20,37,Commercial_Downtown,STABLE,3700,73,73.0,11.99,0.164,5.82,65.89,0,Normal,Good,0,0,0
Zone_21,37,Residential,GRADUAL_DETERIORATION,11645,74,74.0,47.12,0.637,34.65,56.11,2,Normal,Good,0,0,0
Zone_22,37,University_District,GRADUAL_DETERIORATION,7570,76,76.0,46.81,0.616,33.77,56.2,2,Normal,Good,0,0,0
Zone_23,37,Suburban_LowDensity,EVENT_SENSITIVE,2228,53,53.0,3.42,0.065,8.01,65.83,4,Normal,Good,0,0,0
Zone_24,37,Commercial_Downtown,GRADUAL_IMPROVEMENT,8634,99,99.0,26.77,0.27,15.58,59.05,4,Normal,Good,0,0,0
Zone_25,37,Residential,STABLE,10790,71,71.0,29.16,0.411,14.25,61.07,4,Normal,Good,0,0,0
Zone_26,37,University_District,STABLE,7678,75,75.0,33.92,0.452,17.8,60.58,0,Normal,Good,0,0,0
Zone_27,37,Suburban_LowDensity,PERIODIC_SPIKE,4357,81,81.0,19.87,0.245,11.21,64.23,2,Normal,Good,0,0,0
Zone_28,37,Highway_Junction,PERIODIC_SPIKE,1845,83,83.0,13.26,0.16,7.14,64.4,5,Normal,Good,0,0,0
Zone_29,37,Residential,RECOVERY_AFTER_DISRUPTION,13450,94,77.83,36.57,0.47,20.15,56.92,6,Light Rain,Moderate,0,3,1
Zone_30,37,Highway_Junction,GRADUAL_DETERIORATION,2448,66,66.0,15.68,0.238,14.68,60.64,11,Normal,Good,0,0,0
Zone_31,37,Commercial_Downtown,EVENT_SENSITIVE,9364,45,37.26,44.39,1.191,81.79,32.64,13,Light Rain,Moderate,0,0,0
Zone_32,37,Commercial_Downtown,GRADUAL_IMPROVEMENT,7248,81,81.0,24.43,0.302,14.73,60.21,3,Normal,Good,0,0,0
Zone_33,37,Commercial_Downtown,RECOVERY_AFTER_DISRUPTION,6945,63,63.0,43.59,0.692,35.96,54.2,3,Normal,Good,0,0,0
Zone_34,37,Industrial_Corridor,GRADUAL_DETERIORATION,3320,51,51.0,29.81,0.585,30.24,58.0,4,Normal,Good,0,0,0
Zone_35,37,Residential,GRADUAL_IMPROVEMENT,15280,95,95.0,32.18,0.339,16.04,60.25,1,Normal,Good,0,0,0
Zone_36,37,Residential,PERIODIC_SPIKE,12737,62,62.0,34.34,0.554,24.93,62.7,4,Normal,Good,0,0,0
Zone_37,37,Residential,RECOVERY_AFTER_DISRUPTION,11474,92,92.0,41.5,0.451,23.96,59.3,1,Normal,Good,0,0,0
Zone_38,37,Commercial_Downtown,RECOVERY_AFTER_DISRUPTION,9035,94,94.0,46.62,0.496,22.73,55.9,2,Normal,Good,0,0,0
Zone_39,37,Industrial_Corridor,GRADUAL_DETERIORATION,2566,44,44.0,23.44,0.533,25.17,62.19,2,Normal,Good,0,0,0
Zone_40,37,University_District,PERIODIC_SPIKE,7930,55,55.0,33.34,0.606,32.94,56.26,4,Normal,Good,0,1,1
Zone_41,37,Highway_Junction,GRADUAL_DETERIORATION,2549,42,42.0,22.4,0.533,26.68,59.25,9,Normal,Good,0,0,0
Zone_42,37,University_District,PERIODIC_SPIKE,7369,58,58.0,44.73,0.771,45.64,52.18,1,Normal,Good,0,0,0
Zone_43,37,Commercial_Downtown,STABLE,3988,78,78.0,15.1,0.194,10.46,62.91,6,Normal,Good,0,0,0
Zone_44,37,Suburban_LowDensity,STABLE,3720,70,70.0,14.27,0.204,8.3,63.84,2,Normal,Good,0,0,0
Zone_45,37,Highway_Junction,GRADUAL_DETERIORATION,2987,87,87.0,35.3,0.406,18.65,62.1,7,Normal,Good,0,0,0
Zone_46,37,University_District,GRADUAL_IMPROVEMENT,8049,51,51.0,29.14,0.571,25.63,56.98,4,Normal,Good,0,0,0
Zone_47,37,University_District,RECOVERY_AFTER_DISRUPTION,8056,58,58.0,36.42,0.628,31.81,58.21,6,Normal,Good,0,0,0
Zone_48,37,Industrial_Corridor,RECOVERY_AFTER_DISRUPTION,3999,72,72.0,13.0,0.181,7.55,62.35,1,Normal,Good,0,0,0
Zone_49,37,University_District,STABLE,11539,59,48.85,57.28,1.173,86.59,29.67,13,Light Rain,Moderate,0,0,0
Zone_50,37,University_District,GRADUAL_DETERIORATION,11592,68,68.0,62.07,0.913,58.3,46.71,6,Normal,Good,0,3,1
Zone_01,38,Commercial_Downtown,RECOVERY_AFTER_DISRUPTION,8726,60,39.74,57.28,1.441,97.01,20.74,15,Light Rain,Moderate,1,2,1
Zone_02,38,Residential,STABLE,12426,92,92.0,33.91,0.369,19.01,62.04,6,Normal,Good,0,0,0
Zone_03,38,University_District,EVENT_SENSITIVE,7685,63,63.0,25.57,0.406,12.45,62.47,1,Normal,Good,0,0,0
Zone_04,38,Highway_Junction,GRADUAL_DETERIORATION,2415,72,57.6,31.29,0.543,25.62,63.38,7,Normal,Good,1,0,0
Zone_05,38,Commercial_Downtown,GRADUAL_IMPROVEMENT,8343,66,52.8,27.41,0.519,23.81,60.47,9,Normal,Good,1,0,0
Zone_06,38,University_District,STABLE,8747,86,86.0,32.45,0.377,20.03,63.56,2,Normal,Good,0,0,0
Zone_07,38,University_District,GRADUAL_DETERIORATION,7267,42,42.0,50.73,1.208,73.89,36.79,5,Normal,Good,0,2,1
Zone_08,38,Highway_Junction,PERIODIC_SPIKE,2040,43,34.4,19.37,0.563,28.69,59.79,8,Normal,Good,1,0,0
Zone_09,38,Suburban_LowDensity,PERIODIC_SPIKE,3241,92,76.18,4.56,0.06,4.0,57.28,1,Light Rain,Moderate,0,0,0
Zone_10,38,Residential,GRADUAL_DETERIORATION,15099,47,38.92,48.82,1.254,87.46,23.26,14,Light Rain,Moderate,0,1,1
Zone_11,38,Residential,RECOVERY_AFTER_DISRUPTION,9955,43,43.0,26.27,0.611,32.09,56.81,3,Normal,Good,0,1,1
Zone_12,38,Commercial_Downtown,GRADUAL_IMPROVEMENT,8725,68,45.04,61.67,1.369,93.58,22.0,14,Light Rain,Moderate,1,3,1
Zone_13,38,Suburban_LowDensity,EVENT_SENSITIVE,1361,75,62.1,10.31,0.166,9.11,55.75,2,Light Rain,Moderate,0,0,0
Zone_14,38,University_District,RECOVERY_AFTER_DISRUPTION,10551,99,81.97,53.18,0.649,38.29,49.18,2,Light Rain,Moderate,0,0,0
Zone_15,38,Residential,GRADUAL_DETERIORATION,14863,86,86.0,63.97,0.744,42.39,51.58,9,Normal,Good,0,0,0
Zone_16,38,Highway_Junction,GRADUAL_DETERIORATION,1963,84,67.2,14.99,0.223,10.97,63.22,7,Normal,Good,1,0,0
Zone_17,38,Residential,EVENT_SENSITIVE,8064,48,48.0,19.64,0.409,18.0,61.18,0,Normal,Good,0,0,0
Zone_18,38,Industrial_Corridor,STABLE,3295,90,90.0,7.45,0.083,5.98,62.88,0,Normal,Good,0,0,0
Zone_19,38,Industrial_Corridor,EVENT_SENSITIVE,4136,81,81.0,20.84,0.257,14.8,63.67,3,Normal,Good,0,0,0
Zone_20,38,Commercial_Downtown,STABLE,3700,73,58.4,16.47,0.282,15.57,63.11,4,Normal,Good,1,0,0
Zone_21,38,Residential,GRADUAL_DETERIORATION,11645,74,74.0,45.59,0.616,26.42,59.83,2,Normal,Good,0,0,0
Zone_22,38,University_District,GRADUAL_DETERIORATION,7570,76,76.0,43.23,0.569,29.69,58.4,3,Normal,Good,0,0,0
Zone_23,38,Suburban_LowDensity,EVENT_SENSITIVE,2228,53,53.0,10.48,0.198,7.98,63.85,1,Normal,Good,0,0,0
Zone_24,38,Commercial_Downtown,GRADUAL_IMPROVEMENT,8634,99,79.2,29.28,0.37,14.27,64.04,5,Normal,Good,1,1,1
Zone_25,38,Residential,STABLE,10790,71,71.0,32.77,0.462,24.01,61.04,0,Normal,Good,0,0,0
Zone_26,38,University_District,STABLE,7678,75,75.0,35.05,0.467,19.99,62.29,1,Normal,Good,0,0,0
Zone_27,38,Suburban_LowDensity,PERIODIC_SPIKE,4357,81,81.0,18.82,0.232,13.87,61.8,5,Normal,Good,0,0,0
Zone_28,38,Highway_Junction,PERIODIC_SPIKE,1845,83,66.4,13.36,0.201,12.84,59.54,6,Normal,Good,1,0,0
Zone_29,38,Residential,RECOVERY_AFTER_DISRUPTION,13450,94,94.0,36.41,0.387,19.06,60.07,0,Normal,Good,0,0,0
Zone_30,38,Highway_Junction,GRADUAL_DETERIORATION,2448,66,52.8,19.32,0.366,16.24,61.68,6,Normal,Good,1,0,0
Zone_31,38,Commercial_Downtown,EVENT_SENSITIVE,9364,45,26.83,55.28,2.06,100.0,18.9,20,Light Rain,Moderate,1,4,1
Zone_32,38,Commercial_Downtown,GRADUAL_IMPROVEMENT,7248,81,64.8,34.13,0.527,27.62,56.67,10,Normal,Good,1,1,1
Zone_33,38,Commercial_Downtown,RECOVERY_AFTER_DISRUPTION,6945,63,50.4,49.05,0.973,58.24,48.87,8,Normal,Good,1,1,1
Zone_34,38,Industrial_Corridor,GRADUAL_DETERIORATION,3320,51,51.0,30.56,0.599,28.65,59.74,4,Normal,Good,0,0,0
Zone_35,38,Residential,GRADUAL_IMPROVEMENT,15280,95,95.0,34.08,0.359,18.32,61.39,3,Normal,Good,0,0,0
Zone_36,38,Residential,PERIODIC_SPIKE,12737,62,51.34,34.17,0.666,38.52,46.35,4,Light Rain,Moderate,0,0,0
Zone_37,38,Residential,RECOVERY_AFTER_DISRUPTION,11474,92,92.0,42.81,0.465,21.66,56.99,1,Normal,Good,0,0,0
Zone_38,38,Commercial_Downtown,RECOVERY_AFTER_DISRUPTION,9035,94,75.2,56.61,0.753,43.78,51.43,11,Normal,Good,1,0,0
Zone_39,38,Industrial_Corridor,GRADUAL_DETERIORATION,2566,44,44.0,22.65,0.515,26.6,57.14,5,Normal,Good,0,0,0
Zone_40,38,University_District,PERIODIC_SPIKE,7930,55,55.0,33.21,0.604,30.01,59.03,4,Normal,Good,0,1,1
Zone_41,38,Highway_Junction,GRADUAL_DETERIORATION,2549,42,33.6,36.63,1.09,70.19,43.71,13,Normal,Good,1,0,0
Zone_42,38,University_District,PERIODIC_SPIKE,7369,58,58.0,34.9,0.602,23.34,58.26,5,Normal,Good,0,0,0
Zone_43,38,Commercial_Downtown,STABLE,3988,78,62.4,21.66,0.347,21.86,58.91,8,Normal,Good,1,0,0
Zone_44,38,Suburban_LowDensity,STABLE,3720,70,70.0,12.22,0.175,9.77,64.7,5,Normal,Good,0,0,0
Zone_45,38,Highway_Junction,GRADUAL_DETERIORATION,2987,87,57.63,39.96,0.693,40.92,46.69,7,Light Rain,Moderate,1,0,0
Zone_46,38,University_District,GRADUAL_IMPROVEMENT,8049,51,42.23,30.9,0.732,48.57,43.97,5,Light Rain,Moderate,0,0,0
Zone_47,38,University_District,RECOVERY_AFTER_DISRUPTION,8056,58,58.0,33.37,0.575,31.73,58.96,2,Normal,Good,0,0,0
Zone_48,38,Industrial_Corridor,RECOVERY_AFTER_DISRUPTION,3999,72,72.0,15.38,0.214,7.9,64.5,1,Normal,Good,0,0,0
Zone_49,38,University_District,STABLE,11539,59,59.0,59.57,1.01,65.23,43.24,5,Normal,Good,0,2,1
Zone_50,38,University_District,GRADUAL_DETERIORATION,11592,68,68.0,65.86,0.969,62.43,48.54,6,Normal,Good,0,0,0
Zone_01,39,Commercial_Downtown,RECOVERY_AFTER_DISRUPTION,8726,60,48.0,62.25,1.297,81.15,36.74,15,Normal,Good,1,2,1
Zone_02,39,Residential,STABLE,12426,92,92.0,40.24,0.437,17.95,61.02,1,Normal,Good,0,0,0
Zone_03,39,University_District,EVENT_SENSITIVE,7685,63,63.0,31.65,0.502,23.0,58.81,4,Normal,Good,0,0,0
Zone_04,39,Highway_Junction,GRADUAL_DETERIORATION,2415,72,57.6,42.22,0.733,39.7,53.05,14,Normal,Good,1,2,1
Zone_05,39,Commercial_Downtown,GRADUAL_IMPROVEMENT,8343,66,52.8,38.58,0.731,39.15,53.33,8,Normal,Good,1,0,0
Zone_06,39,University_District,STABLE,8747,86,86.0,44.69,0.52,24.71,56.92,2,Normal,Good,0,0,0
Zone_07,39,University_District,GRADUAL_DETERIORATION,7267,42,42.0,50.57,1.204,75.78,36.69,16,Normal,Good,0,1,1
Zone_08,39,Highway_Junction,PERIODIC_SPIKE,2040,43,34.4,19.25,0.56,29.57,59.52,10,Normal,Good,1,0,0
Zone_09,39,Suburban_LowDensity,PERIODIC_SPIKE,3241,92,92.0,10.43,0.113,9.5,62.9,4,Normal,Good,0,0,0
Zone_10,39,Residential,GRADUAL_DETERIORATION,15099,47,47.0,51.46,1.095,73.44,40.93,9,Normal,Good,0,1,1
Zone_11,39,Residential,RECOVERY_AFTER_DISRUPTION,9955,43,43.0,26.24,0.61,28.82,58.61,5,Normal,Good,0,0,0
Zone_12,39,Commercial_Downtown,GRADUAL_IMPROVEMENT,8725,68,54.4,59.13,1.087,67.58,41.72,15,Normal,Good,1,0,0
Zone_13,39,Suburban_LowDensity,EVENT_SENSITIVE,1361,75,75.0,6.14,0.082,9.12,65.1,2,Normal,Good,0,0,0
Zone_14,39,University_District,RECOVERY_AFTER_DISRUPTION,10551,99,81.97,49.34,0.602,31.96,47.68,1,Light Rain,Moderate,0,0,0
Zone_15,39,Residential,GRADUAL_DETERIORATION,14863,86,71.21,58.73,0.825,52.76,40.51,7,Light Rain,Moderate,0,0,0
Zone_16,39,Highway_Junction,GRADUAL_DETERIORATION,1963,84,67.2,24.53,0.365,18.08,61.59,8,Normal,Good,1,0,0
Zone_17,39,Residential,EVENT_SENSITIVE,8064,48,48.0,20.44,0.426,17.86,62.78,3,Normal,Good,0,0,0
Zone_18,39,Industrial_Corridor,STABLE,3295,90,90.0,7.05,0.078,7.47,65.62,1,Normal,Good,0,0,0
Zone_19,39,Industrial_Corridor,EVENT_SENSITIVE,4136,81,81.0,21.59,0.267,14.59,66.06,3,Normal,Good,0,0,0
Zone_20,39,Commercial_Downtown,STABLE,3700,73,58.4,29.49,0.505,22.95,61.07,10,Normal,Good,1,0,0
Zone_21,39,Residential,GRADUAL_DETERIORATION,11645,74,74.0,53.99,0.73,34.25,58.97,5,Normal,Good,0,0,0
Zone_22,39,University_District,GRADUAL_DETERIORATION,7570,76,76.0,46.18,0.608,30.22,58.52,9,Normal,Good,0,0,0
Zone_23,39,Suburban_LowDensity,EVENT_SENSITIVE,2228,53,53.0,7.62,0.144,7.22,64.05,2,Normal,Good,0,0,0
Zone_24,39,Commercial_Downtown,GRADUAL_IMPROVEMENT,8634,99,79.2,34.09,0.43,23.07,59.77,7,Normal,Good,1,0,0
Zone_25,39,Residential,STABLE,10790,71,71.0,33.43,0.471,21.56,58.88,3,Normal,Good,0,0,0
Zone_26,39,University_District,STABLE,7678,75,75.0,31.75,0.423,17.38,61.08,4,Normal,Good,0,0,0
Zone_27,39,Suburban_LowDensity,PERIODIC_SPIKE,4357,81,81.0,11.42,0.141,6.17,65.86,1,Normal,Good,0,0,0
Zone_28,39,Highway_Junction,PERIODIC_SPIKE,1845,83,66.4,20.01,0.301,12.27,63.19,5,Normal,Good,1,0,0
Zone_29,39,Residential,RECOVERY_AFTER_DISRUPTION,13450,94,94.0,39.23,0.417,17.48,62.56,2,Normal,Good,0,0,0
Zone_30,39,Highway_Junction,GRADUAL_DETERIORATION,2448,66,43.72,30.42,0.696,39.21,47.89,9,Light Rain,Moderate,1,0,0
Zone_31,39,Commercial_Downtown,EVENT_SENSITIVE,9364,45,32.4,67.33,2.078,100.0,26.16,14,Normal,Good,1,2,1
Zone_32,39,Commercial_Downtown,GRADUAL_IMPROVEMENT,7248,81,64.8,41.89,0.646,30.7,56.91,6,Normal,Good,1,0,0
Zone_33,39,Commercial_Downtown,RECOVERY_AFTER_DISRUPTION,6945,63,50.4,54.98,1.091,67.94,43.53,11,Normal,Good,1,0,0
Zone_34,39,Industrial_Corridor,GRADUAL_DETERIORATION,3320,51,51.0,30.46,0.597,28.21,60.25,0,Normal,Good,0,0,0
Zone_35,39,Residential,GRADUAL_IMPROVEMENT,15280,95,95.0,32.94,0.347,14.19,63.97,2,Normal,Good,0,0,0
Zone_36,39,Residential,PERIODIC_SPIKE,12737,62,62.0,31.07,0.501,25.14,58.52,2,Normal,Good,0,1,1
Zone_37,39,Residential,RECOVERY_AFTER_DISRUPTION,11474,92,92.0,38.61,0.42,21.99,58.9,2,Normal,Good,0,0,0
Zone_38,39,Commercial_Downtown,RECOVERY_AFTER_DISRUPTION,9035,94,75.2,58.74,0.781,40.43,56.28,8,Normal,Good,1,0,0
Zone_39,39,Industrial_Corridor,GRADUAL_DETERIORATION,2566,44,36.43,25.57,0.702,42.47,41.59,4,Light Rain,Moderate,0,1,1
Zone_40,39,University_District,PERIODIC_SPIKE,7930,55,55.0,32.89,0.598,29.87,58.72,2,Normal,Good,0,0,0
Zone_41,39,Highway_Junction,GRADUAL_DETERIORATION,2549,42,33.6,45.89,1.366,84.94,35.72,13,Normal,Good,1,0,0
Zone_42,39,University_District,PERIODIC_SPIKE,7369,58,58.0,34.56,0.596,33.14,55.48,5,Normal,Good,0,0,0
Zone_43,39,Commercial_Downtown,STABLE,3988,78,62.4,30.94,0.496,24.7,62.11,7,Normal,Good,1,0,0
Zone_44,39,Suburban_LowDensity,STABLE,3720,70,57.96,10.78,0.186,13.39,52.05,1,Light Rain,Moderate,0,0,0
Zone_45,39,Highway_Junction,GRADUAL_DETERIORATION,2987,87,69.6,45.16,0.649,37.55,51.81,11,Normal,Good,1,0,0
Zone_46,39,University_District,GRADUAL_IMPROVEMENT,8049,51,42.23,31.23,0.74,42.49,44.1,8,Light Rain,Moderate,0,1,1
Zone_47,39,University_District,RECOVERY_AFTER_DISRUPTION,8056,58,58.0,27.76,0.479,22.44,60.28,2,Normal,Good,0,0,0
Zone_48,39,Industrial_Corridor,RECOVERY_AFTER_DISRUPTION,3999,72,72.0,16.0,0.222,11.07,62.28,0,Normal,Good,0,0,0
Zone_49,39,University_District,STABLE,11539,59,59.0,55.02,0.933,53.87,47.9,3,Normal,Good,0,0,0
Zone_50,39,University_District,GRADUAL_DETERIORATION,11592,68,68.0,68.34,1.005,58.67,44.43,4,Normal,Good,0,0,0
Zone_01,40,Commercial_Downtown,RECOVERY_AFTER_DISRUPTION,8726,60,39.74,61.02,1.535,100.0,19.16,14,Light Rain,Moderate,1,1,1
Zone_02,40,Residential,STABLE,12426,92,92.0,36.04,0.392,17.99,60.0,3,Normal,Good,0,1,1
Zone_03,40,University_District,EVENT_SENSITIVE,7685,63,63.0,28.14,0.447,17.35,61.47,3,Normal,Good,0,0,0
Zone_04,40,Highway_Junction,GRADUAL_DETERIORATION,2415,72,57.6,44.33,0.77,47.58,50.17,8,Normal,Good,1,0,0
Zone_05,40,Commercial_Downtown,GRADUAL_IMPROVEMENT,8343,66,52.8,42.32,0.802,46.73,52.31,16,Normal,Good,1,1,1
Zone_06,40,University_District,STABLE,8747,86,86.0,41.18,0.479,23.95,59.05,3,Normal,Good,0,0,0
Zone_07,40,University_District,GRADUAL_DETERIORATION,7267,42,42.0,54.11,1.288,81.56,35.38,6,Normal,Good,0,0,0
Zone_08,40,Highway_Junction,PERIODIC_SPIKE,2040,43,32.04,27.67,0.864,59.44,39.84,7,Light Rain,Moderate,1,3,1
Zone_09,40,Suburban_LowDensity,PERIODIC_SPIKE,3241,92,82.8,16.54,0.2,15.0,65.48,4,Normal,Good,1,0,0
Zone_10,40,Residential,GRADUAL_DETERIORATION,15099,47,38.92,53.18,1.366,94.59,23.0,8,Light Rain,Moderate,0,5,1
Zone_11,40,Residential,RECOVERY_AFTER_DISRUPTION,9955,43,43.0,21.73,0.505,23.69,56.39,4,Normal,Good,0,0,0
Zone_12,40,Commercial_Downtown,GRADUAL_IMPROVEMENT,8725,68,54.4,59.94,1.102,71.84,38.96,18,Normal,Good,1,2,1
Zone_13,40,Suburban_LowDensity,EVENT_SENSITIVE,1361,75,75.0,12.46,0.166,8.47,64.3,1,Normal,Good,0,0,0
Zone_14,40,University_District,RECOVERY_AFTER_DISRUPTION,10551,99,99.0,53.29,0.538,27.64,56.5,3,Normal,Good,0,0,0
Zone_15,40,Residential,GRADUAL_DETERIORATION,14863,86,86.0,67.18,0.781,43.52,53.4,3,Normal,Good,0,0,0
Zone_16,40,Highway_Junction,GRADUAL_DETERIORATION,1963,84,67.2,28.78,0.428,19.97,60.37,7,Normal,Good,1,0,0
Zone_17,40,Residential,EVENT_SENSITIVE,8064,48,48.0,21.88,0.456,24.82,58.0,2,Normal,Good,0,0,0
Zone_18,40,Industrial_Corridor,STABLE,3295,90,74.52,10.48,0.141,6.82,55.17,3,Light Rain,Moderate,0,0,0
Zone_19,40,Industrial_Corridor,EVENT_SENSITIVE,4136,81,81.0,18.18,0.224,11.77,63.22,2,Normal,Good,0,0,0
Zone_20,40,Commercial_Downtown,STABLE,3700,73,58.4,26.51,0.454,20.87,61.45,8,Normal,Good,1,0,0
Zone_21,40,Residential,GRADUAL_DETERIORATION,11645,74,74.0,54.87,0.741,38.0,53.24,6,Normal,Good,0,0,0
Zone_22,40,University_District,GRADUAL_DETERIORATION,7570,76,76.0,45.36,0.597,27.72,59.07,0,Normal,Good,0,0,0
Zone_23,40,Suburban_LowDensity,EVENT_SENSITIVE,2228,53,53.0,6.22,0.117,5.54,64.93,3,Normal,Good,0,0,0
Zone_24,40,Commercial_Downtown,GRADUAL_IMPROVEMENT,8634,99,79.2,42.14,0.532,30.74,60.15,7,Normal,Good,1,0,0
Zone_25,40,Residential,STABLE,10790,71,58.79,28.54,0.485,24.09,53.68,3,Light Rain,Moderate,0,0,0
Zone_26,40,University_District,STABLE,7678,75,75.0,35.88,0.478,20.07,61.7,2,Normal,Good,0,0,0
Zone_27,40,Suburban_LowDensity,PERIODIC_SPIKE,4357,81,72.9,19.59,0.269,13.81,63.49,4,Normal,Good,1,0,0
Zone_28,40,Highway_Junction,PERIODIC_SPIKE,1845,83,74.7,21.99,0.294,9.22,65.02,9,Normal,Good,1,0,0
Zone_29,40,Residential,RECOVERY_AFTER_DISRUPTION,13450,94,94.0,40.76,0.434,18.01,58.12,1,Normal,Good,0,0,0
Zone_30,40,Highway_Junction,GRADUAL_DETERIORATION,2448,66,52.8,34.71,0.657,31.99,55.82,16,Normal,Good,1,1,1
Zone_31,40,Commercial_Downtown,EVENT_SENSITIVE,9364,45,32.4,71.4,2.204,100.0,25.54,12,Normal,Good,1,0,0
Zone_32,40,Commercial_Downtown,GRADUAL_IMPROVEMENT,7248,81,64.8,46.66,0.72,27.94,58.53,4,Normal,Good,1,0,0
Zone_33,40,Commercial_Downtown,RECOVERY_AFTER_DISRUPTION,6945,63,50.4,41.14,0.816,42.32,51.57,11,Normal,Good,1,0,0
Zone_34,40,Industrial_Corridor,GRADUAL_DETERIORATION,3320,51,51.0,28.42,0.557,23.57,57.46,2,Normal,Good,0,0,0
Zone_35,40,Residential,GRADUAL_IMPROVEMENT,15280,95,95.0,32.01,0.337,12.31,66.47,2,Normal,Good,0,0,0
Zone_36,40,Residential,PERIODIC_SPIKE,12737,62,55.8,38.4,0.688,35.62,53.89,4,Normal,Good,1,0,0
Zone_37,40,Residential,RECOVERY_AFTER_DISRUPTION,11474,92,92.0,35.37,0.384,17.4,61.52,1,Normal,Good,0,0,0
Zone_38,40,Commercial_Downtown,RECOVERY_AFTER_DISRUPTION,9035,94,75.2,58.95,0.784,37.26,53.89,3,Normal,Good,1,0,0
Zone_39,40,Industrial_Corridor,GRADUAL_DETERIORATION,2566,44,44.0,28.31,0.643,32.29,55.54,3,Normal,Good,0,0,0
Zone_40,40,University_District,PERIODIC_SPIKE,7930,55,49.5,39.51,0.798,45.31,48.77,3,Normal,Good,1,0,0
Zone_41,40,Highway_Junction,GRADUAL_DETERIORATION,2549,42,33.6,45.94,1.367,87.75,31.44,12,Normal,Good,1,2,1
Zone_42,40,University_District,PERIODIC_SPIKE,7369,58,52.2,34.31,0.657,35.64,56.51,11,Normal,Good,1,0,0
Zone_43,40,Commercial_Downtown,STABLE,3988,78,62.4,27.55,0.442,24.09,60.07,4,Normal,Good,1,0,0
Zone_44,40,Suburban_LowDensity,STABLE,3720,70,70.0,8.47,0.121,7.93,62.96,0,Normal,Good,0,0,0
Zone_45,40,Highway_Junction,GRADUAL_DETERIORATION,2987,87,69.6,48.14,0.692,36.55,53.76,8,Normal,Good,1,1,1
Zone_46,40,University_District,GRADUAL_IMPROVEMENT,8049,51,51.0,28.32,0.555,26.65,62.04,2,Normal,Good,0,0,0
Zone_47,40,University_District,RECOVERY_AFTER_DISRUPTION,8056,58,58.0,28.57,0.493,24.55,55.82,4,Normal,Good,0,0,0
Zone_48,40,Industrial_Corridor,RECOVERY_AFTER_DISRUPTION,3999,72,72.0,22.61,0.314,8.98,65.72,4,Normal,Good,0,0,0
Zone_49,40,University_District,STABLE,11539,59,48.85,51.48,1.054,77.47,27.11,12,Light Rain,Moderate,0,1,1
Zone_50,40,University_District,GRADUAL_DETERIORATION,11592,68,68.0,68.51,1.008,65.85,46.47,1,Normal,Good,0,3,1
Zone_01,41,Commercial_Downtown,RECOVERY_AFTER_DISRUPTION,8726,60,60.0,56.07,0.934,54.92,48.11,8,Normal,Good,0,2,1
Zone_02,41,Residential,STABLE,12426,92,92.0,34.37,0.374,21.25,59.0,6,Normal,Good,0,0,0
Zone_03,41,University_District,EVENT_SENSITIVE,7685,63,52.16,28.79,0.552,27.35,51.65,4,Light Rain,Moderate,0,0,0
Zone_04,41,Highway_Junction,GRADUAL_DETERIORATION,2415,72,59.62,41.77,0.701,38.16,47.74,4,Light Rain,Moderate,0,0,0
Zone_05,41,Commercial_Downtown,GRADUAL_IMPROVEMENT,8343,66,66.0,31.47,0.477,19.73,60.63,7,Normal,Good,0,0,0
Zone_06,41,University_District,STABLE,8747,86,86.0,46.04,0.535,23.92,57.7,5,Normal,Good,0,0,0
Zone_07,41,University_District,GRADUAL_DETERIORATION,7267,42,42.0,44.59,1.062,70.03,43.26,6,Normal,Good,0,4,1
Zone_08,41,Highway_Junction,PERIODIC_SPIKE,2040,43,43.0,29.38,0.683,36.46,56.69,5,Normal,Good,0,0,0
Zone_09,41,Suburban_LowDensity,PERIODIC_SPIKE,3241,92,92.0,15.22,0.165,11.38,62.47,1,Normal,Good,0,0,0
Zone_10,41,Residential,GRADUAL_DETERIORATION,15099,47,47.0,59.27,1.261,80.23,36.48,10,Normal,Good,0,3,1
Zone_11,41,Residential,RECOVERY_AFTER_DISRUPTION,9955,43,43.0,27.63,0.643,33.55,57.21,8,Normal,Good,0,0,0
Zone_12,41,Commercial_Downtown,GRADUAL_IMPROVEMENT,8725,68,68.0,49.46,0.727,40.42,48.44,8,Normal,Good,0,0,0
Zone_13,41,Suburban_LowDensity,EVENT_SENSITIVE,1361,75,75.0,16.98,0.226,14.83,62.88,0,Normal,Good,0,0,0
Zone_14,41,University_District,RECOVERY_AFTER_DISRUPTION,10551,99,99.0,51.88,0.524,26.14,57.26,4,Normal,Good,0,0,0
Zone_15,41,Residential,GRADUAL_DETERIORATION,14863,86,86.0,59.66,0.694,35.29,54.84,3,Normal,Good,0,0,0
Zone_16,41,Highway_Junction,GRADUAL_DETERIORATION,1963,84,84.0,24.3,0.289,8.68,62.72,4,Normal,Good,0,0,0
Zone_17,41,Residential,EVENT_SENSITIVE,8064,48,48.0,21.69,0.452,19.98,60.28,1,Normal,Good,0,0,0
Zone_18,41,Industrial_Corridor,STABLE,3295,90,90.0,10.01,0.111,7.63,62.95,1,Normal,Good,0,0,0
Zone_19,41,Industrial_Corridor,EVENT_SENSITIVE,4136,81,81.0,17.58,0.217,10.37,64.78,6,Normal,Good,0,2,1
Zone_20,41,Commercial_Downtown,STABLE,3700,73,73.0,30.27,0.415,15.11,65.26,5,Normal,Good,0,1,1
Zone_21,41,Residential,GRADUAL_DETERIORATION,11645,74,61.27,57.46,0.938,67.32,32.56,7,Light Rain,Moderate,0,2,1
Zone_22,41,University_District,GRADUAL_DETERIORATION,7570,76,76.0,44.55,0.586,29.23,58.72,2,Normal,Good,0,0,0
Zone_23,41,Suburban_LowDensity,EVENT_SENSITIVE,2228,53,53.0,6.29,0.119,10.26,66.47,1,Normal,Good,0,0,0
Zone_24,41,Commercial_Downtown,GRADUAL_IMPROVEMENT,8634,99,99.0,34.76,0.351,22.11,57.02,5,Normal,Good,0,0,0
Zone_25,41,Residential,STABLE,10790,71,71.0,28.74,0.405,18.39,60.96,2,Normal,Good,0,0,0
Zone_26,41,University_District,STABLE,7678,75,75.0,36.77,0.49,23.54,63.22,3,Normal,Good,0,0,0
Zone_27,41,Suburban_LowDensity,PERIODIC_SPIKE,4357,81,81.0,13.64,0.168,12.47,63.64,2,Normal,Good,0,0,0
Zone_28,41,Highway_Junction,PERIODIC_SPIKE,1845,83,83.0,17.91,0.216,7.36,65.3,4,Normal,Good,0,0,0
Zone_29,41,Residential,RECOVERY_AFTER_DISRUPTION,13450,94,94.0,42.18,0.449,22.64,56.52,2,Normal,Good,0,1,1
Zone_30,41,Highway_Junction,GRADUAL_DETERIORATION,2448,66,54.65,22.82,0.418,22.52,52.73,3,Light Rain,Moderate,0,0,0
Zone_31,41,Commercial_Downtown,EVENT_SENSITIVE,9364,45,45.0,62.3,1.384,87.79,30.27,15,Normal,Good,0,3,1
Zone_32,41,Commercial_Downtown,GRADUAL_IMPROVEMENT,7248,81,81.0,36.91,0.456,21.72,65.37,4,Normal,Good,0,0,0
Zone_33,41,Commercial_Downtown,RECOVERY_AFTER_DISRUPTION,6945,63,63.0,33.33,0.529,25.66,56.34,8,Normal,Good,0,0,0
Zone_34,41,Industrial_Corridor,GRADUAL_DETERIORATION,3320,51,51.0,26.77,0.525,24.63,59.47,4,Normal,Good,0,0,0
Zone_35,41,Residential,GRADUAL_IMPROVEMENT,15280,95,95.0,35.12,0.37,16.71,63.0,2,Normal,Good,0,0,0
Zone_36,41,Residential,PERIODIC_SPIKE,12737,62,51.34,36.67,0.714,42.85,44.32,8,Light Rain,Moderate,0,1,1
Zone_37,41,Residential,RECOVERY_AFTER_DISRUPTION,11474,92,92.0,34.39,0.374,10.29,64.08,2,Normal,Good,0,0,0
Zone_38,41,Commercial_Downtown,RECOVERY_AFTER_DISRUPTION,9035,94,94.0,56.12,0.597,28.97,57.62,2,Normal,Good,0,0,0
Zone_39,41,Industrial_Corridor,GRADUAL_DETERIORATION,2566,44,44.0,32.6,0.741,41.77,53.22,7,Normal,Good,0,0,0
Zone_40,41,University_District,PERIODIC_SPIKE,7930,55,55.0,42.03,0.764,42.64,53.16,8,Normal,Good,0,0,0
Zone_41,41,Highway_Junction,GRADUAL_DETERIORATION,2549,42,42.0,37.5,0.893,54.05,49.4,4,Normal,Good,0,0,0
Zone_42,41,University_District,PERIODIC_SPIKE,7369,58,58.0,29.54,0.509,20.91,59.17,5,Normal,Good,0,0,0
Zone_43,41,Commercial_Downtown,STABLE,3988,78,78.0,28.71,0.368,19.43,60.25,5,Normal,Good,0,0,0
Zone_44,41,Suburban_LowDensity,STABLE,3720,70,70.0,8.02,0.115,6.73,61.27,3,Normal,Good,0,0,0
Zone_45,41,Highway_Junction,GRADUAL_DETERIORATION,2987,87,87.0,37.37,0.43,17.82,60.22,2,Normal,Good,0,0,0
Zone_46,41,University_District,GRADUAL_IMPROVEMENT,8049,51,51.0,27.5,0.539,27.72,60.88,4,Normal,Good,0,0,0
Zone_47,41,University_District,RECOVERY_AFTER_DISRUPTION,8056,58,58.0,31.21,0.538,27.87,59.03,3,Normal,Good,0,0,0
Zone_48,41,Industrial_Corridor,RECOVERY_AFTER_DISRUPTION,3999,72,72.0,14.05,0.195,9.62,62.91,3,Normal,Good,0,0,0
Zone_49,41,University_District,STABLE,11539,59,59.0,46.65,0.791,47.39,48.47,5,Normal,Good,0,1,1
Zone_50,41,University_District,GRADUAL_DETERIORATION,11592,68,68.0,70.66,1.039,66.64,43.29,7,Normal,Good,0,0,0
Zone_01,42,Commercial_Downtown,RECOVERY_AFTER_DISRUPTION,8726,60,60.0,58.92,0.982,60.09,47.84,12,Normal,Good,0,1,1
Zone_02,42,Residential,STABLE,12426,92,92.0,41.21,0.448,19.94,62.73,1,Normal,Good,0,0,0
Zone_03,42,University_District,EVENT_SENSITIVE,7685,63,55.44,39.64,0.715,39.98,53.12,11,Normal,Good,1,0,0
Zone_04,42,Highway_Junction,GRADUAL_DETERIORATION,2415,72,72.0,40.45,0.562,26.67,59.14,5,Normal,Good,0,0,0
Zone_05,42,Commercial_Downtown,GRADUAL_IMPROVEMENT,8343,66,66.0,26.63,0.403,17.13,60.2,4,Normal,Good,0,0,0
Zone_06,42,University_District,STABLE,8747,86,71.21,41.38,0.581,32.22,49.08,6,Light Rain,Moderate,0,0,0
Zone_07,42,University_District,GRADUAL_DETERIORATION,7267,42,42.0,44.98,1.071,66.11,42.35,12,Normal,Good,0,1,1
Zone_08,42,Highway_Junction,PERIODIC_SPIKE,2040,43,35.6,14.98,0.421,20.08,55.21,6,Light Rain,Moderate,0,0,0
Zone_09,42,Suburban_LowDensity,PERIODIC_SPIKE,3241,92,76.18,6.62,0.087,9.23,57.52,3,Light Rain,Moderate,0,0,0
Zone_10,42,Residential,GRADUAL_DETERIORATION,15099,47,38.92,58.01,1.49,100.0,23.44,9,Light Rain,Moderate,0,1,1
Zone_11,42,Residential,RECOVERY_AFTER_DISRUPTION,9955,43,43.0,31.58,0.734,37.84,58.51,3,Normal,Good,0,0,0
Zone_12,42,Commercial_Downtown,GRADUAL_IMPROVEMENT,8725,68,68.0,40.71,0.599,32.76,54.74,4,Normal,Good,0,0,0
Zone_13,42,Suburban_LowDensity,EVENT_SENSITIVE,1361,75,66.0,14.67,0.222,11.67,60.76,4,Normal,Good,1,0,0
Zone_14,42,University_District,RECOVERY_AFTER_DISRUPTION,10551,99,99.0,48.85,0.493,25.87,60.58,5,Normal,Good,0,0,0
Zone_15,42,Residential,GRADUAL_DETERIORATION,14863,86,86.0,57.09,0.664,38.54,56.71,9,Normal,Good,0,0,0
Zone_16,42,Highway_Junction,GRADUAL_DETERIORATION,1963,84,84.0,25.27,0.301,11.09,60.89,1,Normal,Good,0,0,0
Zone_17,42,Residential,EVENT_SENSITIVE,8064,48,42.24,28.99,0.686,40.95,52.87,7,Normal,Good,1,0,0
Zone_18,42,Industrial_Corridor,STABLE,3295,90,90.0,13.97,0.155,10.3,65.16,1,Normal,Good,0,0,0
Zone_19,42,Industrial_Corridor,EVENT_SENSITIVE,4136,81,71.28,18.1,0.254,13.48,66.36,10,Normal,Good,1,0,0
Zone_20,42,Commercial_Downtown,STABLE,3700,73,73.0,20.85,0.286,13.14,65.77,6,Normal,Good,0,0,0
Zone_21,42,Residential,GRADUAL_DETERIORATION,11645,74,74.0,60.11,0.812,50.66,47.57,7,Normal,Good,0,0,0
Zone_22,42,University_District,GRADUAL_DETERIORATION,7570,76,76.0,40.45,0.532,23.2,58.48,3,Normal,Good,0,0,0
Zone_23,42,Suburban_LowDensity,EVENT_SENSITIVE,2228,53,38.62,14.01,0.363,16.75,51.77,7,Light Rain,Moderate,1,0,0
Zone_24,42,Commercial_Downtown,GRADUAL_IMPROVEMENT,8634,99,99.0,30.14,0.304,14.68,61.76,5,Normal,Good,0,0,0
Zone_25,42,Residential,STABLE,10790,71,71.0,31.56,0.445,20.43,61.39,3,Normal,Good,0,0,0
Zone_26,42,University_District,STABLE,7678,75,75.0,35.37,0.472,24.13,56.39,5,Normal,Good,0,0,0
Zone_27,42,Suburban_LowDensity,PERIODIC_SPIKE,4357,81,81.0,19.64,0.242,9.14,63.76,0,Normal,Good,0,0,0
Zone_28,42,Highway_Junction,PERIODIC_SPIKE,1845,83,83.0,11.52,0.139,8.57,61.39,4,Normal,Good,0,0,0
Zone_29,42,Residential,RECOVERY_AFTER_DISRUPTION,13450,94,94.0,35.73,0.38,16.21,60.19,3,Normal,Good,0,0,0
Zone_30,42,Highway_Junction,GRADUAL_DETERIORATION,2448,66,66.0,26.67,0.404,17.46,64.31,11,Normal,Good,0,0,0
Zone_31,42,Commercial_Downtown,EVENT_SENSITIVE,9364,45,39.6,64.24,1.622,95.69,26.98,16,Normal,Good,1,4,1
Zone_32,42,Commercial_Downtown,GRADUAL_IMPROVEMENT,7248,81,81.0,34.33,0.424,17.53,62.56,3,Normal,Good,0,0,0
Zone_33,42,Commercial_Downtown,RECOVERY_AFTER_DISRUPTION,6945,63,63.0,36.01,0.572,32.89,58.67,7,Normal,Good,0,0,0
Zone_34,42,Industrial_Corridor,GRADUAL_DETERIORATION,3320,51,51.0,36.01,0.706,40.22,55.31,1,Normal,Good,0,0,0
Zone_35,42,Residential,GRADUAL_IMPROVEMENT,15280,95,95.0,33.77,0.355,18.84,61.39,2,Normal,Good,0,0,0
Zone_36,42,Residential,PERIODIC_SPIKE,12737,62,62.0,42.65,0.688,37.67,54.17,2,Normal,Good,0,0,0
Zone_37,42,Residential,RECOVERY_AFTER_DISRUPTION,11474,92,92.0,29.51,0.321,11.67,60.45,3,Normal,Good,0,0,0
Zone_38,42,Commercial_Downtown,RECOVERY_AFTER_DISRUPTION,9035,94,77.83,54.28,0.697,41.9,46.77,8,Light Rain,Moderate,0,1,1
Zone_39,42,Industrial_Corridor,GRADUAL_DETERIORATION,2566,44,44.0,31.08,0.706,35.53,53.84,3,Normal,Good,0,0,0
Zone_40,42,University_District,PERIODIC_SPIKE,7930,55,55.0,42.49,0.773,50.5,50.41,6,Normal,Good,0,1,1
Zone_41,42,Highway_Junction,GRADUAL_DETERIORATION,2549,42,42.0,39.42,0.939,55.27,48.88,8,Normal,Good,0,0,0
Zone_42,42,University_District,PERIODIC_SPIKE,7369,58,58.0,35.0,0.603,31.36,57.57,4,Normal,Good,0,0,0
Zone_43,42,Commercial_Downtown,STABLE,3988,78,78.0,21.97,0.282,10.13,62.8,2,Normal,Good,0,0,0
Zone_44,42,Suburban_LowDensity,STABLE,3720,70,70.0,6.73,0.096,0.0,65.63,1,Normal,Good,0,0,0
Zone_45,42,Highway_Junction,GRADUAL_DETERIORATION,2987,87,87.0,35.91,0.413,16.15,63.8,5,Normal,Good,0,0,0
Zone_46,42,University_District,GRADUAL_IMPROVEMENT,8049,51,42.23,26.59,0.63,32.74,48.91,7,Light Rain,Moderate,0,0,0
Zone_47,42,University_District,RECOVERY_AFTER_DISRUPTION,8056,58,58.0,29.39,0.507,24.82,58.85,4,Normal,Good,0,0,0
Zone_48,42,Industrial_Corridor,RECOVERY_AFTER_DISRUPTION,3999,72,72.0,15.52,0.216,14.09,63.68,3,Normal,Good,0,0,0
Zone_49,42,University_District,STABLE,11539,59,59.0,49.41,0.837,52.61,47.97,7,Normal,Good,0,1,1
Zone_50,42,University_District,GRADUAL_DETERIORATION,11592,68,68.0,71.92,1.058,70.43,40.58,11,Normal,Good,0,2,1
Zone_01,43,Commercial_Downtown,RECOVERY_AFTER_DISRUPTION,8726,60,60.0,54.52,0.909,56.75,47.43,5,Normal,Good,0,0,0
Zone_02,43,Residential,STABLE,12426,92,92.0,37.06,0.403,15.17,64.42,4,Normal,Good,0,0,0
Zone_03,43,University_District,EVENT_SENSITIVE,7685,63,63.0,40.72,0.646,31.47,56.77,2,Normal,Good,0,0,0
Zone_04,43,Highway_Junction,GRADUAL_DETERIORATION,2415,72,72.0,41.21,0.572,29.64,54.78,13,Normal,Good,0,1,1
Zone_05,43,Commercial_Downtown,GRADUAL_IMPROVEMENT,8343,66,66.0,25.52,0.387,17.54,59.87,7,Normal,Good,0,0,0
Zone_06,43,University_District,STABLE,8747,86,86.0,38.45,0.447,20.01,62.05,3,Normal,Good,0,1,1
Zone_07,43,University_District,GRADUAL_DETERIORATION,7267,42,42.0,46.49,1.107,67.71,44.12,7,Normal,Good,0,1,1
Zone_08,43,Highway_Junction,PERIODIC_SPIKE,2040,43,43.0,12.04,0.28,14.51,62.52,4,Normal,Good,0,0,0
Zone_09,43,Suburban_LowDensity,PERIODIC_SPIKE,3241,92,92.0,11.94,0.13,9.78,65.08,1,Normal,Good,0,0,0
Zone_10,43,Residential,GRADUAL_DETERIORATION,15099,47,47.0,64.45,1.371,88.99,34.19,11,Normal,Good,0,3,1
Zone_11,43,Residential,RECOVERY_AFTER_DISRUPTION,9955,43,35.6,26.42,0.742,42.75,42.58,6,Light Rain,Moderate,0,1,1
Zone_12,43,Commercial_Downtown,GRADUAL_IMPROVEMENT,8725,68,68.0,37.23,0.547,24.78,59.49,3,Normal,Good,0,0,0
Zone_13,43,Suburban_LowDensity,EVENT_SENSITIVE,1361,75,62.1,7.33,0.118,11.75,56.97,2,Light Rain,Moderate,0,0,0
Zone_14,43,University_District,RECOVERY_AFTER_DISRUPTION,10551,99,99.0,42.41,0.428,18.39,61.64,2,Normal,Good,0,0,0
Zone_15,43,Residential,GRADUAL_DETERIORATION,14863,86,71.21,69.11,0.971,65.59,33.64,4,Light Rain,Moderate,0,3,1
Zone_16,43,Highway_Junction,GRADUAL_DETERIORATION,1963,84,84.0,26.71,0.318,10.71,60.96,3,Normal,Good,0,0,0
Zone_17,43,Residential,EVENT_SENSITIVE,8064,48,48.0,23.19,0.483,19.74,60.84,2,Normal,Good,0,0,0
Zone_18,43,Industrial_Corridor,STABLE,3295,90,90.0,9.8,0.109,7.79,63.65,4,Normal,Good,0,0,0
Zone_19,43,Industrial_Corridor,EVENT_SENSITIVE,4136,81,81.0,15.6,0.193,11.67,64.99,1,Normal,Good,0,0,0
Zone_20,43,Commercial_Downtown,STABLE,3700,73,73.0,26.67,0.365,14.64,62.96,3,Normal,Good,0,0,0
Zone_21,43,Residential,GRADUAL_DETERIORATION,11645,74,74.0,56.08,0.758,34.98,58.04,6,Normal,Good,0,0,0
Zone_22,43,University_District,GRADUAL_DETERIORATION,7570,76,76.0,40.54,0.533,24.09,59.23,1,Normal,Good,0,0,0
Zone_23,43,Suburban_LowDensity,EVENT_SENSITIVE,2228,53,43.88,11.45,0.261,15.22,54.39,4,Light Rain,Moderate,0,0,0
Zone_24,43,Commercial_Downtown,GRADUAL_IMPROVEMENT,8634,99,99.0,28.33,0.286,16.54,63.67,0,Normal,Good,0,0,0
Zone_25,43,Residential,STABLE,10790,71,58.79,30.48,0.518,22.65,51.88,4,Light Rain,Moderate,0,0,0
Zone_26,43,University_District,STABLE,7678,75,75.0,42.28,0.564,27.43,55.98,5,Normal,Good,0,0,0
Zone_27,43,Suburban_LowDensity,PERIODIC_SPIKE,4357,81,81.0,10.19,0.126,7.5,61.68,1,Normal,Good,0,0,0
Zone_28,43,Highway_Junction,PERIODIC_SPIKE,1845,83,83.0,8.29,0.1,5.0,66.53,3,Normal,Good,0,0,0
Zone_29,43,Residential,RECOVERY_AFTER_DISRUPTION,13450,94,94.0,34.0,0.362,12.82,60.61,3,Normal,Good,0,0,0
Zone_30,43,Highway_Junction,GRADUAL_DETERIORATION,2448,66,66.0,22.61,0.343,10.42,64.14,8,Normal,Good,0,0,0
Zone_31,43,Commercial_Downtown,EVENT_SENSITIVE,9364,45,45.0,64.38,1.431,84.8,33.04,13,Normal,Good,0,2,1
Zone_32,43,Commercial_Downtown,GRADUAL_IMPROVEMENT,7248,81,67.07,31.61,0.471,25.08,51.84,3,Light Rain,Moderate,0,0,0
Zone_33,43,Commercial_Downtown,RECOVERY_AFTER_DISRUPTION,6945,63,52.16,30.4,0.583,30.71,51.05,9,Light Rain,Moderate,0,1,1
Zone_34,43,Industrial_Corridor,GRADUAL_DETERIORATION,3320,51,51.0,39.94,0.783,45.3,53.62,8,Normal,Good,0,0,0
Zone_35,43,Residential,GRADUAL_IMPROVEMENT,15280,95,95.0,28.19,0.297,16.13,61.05,0,Normal,Good,0,0,0
Zone_36,43,Residential,PERIODIC_SPIKE,12737,62,62.0,38.96,0.628,34.81,56.11,6,Normal,Good,0,0,0
Zone_37,43,Residential,RECOVERY_AFTER_DISRUPTION,11474,92,92.0,37.08,0.403,20.26,60.96,3,Normal,Good,0,1,1
Zone_38,43,Commercial_Downtown,RECOVERY_AFTER_DISRUPTION,9035,94,94.0,54.37,0.578,30.99,56.41,8,Normal,Good,0,0,0
Zone_39,43,Industrial_Corridor,GRADUAL_DETERIORATION,2566,44,36.43,21.93,0.602,34.3,47.05,0,Light Rain,Moderate,0,0,0
Zone_40,43,University_District,PERIODIC_SPIKE,7930,55,45.54,44.16,0.97,63.85,34.44,5,Light Rain,Moderate,0,0,0
Zone_41,43,Highway_Junction,GRADUAL_DETERIORATION,2549,42,42.0,29.32,0.698,34.68,55.29,5,Normal,Good,0,0,0
Zone_42,43,University_District,PERIODIC_SPIKE,7369,58,58.0,33.03,0.569,25.1,61.9,3,Normal,Good,0,0,0
Zone_43,43,Commercial_Downtown,STABLE,3988,78,78.0,13.37,0.171,11.57,60.45,7,Normal,Good,0,0,0
Zone_44,43,Suburban_LowDensity,STABLE,3720,70,57.96,3.49,0.06,11.36,55.3,3,Light Rain,Moderate,0,1,1
Zone_45,43,Highway_Junction,GRADUAL_DETERIORATION,2987,87,87.0,29.67,0.341,22.38,60.14,4,Normal,Good,0,0,0
Zone_46,43,University_District,GRADUAL_IMPROVEMENT,8049,51,51.0,26.07,0.511,22.84,59.86,4,Normal,Good,0,1,1
Zone_47,43,University_District,RECOVERY_AFTER_DISRUPTION,8056,58,58.0,27.65,0.477,23.81,60.65,2,Normal,Good,0,0,0
Zone_48,43,Industrial_Corridor,RECOVERY_AFTER_DISRUPTION,3999,72,72.0,14.4,0.2,12.44,64.32,0,Normal,Good,0,0,0
Zone_49,43,University_District,STABLE,11539,59,59.0,49.61,0.841,45.67,52.55,10,Normal,Good,0,2,1
Zone_50,43,University_District,GRADUAL_DETERIORATION,11592,68,68.0,71.51,1.052,61.61,45.02,10,Normal,Good,0,2,1
Zone_01,44,Commercial_Downtown,RECOVERY_AFTER_DISRUPTION,8726,60,60.0,48.22,0.804,50.99,49.16,9,Normal,Good,0,1,1
Zone_02,44,Residential,STABLE,12426,92,92.0,36.76,0.4,19.16,58.82,1,Normal,Good,0,0,0
Zone_03,44,University_District,EVENT_SENSITIVE,7685,63,63.0,31.73,0.504,23.66,59.56,7,Normal,Good,0,0,0
Zone_04,44,Highway_Junction,GRADUAL_DETERIORATION,2415,72,72.0,39.94,0.555,27.44,55.73,7,Normal,Good,0,0,0
Zone_05,44,Commercial_Downtown,GRADUAL_IMPROVEMENT,8343,66,66.0,20.13,0.305,11.12,65.12,4,Normal,Good,0,1,1
Zone_06,44,University_District,STABLE,8747,86,71.21,34.49,0.484,27.63,49.66,2,Light Rain,Moderate,0,0,0
Zone_07,44,University_District,GRADUAL_DETERIORATION,7267,42,42.0,44.07,1.049,67.38,41.14,14,Normal,Good,0,0,0
Zone_08,44,Highway_Junction,PERIODIC_SPIKE,2040,43,43.0,8.2,0.191,12.73,61.56,4,Normal,Good,0,0,0
Zone_09,44,Suburban_LowDensity,PERIODIC_SPIKE,3241,92,92.0,5.78,0.063,4.56,64.71,2,Normal,Good,0,0,0
Zone_10,44,Residential,GRADUAL_DETERIORATION,15099,47,47.0,65.28,1.389,87.67,35.62,4,Normal,Good,0,1,1
Zone_11,44,Residential,RECOVERY_AFTER_DISRUPTION,9955,43,35.6,17.41,0.489,22.01,54.28,5,Light Rain,Moderate,0,0,0
Zone_12,44,Commercial_Downtown,GRADUAL_IMPROVEMENT,8725,68,68.0,32.29,0.475,22.85,60.1,8,Normal,Good,0,0,0
Zone_13,44,Suburban_LowDensity,EVENT_SENSITIVE,1361,75,75.0,2.13,0.028,5.64,63.37,3,Normal,Good,0,0,0
Zone_14,44,University_District,RECOVERY_AFTER_DISRUPTION,10551,99,99.0,41.91,0.423,17.43,61.27,4,Normal,Good,0,0,0
Zone_15,44,Residential,GRADUAL_DETERIORATION,14863,86,86.0,70.62,0.821,46.63,51.93,5,Normal,Good,0,0,0
Zone_16,44,Highway_Junction,GRADUAL_DETERIORATION,1963,84,84.0,27.8,0.331,15.33,62.27,3,Normal,Good,0,0,0
Zone_17,44,Residential,EVENT_SENSITIVE,8064,48,39.74,22.49,0.566,32.23,46.84,2,Light Rain,Moderate,0,0,0
Zone_18,44,Industrial_Corridor,STABLE,3295,90,90.0,7.58,0.084,7.57,64.15,3,Normal,Good,0,0,0
Zone_19,44,Industrial_Corridor,EVENT_SENSITIVE,4136,81,81.0,5.62,0.069,5.69,63.24,0,Normal,Good,0,0,0
Zone_20,44,Commercial_Downtown,STABLE,3700,73,73.0,22.86,0.313,14.18,62.02,2,Normal,Good,0,0,0
Zone_21,44,Residential,GRADUAL_DETERIORATION,11645,74,61.27,54.37,0.887,57.16,39.38,6,Light Rain,Moderate,0,3,1
Zone_22,44,University_District,GRADUAL_DETERIORATION,7570,76,76.0,41.82,0.55,29.77,56.5,3,Normal,Good,0,0,0
Zone_23,44,Suburban_LowDensity,EVENT_SENSITIVE,2228,53,43.88,14.54,0.331,17.43,50.8,2,Light Rain,Moderate,0,0,0
Zone_24,44,Commercial_Downtown,GRADUAL_IMPROVEMENT,8634,99,99.0,30.45,0.308,15.47,63.47,4,Normal,Good,0,0,0
Zone_25,44,Residential,STABLE,10790,71,71.0,33.19,0.467,18.01,62.27,0,Normal,Good,0,0,0
Zone_26,44,University_District,STABLE,7678,75,75.0,40.0,0.533,28.27,58.9,5,Normal,Good,0,1,1
Zone_27,44,Suburban_LowDensity,PERIODIC_SPIKE,4357,81,81.0,11.99,0.148,9.12,61.21,5,Normal,Good,0,0,0
Zone_28,44,Highway_Junction,PERIODIC_SPIKE,1845,83,83.0,18.92,0.228,8.08,58.96,5,Normal,Good,0,0,0
Zone_29,44,Residential,RECOVERY_AFTER_DISRUPTION,13450,94,94.0,40.21,0.428,20.89,61.4,3,Normal,Good,0,0,0
Zone_30,44,Highway_Junction,GRADUAL_DETERIORATION,2448,66,66.0,25.97,0.393,13.98,63.74,7,Normal,Good,0,0,0
Zone_31,44,Commercial_Downtown,EVENT_SENSITIVE,9364,45,45.0,57.14,1.27,79.98,36.49,10,Normal,Good,0,1,1
Zone_32,44,Commercial_Downtown,GRADUAL_IMPROVEMENT,7248,81,81.0,36.15,0.446,16.76,60.96,8,Normal,Good,0,0,0
Zone_33,44,Commercial_Downtown,RECOVERY_AFTER_DISRUPTION,6945,63,63.0,25.21,0.4,17.6,62.86,6,Normal,Good,0,0,0
Zone_34,44,Industrial_Corridor,GRADUAL_DETERIORATION,3320,51,51.0,37.07,0.727,39.72,56.74,4,Normal,Good,0,0,0
Zone_35,44,Residential,GRADUAL_IMPROVEMENT,15280,95,95.0,31.62,0.333,12.84,60.4,2,Normal,Good,0,0,0
Zone_36,44,Residential,PERIODIC_SPIKE,12737,62,62.0,48.8,0.787,45.8,49.96,10,Normal,Good,0,0,0
Zone_37,44,Residential,RECOVERY_AFTER_DISRUPTION,11474,92,92.0,40.53,0.441,20.33,62.02,1,Normal,Good,0,0,0
Zone_38,44,Commercial_Downtown,RECOVERY_AFTER_DISRUPTION,9035,94,77.83,50.97,0.655,40.32,44.41,3,Light Rain,Moderate,0,0,0
Zone_39,44,Industrial_Corridor,GRADUAL_DETERIORATION,2566,44,44.0,32.78,0.745,40.01,54.01,5,Normal,Good,0,0,0
Zone_40,44,University_District,PERIODIC_SPIKE,7930,55,55.0,48.7,0.885,54.29,47.39,5,Normal,Good,0,0,0
Zone_41,44,Highway_Junction,GRADUAL_DETERIORATION,2549,42,42.0,31.35,0.746,42.14,49.95,5,Normal,Good,0,3,1
Zone_42,44,University_District,PERIODIC_SPIKE,7369,58,58.0,30.13,0.519,25.38,61.27,6,Normal,Good,0,0,0
Zone_43,44,Commercial_Downtown,STABLE,3988,78,78.0,10.86,0.139,6.27,62.15,3,Normal,Good,0,0,0
Zone_44,44,Suburban_LowDensity,STABLE,3720,70,70.0,3.51,0.05,7.62,66.25,2,Normal,Good,0,0,0
Zone_45,44,Highway_Junction,GRADUAL_DETERIORATION,2987,87,87.0,32.2,0.37,18.17,60.65,1,Normal,Good,0,0,0
Zone_46,44,University_District,GRADUAL_IMPROVEMENT,8049,51,51.0,25.84,0.507,25.42,60.85,3,Normal,Good,0,0,0
Zone_47,44,University_District,RECOVERY_AFTER_DISRUPTION,8056,58,58.0,32.15,0.554,30.19,57.83,3,Normal,Good,0,0,0
Zone_48,44,Industrial_Corridor,RECOVERY_AFTER_DISRUPTION,3999,72,72.0,8.35,0.116,9.65,62.65,2,Normal,Good,0,0,0
Zone_49,44,University_District,STABLE,11539,59,48.85,54.19,1.109,78.2,29.48,5,Light Rain,Moderate,0,2,1
Zone_50,44,University_District,GRADUAL_DETERIORATION,11592,68,68.0,70.2,1.032,66.75,42.81,7,Normal,Good,0,0,0
Zone_01,45,Commercial_Downtown,RECOVERY_AFTER_DISRUPTION,8726,60,60.0,50.81,0.847,49.65,52.55,8,Normal,Good,0,2,1
Zone_02,45,Residential,STABLE,12426,92,92.0,37.02,0.402,21.08,56.73,2,Normal,Good,0,0,0
Zone_03,45,University_District,EVENT_SENSITIVE,7685,63,63.0,31.08,0.493,25.41,59.94,8,Normal,Good,0,0,0
Zone_04,45,Highway_Junction,GRADUAL_DETERIORATION,2415,72,59.62,34.48,0.578,33.52,50.61,5,Light Rain,Moderate,0,0,0
Zone_05,45,Commercial_Downtown,GRADUAL_IMPROVEMENT,8343,66,66.0,25.1,0.38,19.13,59.63,6,Normal,Good,0,0,0
Zone_06,45,University_District,STABLE,8747,86,86.0,39.54,0.46,15.98,62.22,3,Normal,Good,0,0,0
Zone_07,45,University_District,GRADUAL_DETERIORATION,7267,42,42.0,46.0,1.095,68.11,43.79,9,Normal,Good,0,0,0
Zone_08,45,Highway_Junction,PERIODIC_SPIKE,2040,43,38.7,9.89,0.256,9.22,65.98,6,Normal,Good,1,0,0
Zone_09,45,Suburban_LowDensity,PERIODIC_SPIKE,3241,92,68.56,14.06,0.205,9.81,54.63,7,Light Rain,Moderate,1,1,1
Zone_10,45,Residential,GRADUAL_DETERIORATION,15099,47,38.92,64.62,1.66,100.0,21.69,13,Light Rain,Moderate,0,1,1
Zone_11,45,Residential,RECOVERY_AFTER_DISRUPTION,9955,43,35.6,21.12,0.593,34.37,48.2,4,Light Rain,Moderate,0,0,0
Zone_12,45,Commercial_Downtown,GRADUAL_IMPROVEMENT,8725,68,68.0,29.34,0.431,20.08,62.07,6,Normal,Good,0,0,0
Zone_13,45,Suburban_LowDensity,EVENT_SENSITIVE,1361,75,62.1,1.47,0.024,4.95,57.87,2,Light Rain,Moderate,0,0,0
Zone_14,45,University_District,RECOVERY_AFTER_DISRUPTION,10551,99,99.0,43.24,0.437,15.28,61.17,3,Normal,Good,0,0,0
Zone_15,45,Residential,GRADUAL_DETERIORATION,14863,86,86.0,73.8,0.858,46.38,54.42,6,Normal,Good,0,0,0
Zone_16,45,Highway_Junction,GRADUAL_DETERIORATION,1963,84,84.0,26.4,0.314,11.8,59.46,2,Normal,Good,0,0,0
Zone_17,45,Residential,EVENT_SENSITIVE,8064,48,48.0,17.82,0.371,15.2,62.66,2,Normal,Good,0,0,0
Zone_18,45,Industrial_Corridor,STABLE,3295,90,90.0,8.06,0.09,7.24,61.7,3,Normal,Good,0,0,0
Zone_19,45,Industrial_Corridor,EVENT_SENSITIVE,4136,81,67.07,13.3,0.198,10.13,54.83,2,Light Rain,Moderate,0,1,1
Zone_20,45,Commercial_Downtown,STABLE,3700,73,73.0,20.59,0.282,12.58,63.22,6,Normal,Good,0,0,0
Zone_21,45,Residential,GRADUAL_DETERIORATION,11645,74,74.0,51.89,0.701,37.43,53.3,1,Normal,Good,0,0,0
Zone_22,45,University_District,GRADUAL_DETERIORATION,7570,76,76.0,35.85,0.472,21.23,58.78,1,Normal,Good,0,0,0
Zone_23,45,Suburban_LowDensity,EVENT_SENSITIVE,2228,53,53.0,7.34,0.138,12.53,63.14,1,Normal,Good,0,0,0
Zone_24,45,Commercial_Downtown,GRADUAL_IMPROVEMENT,8634,99,99.0,33.7,0.34,14.85,62.92,2,Normal,Good,0,0,0
Zone_25,45,Residential,STABLE,10790,71,71.0,36.43,0.513,23.37,58.64,3,Normal,Good,0,0,0
Zone_26,45,University_District,STABLE,7678,75,75.0,37.23,0.496,23.06,60.73,3,Normal,Good,0,0,0
Zone_27,45,Suburban_LowDensity,PERIODIC_SPIKE,4357,81,72.9,14.34,0.197,10.49,65.07,6,Normal,Good,1,0,0
Zone_28,45,Highway_Junction,PERIODIC_SPIKE,1845,83,74.7,18.0,0.241,12.7,64.98,4,Normal,Good,1,0,0
Zone_29,45,Residential,RECOVERY_AFTER_DISRUPTION,13450,94,94.0,40.82,0.434,19.65,61.75,1,Normal,Good,0,0,0
Zone_30,45,Highway_Junction,GRADUAL_DETERIORATION,2448,66,66.0,20.61,0.312,10.97,63.0,4,Normal,Good,0,0,0
Zone_31,45,Commercial_Downtown,EVENT_SENSITIVE,9364,45,45.0,56.75,1.261,82.69,39.84,17,Normal,Good,0,2,1
Zone_32,45,Commercial_Downtown,GRADUAL_IMPROVEMENT,7248,81,81.0,36.43,0.45,21.52,57.9,3,Normal,Good,0,0,0
Zone_33,45,Commercial_Downtown,RECOVERY_AFTER_DISRUPTION,6945,63,52.16,21.24,0.407,18.53,52.15,2,Light Rain,Moderate,0,0,0
Zone_34,45,Industrial_Corridor,GRADUAL_DETERIORATION,3320,51,51.0,42.16,0.827,54.24,46.44,6,Normal,Good,0,1,1
Zone_35,45,Residential,GRADUAL_IMPROVEMENT,15280,95,95.0,26.96,0.284,15.79,64.05,1,Normal,Good,0,0,0
Zone_36,45,Residential,PERIODIC_SPIKE,12737,62,46.2,49.75,1.077,74.15,32.14,8,Light Rain,Moderate,1,2,1
Zone_37,45,Residential,RECOVERY_AFTER_DISRUPTION,11474,92,92.0,38.45,0.418,16.99,59.61,3,Normal,Good,0,0,0
Zone_38,45,Commercial_Downtown,RECOVERY_AFTER_DISRUPTION,9035,94,94.0,44.94,0.478,22.61,63.03,6,Normal,Good,0,0,0
Zone_39,45,Industrial_Corridor,GRADUAL_DETERIORATION,2566,44,44.0,33.66,0.765,45.51,50.72,3,Normal,Good,0,0,0
Zone_40,45,University_District,PERIODIC_SPIKE,7930,55,49.5,51.78,1.046,64.16,44.2,9,Normal,Good,1,2,1
Zone_41,45,Highway_Junction,GRADUAL_DETERIORATION,2549,42,42.0,36.9,0.879,52.66,47.95,9,Normal,Good,0,0,0
Zone_42,45,University_District,PERIODIC_SPIKE,7369,58,52.2,30.53,0.585,30.04,61.31,9,Normal,Good,1,0,0
Zone_43,45,Commercial_Downtown,STABLE,3988,78,78.0,16.6,0.213,7.84,64.68,4,Normal,Good,0,0,0
Zone_44,45,Suburban_LowDensity,STABLE,3720,70,70.0,3.09,0.044,4.62,61.28,1,Normal,Good,0,0,0
Zone_45,45,Highway_Junction,GRADUAL_DETERIORATION,2987,87,87.0,30.09,0.346,11.74,63.63,2,Normal,Good,0,0,0
Zone_46,45,University_District,GRADUAL_IMPROVEMENT,8049,51,51.0,24.7,0.484,24.3,58.51,3,Normal,Good,0,0,0
Zone_47,45,University_District,RECOVERY_AFTER_DISRUPTION,8056,58,58.0,27.98,0.482,23.34,59.02,4,Normal,Good,0,0,0
Zone_48,45,Industrial_Corridor,RECOVERY_AFTER_DISRUPTION,3999,72,72.0,8.32,0.116,9.61,62.92,1,Normal,Good,0,0,0
Zone_49,45,University_District,STABLE,11539,59,59.0,53.46,0.906,54.18,48.48,6,Normal,Good,0,0,0
Zone_50,45,University_District,GRADUAL_DETERIORATION,11592,68,68.0,71.03,1.045,64.34,41.07,11,Normal,Good,0,3,1
Zone_01,46,Commercial_Downtown,RECOVERY_AFTER_DISRUPTION,8726,60,60.0,54.55,0.909,54.37,46.59,7,Normal,Good,0,0,0
Zone_02,46,Residential,STABLE,12426,92,92.0,37.64,0.409,17.44,62.56,6,Normal,Good,0,0,0
Zone_03,46,University_District,EVENT_SENSITIVE,7685,63,52.16,31.02,0.595,34.16,46.94,2,Light Rain,Moderate,0,0,0
Zone_04,46,Highway_Junction,GRADUAL_DETERIORATION,2415,72,72.0,27.74,0.385,14.96,61.34,5,Normal,Good,0,0,0
Zone_05,46,Commercial_Downtown,GRADUAL_IMPROVEMENT,8343,66,66.0,22.59,0.342,16.56,61.78,1,Normal,Good,0,0,0
Zone_06,46,University_District,STABLE,8747,86,86.0,42.49,0.494,26.25,56.85,4,Normal,Good,0,0,0
Zone_07,46,University_District,GRADUAL_DETERIORATION,7267,42,34.78,43.16,1.241,90.39,25.38,8,Light Rain,Moderate,0,4,1
Zone_08,46,Highway_Junction,PERIODIC_SPIKE,2040,43,43.0,6.68,0.155,10.15,65.61,2,Normal,Good,0,0,0
Zone_09,46,Suburban_LowDensity,PERIODIC_SPIKE,3241,92,92.0,11.71,0.127,5.44,65.33,1,Normal,Good,0,0,0
Zone_10,46,Residential,GRADUAL_DETERIORATION,15099,47,47.0,61.23,1.303,77.28,37.75,5,Normal,Good,0,0,0
Zone_11,46,Residential,RECOVERY_AFTER_DISRUPTION,9955,43,43.0,23.3,0.542,27.27,59.79,6,Normal,Good,0,1,1
Zone_12,46,Commercial_Downtown,GRADUAL_IMPROVEMENT,8725,68,68.0,22.03,0.324,14.18,60.48,7,Normal,Good,0,0,0
Zone_13,46,Suburban_LowDensity,EVENT_SENSITIVE,1361,75,75.0,4.81,0.064,0.35,68.72,0,Normal,Good,0,0,0
Zone_14,46,University_District,RECOVERY_AFTER_DISRUPTION,10551,99,81.97,45.32,0.553,30.82,48.01,3,Light Rain,Moderate,0,0,0
Zone_15,46,Residential,GRADUAL_DETERIORATION,14863,86,86.0,73.21,0.851,54.14,47.24,6,Normal,Good,0,3,1
Zone_16,46,Highway_Junction,GRADUAL_DETERIORATION,1963,84,84.0,23.43,0.279,18.5,61.51,3,Normal,Good,0,0,0
Zone_17,46,Residential,EVENT_SENSITIVE,8064,48,48.0,18.53,0.386,18.5,61.38,3,Normal,Good,0,0,0
Zone_18,46,Industrial_Corridor,STABLE,3295,90,90.0,5.5,0.061,3.65,61.36,4,Normal,Good,0,0,0
Zone_19,46,Industrial_Corridor,EVENT_SENSITIVE,4136,81,81.0,12.88,0.159,8.52,63.0,3,Normal,Good,0,0,0
Zone_20,46,Commercial_Downtown,STABLE,3700,73,73.0,23.16,0.317,12.43,60.93,3,Normal,Good,0,0,0
Zone_21,46,Residential,GRADUAL_DETERIORATION,11645,74,74.0,47.79,0.646,33.91,56.34,4,Normal,Good,0,0,0
Zone_22,46,University_District,GRADUAL_DETERIORATION,7570,76,76.0,45.38,0.597,27.93,56.74,4,Normal,Good,0,0,0
Zone_23,46,Suburban_LowDensity,EVENT_SENSITIVE,2228,53,53.0,0.0,0.0,1.59,64.05,2,Normal,Good,0,0,0
Zone_24,46,Commercial_Downtown,GRADUAL_IMPROVEMENT,8634,99,99.0,34.95,0.353,10.53,61.79,5,Normal,Good,0,0,0
Zone_25,46,Residential,STABLE,10790,71,58.79,33.08,0.563,32.41,50.73,2,Light Rain,Moderate,0,0,0
Zone_26,46,University_District,STABLE,7678,75,62.1,42.23,0.68,40.47,45.99,5,Light Rain,Moderate,0,2,1
Zone_27,46,Suburban_LowDensity,PERIODIC_SPIKE,4357,81,81.0,4.12,0.051,7.22,62.76,1,Normal,Good,0,0,0
Zone_28,46,Highway_Junction,PERIODIC_SPIKE,1845,83,83.0,11.43,0.138,11.9,61.89,4,Normal,Good,0,0,0
Zone_29,46,Residential,RECOVERY_AFTER_DISRUPTION,13450,94,94.0,42.8,0.455,23.34,60.42,3,Normal,Good,0,0,0
Zone_30,46,Highway_Junction,GRADUAL_DETERIORATION,2448,66,66.0,20.56,0.312,19.39,63.61,2,Normal,Good,0,0,0
Zone_31,46,Commercial_Downtown,EVENT_SENSITIVE,9364,45,45.0,49.79,1.106,72.85,42.64,7,Normal,Good,0,2,1
Zone_32,46,Commercial_Downtown,GRADUAL_IMPROVEMENT,7248,81,81.0,32.49,0.401,20.9,61.91,6,Normal,Good,0,0,0
Zone_33,46,Commercial_Downtown,RECOVERY_AFTER_DISRUPTION,6945,63,63.0,30.58,0.485,24.3,62.92,4,Normal,Good,0,0,0
Zone_34,46,Industrial_Corridor,GRADUAL_DETERIORATION,3320,51,51.0,43.29,0.849,48.62,51.53,5,Normal,Good,0,2,1
Zone_35,46,Residential,GRADUAL_IMPROVEMENT,15280,95,95.0,29.68,0.312,9.36,64.96,2,Normal,Good,0,0,0
Zone_36,46,Residential,PERIODIC_SPIKE,12737,62,51.34,45.82,0.892,58.26,39.09,4,Light Rain,Moderate,0,1,1
Zone_37,46,Residential,RECOVERY_AFTER_DISRUPTION,11474,92,92.0,37.4,0.407,19.24,60.17,2,Normal,Good,0,0,0
Zone_38,46,Commercial_Downtown,RECOVERY_AFTER_DISRUPTION,9035,94,94.0,36.98,0.393,14.9,63.37,4,Normal,Good,0,0,0
Zone_39,46,Industrial_Corridor,GRADUAL_DETERIORATION,2566,44,44.0,31.45,0.715,42.9,51.06,1,Normal,Good,0,0,0
Zone_40,46,University_District,PERIODIC_SPIKE,7930,55,55.0,46.35,0.843,51.1,46.77,5,Normal,Good,0,1,1
Zone_41,46,Highway_Junction,GRADUAL_DETERIORATION,2549,42,42.0,29.22,0.696,37.12,58.97,10,Normal,Good,0,0,0
Zone_42,46,University_District,PERIODIC_SPIKE,7369,58,58.0,34.29,0.591,29.44,55.34,4,Normal,Good,0,0,0
Zone_43,46,Commercial_Downtown,STABLE,3988,78,78.0,24.67,0.316,16.68,62.54,4,Normal,Good,0,0,0
Zone_44,46,Suburban_LowDensity,STABLE,3720,70,70.0,6.22,0.089,4.72,62.34,1,Normal,Good,0,0,0
Zone_45,46,Highway_Junction,GRADUAL_DETERIORATION,2987,87,87.0,34.52,0.397,19.37,61.61,0,Normal,Good,0,0,0
Zone_46,46,University_District,GRADUAL_IMPROVEMENT,8049,51,51.0,19.43,0.381,18.47,61.07,1,Normal,Good,0,0,0
Zone_47,46,University_District,RECOVERY_AFTER_DISRUPTION,8056,58,58.0,35.36,0.61,25.43,58.75,0,Normal,Good,0,0,0
Zone_48,46,Industrial_Corridor,RECOVERY_AFTER_DISRUPTION,3999,72,59.62,14.29,0.24,13.83,53.63,0,Light Rain,Moderate,0,0,0
Zone_49,46,University_District,STABLE,11539,59,59.0,52.7,0.893,50.25,48.19,4,Normal,Good,0,0,0
Zone_50,46,University_District,GRADUAL_DETERIORATION,11592,68,68.0,79.96,1.176,75.5,40.97,7,Normal,Good,0,0,0
Zone_01,47,Commercial_Downtown,RECOVERY_AFTER_DISRUPTION,8726,60,60.0,51.47,0.858,48.39,50.76,6,Normal,Good,0,0,0
Zone_02,47,Residential,STABLE,12426,92,92.0,41.47,0.451,22.89,62.35,2,Normal,Good,0,0,0
Zone_03,47,University_District,EVENT_SENSITIVE,7685,63,52.16,35.24,0.676,37.26,49.03,5,Light Rain,Moderate,0,0,0
Zone_04,47,Highway_Junction,GRADUAL_DETERIORATION,2415,72,72.0,32.76,0.455,17.69,63.21,3,Normal,Good,0,0,0
Zone_05,47,Commercial_Downtown,GRADUAL_IMPROVEMENT,8343,66,66.0,24.95,0.378,16.82,63.95,10,Normal,Good,0,0,0
Zone_06,47,University_District,STABLE,8747,86,86.0,41.36,0.481,15.73,60.31,1,Normal,Good,0,0,0
Zone_07,47,University_District,GRADUAL_DETERIORATION,7267,42,42.0,48.12,1.146,68.74,40.13,5,Normal,Good,0,0,0
Zone_08,47,Highway_Junction,PERIODIC_SPIKE,2040,43,43.0,2.24,0.052,2.95,64.9,2,Normal,Good,0,0,0
Zone_09,47,Suburban_LowDensity,PERIODIC_SPIKE,3241,92,92.0,9.91,0.108,9.32,65.95,1,Normal,Good,0,0,0
Zone_10,47,Residential,GRADUAL_DETERIORATION,15099,47,38.92,66.68,1.713,100.0,19.47,10,Light Rain,Moderate,0,3,1
Zone_11,47,Residential,RECOVERY_AFTER_DISRUPTION,9955,43,43.0,28.73,0.668,34.61,56.91,5,Normal,Good,0,0,0
Zone_12,47,Commercial_Downtown,GRADUAL_IMPROVEMENT,8725,68,68.0,20.56,0.302,12.21,64.88,5,Normal,Good,0,0,0
Zone_13,47,Suburban_LowDensity,EVENT_SENSITIVE,1361,75,75.0,10.03,0.134,5.05,66.03,1,Normal,Good,0,0,0
Zone_14,47,University_District,RECOVERY_AFTER_DISRUPTION,10551,99,99.0,43.6,0.44,20.58,60.26,1,Normal,Good,0,0,0
Zone_15,47,Residential,GRADUAL_DETERIORATION,14863,86,86.0,73.47,0.854,49.07,48.37,4,Normal,Good,0,0,0
Zone_16,47,Highway_Junction,GRADUAL_DETERIORATION,1963,84,84.0,24.47,0.291,15.01,61.81,5,Normal,Good,0,0,0
Zone_17,47,Residential,EVENT_SENSITIVE,8064,48,48.0,23.03,0.48,18.74,59.99,4,Normal,Good,0,0,0
Zone_18,47,Industrial_Corridor,STABLE,3295,90,90.0,7.12,0.079,3.53,67.3,0,Normal,Good,0,0,0
Zone_19,47,Industrial_Corridor,EVENT_SENSITIVE,4136,81,67.07,14.33,0.214,7.89,56.27,2,Light Rain,Moderate,0,0,0
Zone_20,47,Commercial_Downtown,STABLE,3700,73,73.0,24.0,0.329,14.5,64.01,4,Normal,Good,0,0,0
Zone_21,47,Residential,GRADUAL_DETERIORATION,11645,74,74.0,52.18,0.705,42.2,52.03,7,Normal,Good,0,0,0
Zone_22,47,University_District,GRADUAL_DETERIORATION,7570,76,76.0,50.15,0.66,31.64,59.44,4,Normal,Good,0,1,1
Zone_23,47,Suburban_LowDensity,EVENT_SENSITIVE,2228,53,53.0,0.0,0.0,3.24,67.09,2,Normal,Good,0,0,0
Zone_24,47,Commercial_Downtown,GRADUAL_IMPROVEMENT,8634,99,99.0,32.87,0.332,17.61,61.21,5,Normal,Good,0,0,0
Zone_25,47,Residential,STABLE,10790,71,71.0,39.04,0.55,31.03,58.37,5,Normal,Good,0,2,1
Zone_26,47,University_District,STABLE,7678,75,62.1,34.79,0.56,30.07,50.59,5,Light Rain,Moderate,0,0,0
Zone_27,47,Suburban_LowDensity,PERIODIC_SPIKE,4357,81,81.0,5.15,0.064,8.17,65.89,4,Normal,Good,0,0,0
Zone_28,47,Highway_Junction,PERIODIC_SPIKE,1845,83,83.0,7.08,0.085,4.93,64.2,4,Normal,Good,0,0,0
Zone_29,47,Residential,RECOVERY_AFTER_DISRUPTION,13450,94,94.0,38.74,0.412,14.89,62.56,3,Normal,Good,0,0,0
Zone_30,47,Highway_Junction,GRADUAL_DETERIORATION,2448,66,66.0,25.4,0.385,17.59,60.34,4,Normal,Good,0,0,0
Zone_31,47,Commercial_Downtown,EVENT_SENSITIVE,9364,45,45.0,47.52,1.056,68.73,43.02,10,Normal,Good,0,1,1
Zone_32,47,Commercial_Downtown,GRADUAL_IMPROVEMENT,7248,81,81.0,28.93,0.357,16.02,63.23,3,Normal,Good,0,0,0
Zone_33,47,Commercial_Downtown,RECOVERY_AFTER_DISRUPTION,6945,63,63.0,23.66,0.376,14.25,61.78,8,Normal,Good,0,0,0
Zone_34,47,Industrial_Corridor,GRADUAL_DETERIORATION,3320,51,51.0,43.81,0.859,46.44,53.49,4,Normal,Good,0,1,1
Zone_35,47,Residential,GRADUAL_IMPROVEMENT,15280,95,95.0,30.6,0.322,12.27,60.73,5,Normal,Good,0,0,0
Zone_36,47,Residential,PERIODIC_SPIKE,12737,62,62.0,39.38,0.635,32.64,55.94,1,Normal,Good,0,0,0
Zone_37,47,Residential,RECOVERY_AFTER_DISRUPTION,11474,92,76.18,41.56,0.546,30.67,48.56,1,Light Rain,Moderate,0,0,0
Zone_38,47,Commercial_Downtown,RECOVERY_AFTER_DISRUPTION,9035,94,94.0,36.5,0.388,11.7,64.08,2,Normal,Good,0,0,0
Zone_39,47,Industrial_Corridor,GRADUAL_DETERIORATION,2566,44,44.0,30.01,0.682,35.85,56.16,4,Normal,Good,0,0,0
Zone_40,47,University_District,PERIODIC_SPIKE,7930,55,55.0,48.4,0.88,50.02,50.16,10,Normal,Good,0,0,0
Zone_41,47,Highway_Junction,GRADUAL_DETERIORATION,2549,42,34.78,26.46,0.761,51.6,41.09,16,Light Rain,Moderate,0,1,1
Zone_42,47,University_District,PERIODIC_SPIKE,7369,58,58.0,36.0,0.621,32.39,59.69,3,Normal,Good,0,1,1
Zone_43,47,Commercial_Downtown,STABLE,3988,78,78.0,26.13,0.335,17.64,60.27,3,Normal,Good,0,0,0
Zone_44,47,Suburban_LowDensity,STABLE,3720,70,70.0,1.48,0.021,7.78,59.75,1,Normal,Good,0,0,0
Zone_45,47,Highway_Junction,GRADUAL_DETERIORATION,2987,87,87.0,35.93,0.413,15.79,61.15,5,Normal,Good,0,0,0
Zone_46,47,University_District,GRADUAL_IMPROVEMENT,8049,51,51.0,19.91,0.39,20.41,61.51,4,Normal,Good,0,0,0
Zone_47,47,University_District,RECOVERY_AFTER_DISRUPTION,8056,58,58.0,33.86,0.584,27.95,59.23,1,Normal,Good,0,0,0
Zone_48,47,Industrial_Corridor,RECOVERY_AFTER_DISRUPTION,3999,72,72.0,16.04,0.223,9.11,61.5,2,Normal,Good,0,0,0
Zone_49,47,University_District,STABLE,11539,59,59.0,60.18,1.02,64.98,45.61,7,Normal,Good,0,0,0
Zone_50,47,University_District,GRADUAL_DETERIORATION,11592,68,68.0,85.19,1.253,80.7,36.7,8,Normal,Good,0,2,1
Zone_01,48,Commercial_Downtown,RECOVERY_AFTER_DISRUPTION,8726,60,60.0,50.45,0.841,47.1,53.43,9,Normal,Good,0,2,1
Zone_02,48,Residential,STABLE,12426,92,92.0,47.02,0.511,26.42,57.43,2,Normal,Good,0,0,0
Zone_03,48,University_District,EVENT_SENSITIVE,7685,63,52.16,34.11,0.654,38.6,47.38,6,Light Rain,Moderate,0,0,0
Zone_04,48,Highway_Junction,GRADUAL_DETERIORATION,2415,72,59.62,25.34,0.425,20.97,53.41,4,Light Rain,Moderate,0,0,0
Zone_05,48,Commercial_Downtown,GRADUAL_IMPROVEMENT,8343,66,54.65,18.24,0.334,20.09,50.28,4,Light Rain,Moderate,0,0,0
Zone_06,48,University_District,STABLE,8747,86,71.21,47.38,0.665,37.51,45.84,9,Light Rain,Moderate,0,0,0
Zone_07,48,University_District,GRADUAL_DETERIORATION,7267,42,42.0,47.53,1.132,73.91,38.49,6,Normal,Good,0,0,0
Zone_08,48,Highway_Junction,PERIODIC_SPIKE,2040,43,35.6,10.04,0.282,10.71,58.97,4,Light Rain,Moderate,0,0,0
Zone_09,48,Suburban_LowDensity,PERIODIC_SPIKE,3241,92,92.0,7.25,0.079,6.41,62.21,0,Normal,Good,0,0,0
Zone_10,48,Residential,GRADUAL_DETERIORATION,15099,47,47.0,67.33,1.433,88.09,33.02,7,Normal,Good,0,2,1
Zone_11,48,Residential,RECOVERY_AFTER_DISRUPTION,9955,43,43.0,26.72,0.621,31.24,54.98,3,Normal,Good,0,0,0
Zone_12,48,Commercial_Downtown,GRADUAL_IMPROVEMENT,8725,68,56.3,22.74,0.404,20.37,48.69,3,Light Rain,Moderate,0,0,0
Zone_13,48,Suburban_LowDensity,EVENT_SENSITIVE,1361,75,75.0,7.47,0.1,4.33,63.9,1,Normal,Good,0,0,0
Zone_14,48,University_District,RECOVERY_AFTER_DISRUPTION,10551,99,99.0,44.81,0.453,17.27,61.64,0,Normal,Good,0,0,0
Zone_15,48,Residential,GRADUAL_DETERIORATION,14863,86,71.21,74.86,1.051,73.28,30.58,8,Light Rain,Moderate,0,0,0
Zone_16,48,Highway_Junction,GRADUAL_DETERIORATION,1963,84,84.0,22.93,0.273,8.46,64.86,8,Normal,Good,0,0,0
Zone_17,48,Residential,EVENT_SENSITIVE,8064,48,48.0,23.02,0.48,25.69,57.54,3,Normal,Good,0,0,0
Zone_18,48,Industrial_Corridor,STABLE,3295,90,90.0,8.59,0.095,4.28,62.29,2,Normal,Good,0,0,0
Zone_19,48,Industrial_Corridor,EVENT_SENSITIVE,4136,81,81.0,15.19,0.188,7.83,65.11,3,Normal,Good,0,0,0
Zone_20,48,Commercial_Downtown,STABLE,3700,73,73.0,16.53,0.226,5.67,64.61,3,Normal,Good,0,0,0
Zone_21,48,Residential,GRADUAL_DETERIORATION,11645,74,74.0,51.06,0.69,36.06,56.54,4,Normal,Good,0,0,0
Zone_22,48,University_District,GRADUAL_DETERIORATION,7570,76,76.0,56.07,0.738,41.05,54.25,1,Normal,Good,0,0,0
Zone_23,48,Suburban_LowDensity,EVENT_SENSITIVE,2228,53,43.88,0.0,0.0,6.32,56.0,1,Light Rain,Moderate,0,0,0
Zone_24,48,Commercial_Downtown,GRADUAL_IMPROVEMENT,8634,99,81.97,31.07,0.379,16.31,53.82,8,Light Rain,Moderate,0,0,0
Zone_25,48,Residential,STABLE,10790,71,71.0,40.6,0.572,27.93,57.66,4,Normal,Good,0,0,0
Zone_26,48,University_District,STABLE,7678,75,62.1,36.92,0.595,34.74,46.3,5,Light Rain,Moderate,0,0,0
Zone_27,48,Suburban_LowDensity,PERIODIC_SPIKE,4357,81,81.0,12.27,0.151,8.86,64.53,1,Normal,Good,0,0,0
Zone_28,48,Highway_Junction,PERIODIC_SPIKE,1845,83,83.0,0.0,0.0,6.07,63.99,4,Normal,Good,0,0,0
Zone_29,48,Residential,RECOVERY_AFTER_DISRUPTION,13450,94,94.0,34.93,0.372,22.4,60.91,3,Normal,Good,0,0,0
Zone_30,48,Highway_Junction,GRADUAL_DETERIORATION,2448,66,54.65,25.18,0.461,19.74,53.69,6,Light Rain,Moderate,0,0,0
Zone_31,48,Commercial_Downtown,EVENT_SENSITIVE,9364,45,45.0,46.78,1.04,64.87,44.5,10,Normal,Good,0,1,1
Zone_32,48,Commercial_Downtown,GRADUAL_IMPROVEMENT,7248,81,81.0,24.76,0.306,15.41,61.88,1,Normal,Good,0,0,0
Zone_33,48,Commercial_Downtown,RECOVERY_AFTER_DISRUPTION,6945,63,63.0,29.33,0.466,22.89,63.01,7,Normal,Good,0,0,0
Zone_34,48,Industrial_Corridor,GRADUAL_DETERIORATION,3320,51,51.0,45.79,0.898,53.15,48.61,2,Normal,Good,0,2,1
Zone_35,48,Residential,GRADUAL_IMPROVEMENT,15280,95,78.66,32.41,0.412,26.93,52.05,3,Light Rain,Moderate,0,0,0
Zone_36,48,Residential,PERIODIC_SPIKE,12737,62,62.0,42.96,0.693,36.72,54.36,7,Normal,Good,0,0,0
Zone_37,48,Residential,RECOVERY_AFTER_DISRUPTION,11474,92,92.0,45.98,0.5,23.21,60.18,4,Normal,Good,0,0,0
Zone_38,48,Commercial_Downtown,RECOVERY_AFTER_DISRUPTION,9035,94,94.0,44.69,0.475,21.59,60.56,8,Normal,Good,0,0,0
Zone_39,48,Industrial_Corridor,GRADUAL_DETERIORATION,2566,44,44.0,35.0,0.795,43.21,52.88,8,Normal,Good,0,0,0
Zone_40,48,University_District,PERIODIC_SPIKE,7930,55,45.54,47.49,1.043,75.35,34.13,6,Light Rain,Moderate,0,2,1
Zone_41,48,Highway_Junction,GRADUAL_DETERIORATION,2549,42,34.78,28.34,0.815,50.47,39.77,7,Light Rain,Moderate,0,0,0
Zone_42,48,University_District,PERIODIC_SPIKE,7369,58,58.0,33.27,0.574,24.01,58.88,0,Normal,Good,0,0,0
Zone_43,48,Commercial_Downtown,STABLE,3988,78,78.0,26.29,0.337,14.02,62.05,6,Normal,Good,0,0,0
Zone_44,48,Suburban_LowDensity,STABLE,3720,70,70.0,7.01,0.1,9.19,64.33,6,Normal,Good,0,0,0
Zone_45,48,Highway_Junction,GRADUAL_DETERIORATION,2987,87,87.0,34.84,0.4,15.68,63.88,4,Normal,Good,0,0,0
Zone_46,48,University_District,GRADUAL_IMPROVEMENT,8049,51,51.0,23.63,0.463,19.9,60.91,3,Normal,Good,0,0,0
Zone_47,48,University_District,RECOVERY_AFTER_DISRUPTION,8056,58,58.0,28.64,0.494,24.2,60.83,2,Normal,Good,0,0,0
Zone_48,48,Industrial_Corridor,RECOVERY_AFTER_DISRUPTION,3999,72,72.0,12.89,0.179,11.01,64.31,2,Normal,Good,0,0,0
Zone_49,48,University_District,STABLE,11539,59,59.0,56.18,0.952,60.58,43.61,4,Normal,Good,0,0,0
Zone_50,48,University_District,GRADUAL_DETERIORATION,11592,68,68.0,77.84,1.145,69.03,43.06,7,Normal,Good,0,3,1
Zone_01,49,Commercial_Downtown,RECOVERY_AFTER_DISRUPTION,8726,60,60.0,53.76,0.896,50.58,47.88,6,Normal,Good,0,0,0
Zone_02,49,Residential,STABLE,12426,92,92.0,45.84,0.498,24.26,59.52,3,Normal,Good,0,0,0
Zone_03,49,University_District,EVENT_SENSITIVE,7685,63,63.0,27.51,0.437,19.18,56.44,2,Normal,Good,0,0,0
Zone_04,49,Highway_Junction,GRADUAL_DETERIORATION,2415,72,72.0,23.5,0.326,14.5,58.64,3,Normal,Good,0,0,0
Zone_05,49,Commercial_Downtown,GRADUAL_IMPROVEMENT,8343,66,54.65,14.82,0.271,11.93,53.14,4,Light Rain,Moderate,0,0,0
Zone_06,49,University_District,STABLE,8747,86,71.21,41.07,0.577,35.63,48.33,4,Light Rain,Moderate,0,0,0
Zone_07,49,University_District,GRADUAL_DETERIORATION,7267,42,34.78,49.34,1.419,91.49,22.89,6,Light Rain,Moderate,0,2,1
Zone_08,49,Highway_Junction,PERIODIC_SPIKE,2040,43,43.0,9.15,0.213,6.85,65.23,2,Normal,Good,0,0,0
Zone_09,49,Suburban_LowDensity,PERIODIC_SPIKE,3241,92,76.18,2.74,0.036,5.58,53.63,2,Light Rain,Moderate,0,1,1
Zone_10,49,Residential,GRADUAL_DETERIORATION,15099,47,47.0,65.37,1.391,85.39,35.36,7,Normal,Good,0,2,1
Zone_11,49,Residential,RECOVERY_AFTER_DISRUPTION,9955,43,43.0,25.41,0.591,28.58,61.85,4,Normal,Good,0,0,0
Zone_12,49,Commercial_Downtown,GRADUAL_IMPROVEMENT,8725,68,56.3,22.44,0.399,21.45,50.65,7,Light Rain,Moderate,0,0,0
Zone_13,49,Suburban_LowDensity,EVENT_SENSITIVE,1361,75,75.0,3.73,0.05,6.49,62.52,2,Normal,Good,0,0,0
Zone_14,49,University_District,RECOVERY_AFTER_DISRUPTION,10551,99,99.0,50.19,0.507,22.92,60.81,5,Normal,Good,0,0,0
Zone_15,49,Residential,GRADUAL_DETERIORATION,14863,86,71.21,77.04,1.082,76.03,30.87,7,Light Rain,Moderate,0,3,1
Zone_16,49,Highway_Junction,GRADUAL_DETERIORATION,1963,84,84.0,21.13,0.252,11.38,64.67,6,Normal,Good,0,0,0
Zone_17,49,Residential,EVENT_SENSITIVE,8064,48,39.74,18.67,0.47,24.76,50.03,2,Light Rain,Moderate,0,1,1
Zone_18,49,Industrial_Corridor,STABLE,3295,90,74.52,9.05,0.121,3.59,52.24,1,Light Rain,Moderate,0,1,1
Zone_19,49,Industrial_Corridor,EVENT_SENSITIVE,4136,81,81.0,12.22,0.151,7.07,64.2,3,Normal,Good,0,0,0
Zone_20,49,Commercial_Downtown,STABLE,3700,73,60.44,11.96,0.198,8.63,52.34,2,Light Rain,Moderate,0,0,0
Zone_21,49,Residential,GRADUAL_DETERIORATION,11645,74,61.27,59.47,0.971,66.65,33.13,8,Light Rain,Moderate,0,0,0
Zone_22,49,University_District,GRADUAL_DETERIORATION,7570,76,62.93,50.88,0.809,52.19,39.93,6,Light Rain,Moderate,0,0,0
Zone_23,49,Suburban_LowDensity,EVENT_SENSITIVE,2228,53,53.0,2.7,0.051,4.71,62.69,2,Normal,Good,0,0,0
Zone_24,49,Commercial_Downtown,GRADUAL_IMPROVEMENT,8634,99,81.97,30.2,0.368,21.83,50.99,7,Light Rain,Moderate,0,0,0
Zone_25,49,Residential,STABLE,10790,71,58.79,41.71,0.709,46.62,45.85,5,Light Rain,Moderate,0,1,1
Zone_26,49,University_District,STABLE,7678,75,75.0,35.48,0.473,20.62,58.43,3,Normal,Good,0,0,0
Zone_27,49,Suburban_LowDensity,PERIODIC_SPIKE,4357,81,81.0,12.53,0.155,7.64,65.79,2,Normal,Good,0,0,0
Zone_28,49,Highway_Junction,PERIODIC_SPIKE,1845,83,68.72,3.88,0.056,7.84,54.78,6,Light Rain,Moderate,0,0,0
Zone_29,49,Residential,RECOVERY_AFTER_DISRUPTION,13450,94,77.83,37.73,0.485,28.94,48.53,3,Light Rain,Moderate,0,0,0
Zone_30,49,Highway_Junction,GRADUAL_DETERIORATION,2448,66,66.0,31.57,0.478,22.39,59.38,7,Normal,Good,0,0,0
Zone_31,49,Commercial_Downtown,EVENT_SENSITIVE,9364,45,37.26,46.57,1.25,90.7,24.27,6,Light Rain,Moderate,0,1,1
Zone_32,49,Commercial_Downtown,GRADUAL_IMPROVEMENT,7248,81,67.07,27.1,0.404,20.99,51.97,11,Light Rain,Moderate,0,0,0
Zone_33,49,Commercial_Downtown,RECOVERY_AFTER_DISRUPTION,6945,63,52.16,32.85,0.63,37.28,45.03,6,Light Rain,Moderate,0,1,1
Zone_34,49,Industrial_Corridor,GRADUAL_DETERIORATION,3320,51,42.23,40.88,0.968,68.71,34.46,5,Light Rain,Moderate,0,0,0
Zone_35,49,Residential,GRADUAL_IMPROVEMENT,15280,95,95.0,30.1,0.317,16.78,63.42,3,Normal,Good,0,0,0
Zone_36,49,Residential,PERIODIC_SPIKE,12737,62,62.0,37.05,0.598,25.83,58.07,5,Normal,Good,0,0,0
Zone_37,49,Residential,RECOVERY_AFTER_DISRUPTION,11474,92,76.18,37.29,0.489,25.18,50.7,0,Light Rain,Moderate,0,0,0
Zone_38,49,Commercial_Downtown,RECOVERY_AFTER_DISRUPTION,9035,94,94.0,53.64,0.571,28.87,57.58,4,Normal,Good,0,0,0
Zone_39,49,Industrial_Corridor,GRADUAL_DETERIORATION,2566,44,44.0,29.13,0.662,32.84,54.24,3,Normal,Good,0,0,0
Zone_40,49,University_District,PERIODIC_SPIKE,7930,55,45.54,49.42,1.085,75.47,31.77,10,Light Rain,Moderate,0,1,1
Zone_41,49,Highway_Junction,GRADUAL_DETERIORATION,2549,42,34.78,27.86,0.801,51.16,42.91,6,Light Rain,Moderate,0,2,1
Zone_42,49,University_District,PERIODIC_SPIKE,7369,58,58.0,28.24,0.487,24.21,59.73,2,Normal,Good,0,1,1
Zone_43,49,Commercial_Downtown,STABLE,3988,78,78.0,17.46,0.224,8.26,67.82,3,Normal,Good,0,0,0
Zone_44,49,Suburban_LowDensity,STABLE,3720,70,70.0,11.09,0.158,8.15,63.69,2,Normal,Good,0,0,0
Zone_45,49,Highway_Junction,GRADUAL_DETERIORATION,2987,87,87.0,37.36,0.429,22.32,59.16,2,Normal,Good,0,0,0
Zone_46,49,University_District,GRADUAL_IMPROVEMENT,8049,51,42.23,26.73,0.633,37.85,46.33,5,Light Rain,Moderate,0,0,0
Zone_47,49,University_District,RECOVERY_AFTER_DISRUPTION,8056,58,48.02,35.09,0.731,41.44,47.77,3,Light Rain,Moderate,0,0,0
Zone_48,49,Industrial_Corridor,RECOVERY_AFTER_DISRUPTION,3999,72,59.62,11.49,0.193,9.29,55.81,3,Light Rain,Moderate,0,0,0
Zone_49,49,University_District,STABLE,11539,59,48.85,59.38,1.216,88.29,26.8,8,Light Rain,Moderate,0,3,1
Zone_50,49,University_District,GRADUAL_DETERIORATION,11592,68,68.0,83.61,1.23,77.52,35.63,8,Normal,Good,0,2,1
Zone_01,50,Commercial_Downtown,RECOVERY_AFTER_DISRUPTION,8726,60,60.0,47.04,0.784,40.88,50.09,7,Normal,Good,0,0,0
Zone_02,50,Residential,STABLE,12426,92,92.0,43.46,0.472,21.86,61.52,0,Normal,Good,0,0,0
Zone_03,50,University_District,EVENT_SENSITIVE,7685,63,52.16,27.66,0.53,26.96,49.78,3,Light Rain,Moderate,0,0,0
Zone_04,50,Highway_Junction,GRADUAL_DETERIORATION,2415,72,59.62,23.18,0.389,19.0,53.32,5,Light Rain,Moderate,0,0,0
Zone_05,50,Commercial_Downtown,GRADUAL_IMPROVEMENT,8343,66,66.0,15.01,0.227,14.18,62.27,3,Normal,Good,0,0,0
Zone_06,50,University_District,STABLE,8747,86,86.0,39.62,0.461,24.19,58.09,6,Normal,Good,0,0,0
Zone_07,50,University_District,GRADUAL_DETERIORATION,7267,42,42.0,50.91,1.212,75.9,34.63,7,Normal,Good,0,2,1
Zone_08,50,Highway_Junction,PERIODIC_SPIKE,2040,43,38.7,8.84,0.228,9.77,64.78,10,Normal,Good,1,1,1
Zone_09,50,Suburban_LowDensity,PERIODIC_SPIKE,3241,92,82.8,0.0,0.0,0.0,65.08,4,Normal,Good,1,2,1
Zone_10,50,Residential,GRADUAL_DETERIORATION,15099,47,47.0,62.17,1.323,86.82,31.27,5,Normal,Good,0,2,1
Zone_11,50,Residential,RECOVERY_AFTER_DISRUPTION,9955,43,43.0,21.51,0.5,26.87,59.92,3,Normal,Good,0,0,0
Zone_12,50,Commercial_Downtown,GRADUAL_IMPROVEMENT,8725,68,68.0,25.42,0.374,19.02,59.83,6,Normal,Good,0,0,0
Zone_13,50,Suburban_LowDensity,EVENT_SENSITIVE,1361,75,62.1,4.56,0.073,9.54,57.13,0,Light Rain,Moderate,0,0,0
Zone_14,50,University_District,RECOVERY_AFTER_DISRUPTION,10551,99,81.97,48.24,0.589,34.15,48.28,1,Light Rain,Moderate,0,0,0
Zone_15,50,Residential,GRADUAL_DETERIORATION,14863,86,71.21,75.01,1.053,76.18,27.81,11,Light Rain,Moderate,0,3,1
Zone_16,50,Highway_Junction,GRADUAL_DETERIORATION,1963,84,84.0,16.31,0.194,9.17,62.79,6,Normal,Good,0,0,0
Zone_17,50,Residential,EVENT_SENSITIVE,8064,48,48.0,21.61,0.45,22.18,58.18,1,Normal,Good,0,0,0
Zone_18,50,Industrial_Corridor,STABLE,3295,90,90.0,8.39,0.093,8.08,62.66,1,Normal,Good,0,1,1
Zone_19,50,Industrial_Corridor,EVENT_SENSITIVE,4136,81,67.07,6.96,0.104,6.15,51.89,5,Light Rain,Moderate,0,0,0
Zone_20,50,Commercial_Downtown,STABLE,3700,73,60.44,5.94,0.098,7.47,55.14,6,Light Rain,Moderate,0,0,0
Zone_21,50,Residential,GRADUAL_DETERIORATION,11645,74,61.27,59.85,0.977,69.39,32.92,14,Light Rain,Moderate,0,2,1
Zone_22,50,University_District,GRADUAL_DETERIORATION,7570,76,76.0,53.22,0.7,38.83,52.51,2,Normal,Good,0,0,0
Zone_23,50,Suburban_LowDensity,EVENT_SENSITIVE,2228,53,53.0,5.04,0.095,5.77,65.72,2,Normal,Good,0,1,1
Zone_24,50,Commercial_Downtown,GRADUAL_IMPROVEMENT,8634,99,81.97,26.77,0.327,20.61,54.94,5,Light Rain,Moderate,0,0,0
Zone_25,50,Residential,STABLE,10790,71,71.0,35.12,0.495,21.17,58.39,4,Normal,Good,0,0,0
Zone_26,50,University_District,STABLE,7678,75,75.0,34.3,0.457,23.28,62.68,5,Normal,Good,0,0,0
Zone_27,50,Suburban_LowDensity,PERIODIC_SPIKE,4357,81,60.36,18.67,0.309,14.57,55.53,8,Light Rain,Moderate,1,0,0
Zone_28,50,Highway_Junction,PERIODIC_SPIKE,1845,83,74.7,11.63,0.156,4.24,63.33,9,Normal,Good,1,0,0
Zone_29,50,Residential,RECOVERY_AFTER_DISRUPTION,13450,94,77.83,39.07,0.502,27.69,49.32,4,Light Rain,Moderate,0,2,1
Zone_30,50,Highway_Junction,GRADUAL_DETERIORATION,2448,66,54.65,31.18,0.571,31.15,48.95,2,Light Rain,Moderate,0,0,0
Zone_31,50,Commercial_Downtown,EVENT_SENSITIVE,9364,45,37.26,57.54,1.544,100.0,18.15,16,Light Rain,Moderate,0,2,1
Zone_32,50,Commercial_Downtown,GRADUAL_IMPROVEMENT,7248,81,81.0,23.6,0.291,14.63,61.69,1,Normal,Good,0,0,0
Zone_33,50,Commercial_Downtown,RECOVERY_AFTER_DISRUPTION,6945,63,63.0,27.55,0.437,15.73,62.24,3,Normal,Good,0,0,0
Zone_34,50,Industrial_Corridor,GRADUAL_DETERIORATION,3320,51,42.23,41.97,0.994,67.57,34.58,7,Light Rain,Moderate,0,2,1
Zone_35,50,Residential,GRADUAL_IMPROVEMENT,15280,95,78.66,26.42,0.336,15.3,54.54,3,Light Rain,Moderate,0,0,0
Zone_36,50,Residential,PERIODIC_SPIKE,12737,62,55.8,41.07,0.736,42.61,55.31,8,Normal,Good,1,1,1
Zone_37,50,Residential,RECOVERY_AFTER_DISRUPTION,11474,92,92.0,42.03,0.457,19.76,60.7,0,Normal,Good,0,0,0
Zone_38,50,Commercial_Downtown,RECOVERY_AFTER_DISRUPTION,9035,94,94.0,49.13,0.523,25.99,54.04,6,Normal,Good,0,0,0
Zone_39,50,Industrial_Corridor,GRADUAL_DETERIORATION,2566,44,44.0,26.53,0.603,29.8,55.94,4,Normal,Good,0,0,0
Zone_40,50,University_District,PERIODIC_SPIKE,7930,55,40.99,42.31,1.032,68.86,33.8,12,Light Rain,Moderate,1,1,1
Zone_41,50,Highway_Junction,GRADUAL_DETERIORATION,2549,42,42.0,26.14,0.622,28.67,58.92,7,Normal,Good,0,0,0
Zone_42,50,University_District,PERIODIC_SPIKE,7369,58,52.2,43.34,0.83,46.98,47.34,10,Normal,Good,1,1,1
Zone_43,50,Commercial_Downtown,STABLE,3988,78,78.0,19.72,0.253,6.33,62.51,4,Normal,Good,0,0,0
Zone_44,50,Suburban_LowDensity,STABLE,3720,70,70.0,8.11,0.116,7.84,63.05,4,Normal,Good,0,0,0
Zone_45,50,Highway_Junction,GRADUAL_DETERIORATION,2987,87,87.0,43.28,0.497,22.47,59.41,5,Normal,Good,0,0,0
Zone_46,50,University_District,GRADUAL_IMPROVEMENT,8049,51,51.0,26.45,0.519,19.59,63.57,3,Normal,Good,0,0,0
Zone_47,50,University_District,RECOVERY_AFTER_DISRUPTION,8056,58,58.0,39.23,0.676,33.86,57.24,2,Normal,Good,0,1,1
Zone_48,50,Industrial_Corridor,RECOVERY_AFTER_DISRUPTION,3999,72,72.0,18.02,0.25,15.95,62.48,1,Normal,Good,0,0,0
Zone_49,50,University_District,STABLE,11539,59,48.85,60.01,1.228,85.31,24.82,4,Light Rain,Moderate,0,2,1
Zone_50,50,University_District,GRADUAL_DETERIORATION,11592,68,68.0,75.18,1.106,69.63,45.05,12,Normal,Good,0,1,1
Zone_01,51,Commercial_Downtown,RECOVERY_AFTER_DISRUPTION,8726,60,60.0,43.82,0.73,39.49,51.05,7,Normal,Good,0,0,0
Zone_02,51,Residential,STABLE,12426,92,92.0,37.63,0.409,18.23,60.84,0,Normal,Good,0,0,0
Zone_03,51,University_District,EVENT_SENSITIVE,7685,63,52.16,26.95,0.517,27.26,51.98,5,Light Rain,Moderate,0,0,0
Zone_04,51,Highway_Junction,GRADUAL_DETERIORATION,2415,72,59.62,26.53,0.445,20.18,56.14,5,Light Rain,Moderate,0,0,0
Zone_05,51,Commercial_Downtown,GRADUAL_IMPROVEMENT,8343,66,66.0,24.58,0.372,14.98,61.65,2,Normal,Good,0,0,0
Zone_06,51,University_District,STABLE,8747,86,86.0,38.54,0.448,22.71,62.47,1,Normal,Good,0,0,0
Zone_07,51,University_District,GRADUAL_DETERIORATION,7267,42,42.0,49.15,1.17,75.49,39.94,8,Normal,Good,0,2,1
Zone_08,51,Highway_Junction,PERIODIC_SPIKE,2040,43,35.6,5.51,0.155,6.34,58.11,4,Light Rain,Moderate,0,0,0
Zone_09,51,Suburban_LowDensity,PERIODIC_SPIKE,3241,92,76.18,0.0,0.0,7.84,53.13,1,Light Rain,Moderate,0,0,0
Zone_10,51,Residential,GRADUAL_DETERIORATION,15099,47,47.0,67.72,1.441,87.87,32.73,9,Normal,Good,0,1,1
Zone_11,51,Residential,RECOVERY_AFTER_DISRUPTION,9955,43,35.6,27.93,0.785,46.41,42.96,5,Light Rain,Moderate,0,0,0
Zone_12,51,Commercial_Downtown,GRADUAL_IMPROVEMENT,8725,68,68.0,26.56,0.391,19.24,58.01,0,Normal,Good,0,0,0
Zone_13,51,Suburban_LowDensity,EVENT_SENSITIVE,1361,75,75.0,0.0,0.0,8.21,60.32,3,Normal,Good,0,0,0
Zone_14,51,University_District,RECOVERY_AFTER_DISRUPTION,10551,99,99.0,42.08,0.425,22.37,62.52,1,Normal,Good,0,0,0
Zone_15,51,Residential,GRADUAL_DETERIORATION,14863,86,86.0,70.77,0.823,47.17,48.48,4,Normal,Good,0,1,1
Zone_16,51,Highway_Junction,GRADUAL_DETERIORATION,1963,84,84.0,20.39,0.243,9.36,63.48,6,Normal,Good,0,0,0
Zone_17,51,Residential,EVENT_SENSITIVE,8064,48,48.0,23.77,0.495,23.78,56.92,5,Normal,Good,0,0,0
Zone_18,51,Industrial_Corridor,STABLE,3295,90,90.0,16.93,0.188,11.39,59.46,0,Normal,Good,0,0,0
Zone_19,51,Industrial_Corridor,EVENT_SENSITIVE,4136,81,67.07,10.71,0.16,9.9,54.2,0,Light Rain,Moderate,0,0,0
Zone_20,51,Commercial_Downtown,STABLE,3700,73,60.44,22.39,0.37,15.6,56.17,4,Light Rain,Moderate,0,0,0
Zone_21,51,Residential,GRADUAL_DETERIORATION,11645,74,61.27,61.64,1.006,72.85,31.66,3,Light Rain,Moderate,0,1,1
Zone_22,51,University_District,GRADUAL_DETERIORATION,7570,76,76.0,55.81,0.734,39.61,54.84,3,Normal,Good,0,0,0
Zone_23,51,Suburban_LowDensity,EVENT_SENSITIVE,2228,53,53.0,9.51,0.179,6.93,60.71,2,Normal,Good,0,0,0
Zone_24,51,Commercial_Downtown,GRADUAL_IMPROVEMENT,8634,99,81.97,21.38,0.261,17.45,53.99,4,Light Rain,Moderate,0,0,0
Zone_25,51,Residential,STABLE,10790,71,71.0,39.99,0.563,31.18,58.94,5,Normal,Good,0,0,0
Zone_26,51,University_District,STABLE,7678,75,75.0,35.85,0.478,22.35,60.61,5,Normal,Good,0,0,0
Zone_27,51,Suburban_LowDensity,PERIODIC_SPIKE,4357,81,81.0,13.74,0.17,11.47,61.66,2,Normal,Good,0,0,0
Zone_28,51,Highway_Junction,PERIODIC_SPIKE,1845,83,83.0,4.65,0.056,2.45,63.19,2,Normal,Good,0,0,0
Zone_29,51,Residential,RECOVERY_AFTER_DISRUPTION,13450,94,94.0,40.21,0.428,17.3,58.37,2,Normal,Good,0,0,0
Zone_30,51,Highway_Junction,GRADUAL_DETERIORATION,2448,66,66.0,27.27,0.413,15.62,60.85,4,Normal,Good,0,0,0
Zone_31,51,Commercial_Downtown,EVENT_SENSITIVE,9364,45,37.26,58.24,1.563,98.71,18.46,19,Light Rain,Moderate,0,1,1
Zone_32,51,Commercial_Downtown,GRADUAL_IMPROVEMENT,7248,81,81.0,15.74,0.194,12.57,63.88,2,Normal,Good,0,0,0
Zone_33,51,Commercial_Downtown,RECOVERY_AFTER_DISRUPTION,6945,63,63.0,24.47,0.388,16.69,61.06,5,Normal,Good,0,0,0
Zone_34,51,Industrial_Corridor,GRADUAL_DETERIORATION,3320,51,51.0,41.09,0.806,46.42,52.65,4,Normal,Good,0,0,0
Zone_35,51,Residential,GRADUAL_IMPROVEMENT,15280,95,95.0,25.21,0.265,13.88,62.65,3,Normal,Good,0,0,0
Zone_36,51,Residential,PERIODIC_SPIKE,12737,62,51.34,46.45,0.905,60.6,34.08,1,Light Rain,Moderate,0,1,1
Zone_37,51,Residential,RECOVERY_AFTER_DISRUPTION,11474,92,92.0,46.15,0.502,21.47,58.83,0,Normal,Good,0,0,0
Zone_38,51,Commercial_Downtown,RECOVERY_AFTER_DISRUPTION,9035,94,94.0,51.11,0.544,25.52,59.99,7,Normal,Good,0,1,1
Zone_39,51,Industrial_Corridor,GRADUAL_DETERIORATION,2566,44,44.0,39.85,0.906,57.46,48.92,3,Normal,Good,0,0,0
Zone_40,51,University_District,PERIODIC_SPIKE,7930,55,55.0,40.06,0.728,41.72,56.03,4,Normal,Good,0,1,1
Zone_41,51,Highway_Junction,GRADUAL_DETERIORATION,2549,42,42.0,24.99,0.595,29.16,55.39,8,Normal,Good,0,3,1
Zone_42,51,University_District,PERIODIC_SPIKE,7369,58,58.0,34.72,0.599,29.69,57.48,7,Normal,Good,0,0,0
Zone_43,51,Commercial_Downtown,STABLE,3988,78,78.0,17.48,0.224,9.49,64.55,2,Normal,Good,0,0,0
Zone_44,51,Suburban_LowDensity,STABLE,3720,70,70.0,4.93,0.07,8.96,62.88,1,Normal,Good,0,0,0
Zone_45,51,Highway_Junction,GRADUAL_DETERIORATION,2987,87,87.0,33.0,0.379,19.08,63.39,3,Normal,Good,0,0,0
Zone_46,51,University_District,GRADUAL_IMPROVEMENT,8049,51,42.23,32.66,0.773,51.81,42.25,7,Light Rain,Moderate,0,2,1
Zone_47,51,University_District,RECOVERY_AFTER_DISRUPTION,8056,58,58.0,35.78,0.617,32.99,58.05,4,Normal,Good,0,1,1
Zone_48,51,Industrial_Corridor,RECOVERY_AFTER_DISRUPTION,3999,72,59.62,22.46,0.377,20.14,51.24,2,Light Rain,Moderate,0,3,1
Zone_49,51,University_District,STABLE,11539,59,48.85,64.53,1.321,96.49,20.52,12,Light Rain,Moderate,0,1,1
Zone_50,51,University_District,GRADUAL_DETERIORATION,11592,68,56.3,79.06,1.404,100.0,14.07,8,Light Rain,Moderate,0,5,1
Zone_01,52,Commercial_Downtown,RECOVERY_AFTER_DISRUPTION,8726,60,49.68,45.39,0.914,60.3,40.72,9,Light Rain,Moderate,0,2,1
Zone_02,52,Residential,STABLE,12426,92,76.18,34.78,0.457,20.56,54.06,3,Light Rain,Moderate,0,0,0
Zone_03,52,University_District,EVENT_SENSITIVE,7685,63,52.16,27.82,0.533,24.77,47.64,1,Light Rain,Moderate,0,0,0
Zone_04,52,Highway_Junction,GRADUAL_DETERIORATION,2415,72,59.62,21.6,0.362,17.99,48.64,8,Light Rain,Moderate,0,1,1
Zone_05,52,Commercial_Downtown,GRADUAL_IMPROVEMENT,8343,66,54.65,24.42,0.447,15.54,50.52,3,Light Rain,Moderate,0,0,0
Zone_06,52,University_District,STABLE,8747,86,71.21,34.76,0.488,28.17,49.6,5,Light Rain,Moderate,0,0,0
Zone_07,52,University_District,GRADUAL_DETERIORATION,7267,42,34.78,45.16,1.298,87.84,23.9,11,Light Rain,Moderate,0,1,1
Zone_08,52,Highway_Junction,PERIODIC_SPIKE,2040,43,35.6,4.09,0.115,5.31,57.52,5,Light Rain,Moderate,0,0,0
Zone_09,52,Suburban_LowDensity,PERIODIC_SPIKE,3241,92,92.0,0.0,0.0,6.02,62.74,2,Normal,Good,0,0,0
Zone_10,52,Residential,GRADUAL_DETERIORATION,15099,47,47.0,66.42,1.413,85.64,33.92,8,Normal,Good,0,2,1
Zone_11,52,Residential,RECOVERY_AFTER_DISRUPTION,9955,43,43.0,35.9,0.835,50.15,49.5,7,Normal,Good,0,0,0
Zone_12,52,Commercial_Downtown,GRADUAL_IMPROVEMENT,8725,68,68.0,31.32,0.461,20.1,58.75,6,Normal,Good,0,0,0
Zone_13,52,Suburban_LowDensity,EVENT_SENSITIVE,1361,75,75.0,0.0,0.0,5.24,63.88,1,Normal,Good,0,0,0
Zone_14,52,University_District,RECOVERY_AFTER_DISRUPTION,10551,99,81.97,47.14,0.575,31.44,46.74,2,Light Rain,Moderate,0,0,0
Zone_15,52,Residential,GRADUAL_DETERIORATION,14863,86,71.21,76.31,1.072,74.53,32.54,5,Light Rain,Moderate,0,0,0
Zone_16,52,Highway_Junction,GRADUAL_DETERIORATION,1963,84,84.0,20.2,0.24,10.46,60.05,3,Normal,Good,0,0,0
Zone_17,52,Residential,EVENT_SENSITIVE,8064,48,48.0,23.44,0.488,23.0,62.25,6,Normal,Good,0,0,0
Zone_18,52,Industrial_Corridor,STABLE,3295,90,90.0,16.02,0.178,11.05,63.62,3,Normal,Good,0,0,0
Zone_19,52,Industrial_Corridor,EVENT_SENSITIVE,4136,81,67.07,14.62,0.218,13.09,54.51,3,Light Rain,Moderate,0,0,0
Zone_20,52,Commercial_Downtown,STABLE,3700,73,73.0,23.75,0.325,15.84,59.99,4,Normal,Good,0,0,0
Zone_21,52,Residential,GRADUAL_DETERIORATION,11645,74,74.0,66.8,0.903,55.53,45.21,6,Normal,Good,0,0,0
Zone_22,52,University_District,GRADUAL_DETERIORATION,7570,76,76.0,57.09,0.751,40.08,54.07,2,Normal,Good,0,0,0
Zone_23,52,Suburban_LowDensity,EVENT_SENSITIVE,2228,53,53.0,12.53,0.236,7.77,65.31,3,Normal,Good,0,0,0
Zone_24,52,Commercial_Downtown,GRADUAL_IMPROVEMENT,8634,99,99.0,14.1,0.142,4.95,64.8,5,Normal,Good,0,0,0
Zone_25,52,Residential,STABLE,10790,71,71.0,35.02,0.493,21.51,58.96,2,Normal,Good,0,0,0
Zone_26,52,University_District,STABLE,7678,75,75.0,35.57,0.474,23.18,61.04,2,Normal,Good,0,0,0
Zone_27,52,Suburban_LowDensity,PERIODIC_SPIKE,4357,81,67.07,17.94,0.267,9.68,54.91,1,Light Rain,Moderate,0,0,0
Zone_28,52,Highway_Junction,PERIODIC_SPIKE,1845,83,83.0,2.31,0.028,6.02,62.47,3,Normal,Good,0,0,0
Zone_29,52,Residential,RECOVERY_AFTER_DISRUPTION,13450,94,94.0,40.96,0.436,22.02,59.75,3,Normal,Good,0,2,1
Zone_30,52,Highway_Junction,GRADUAL_DETERIORATION,2448,66,66.0,30.57,0.463,22.45,57.37,8,Normal,Good,0,0,0
Zone_31,52,Commercial_Downtown,EVENT_SENSITIVE,9364,45,37.26,60.58,1.626,100.0,20.52,14,Light Rain,Moderate,0,1,1
Zone_32,52,Commercial_Downtown,GRADUAL_IMPROVEMENT,7248,81,81.0,12.25,0.151,6.93,62.79,4,Normal,Good,0,0,0
Zone_33,52,Commercial_Downtown,RECOVERY_AFTER_DISRUPTION,6945,63,63.0,33.47,0.531,25.5,59.03,4,Normal,Good,0,0,0
Zone_34,52,Industrial_Corridor,GRADUAL_DETERIORATION,3320,51,42.23,44.95,1.064,81.5,28.9,8,Light Rain,Moderate,0,3,1
Zone_35,52,Residential,GRADUAL_IMPROVEMENT,15280,95,95.0,27.5,0.289,16.36,64.17,4,Normal,Good,0,0,0
Zone_36,52,Residential,PERIODIC_SPIKE,12737,62,51.34,47.3,0.921,59.07,35.71,4,Light Rain,Moderate,0,2,1
Zone_37,52,Residential,RECOVERY_AFTER_DISRUPTION,11474,92,92.0,46.77,0.508,22.03,61.07,6,Normal,Good,0,0,0
Zone_38,52,Commercial_Downtown,RECOVERY_AFTER_DISRUPTION,9035,94,94.0,46.63,0.496,27.03,58.27,8,Normal,Good,0,0,0
Zone_39,52,Industrial_Corridor,GRADUAL_DETERIORATION,2566,44,36.43,33.86,0.929,64.0,34.44,1,Light Rain,Moderate,0,0,0
Zone_40,52,University_District,PERIODIC_SPIKE,7930,55,45.54,42.57,0.935,67.03,35.51,7,Light Rain,Moderate,0,2,1
Zone_41,52,Highway_Junction,GRADUAL_DETERIORATION,2549,42,34.78,23.96,0.689,37.46,44.94,4,Light Rain,Moderate,0,0,0
Zone_42,52,University_District,PERIODIC_SPIKE,7369,58,58.0,39.88,0.688,41.53,53.87,1,Normal,Good,0,0,0
Zone_43,52,Commercial_Downtown,STABLE,3988,78,78.0,20.74,0.266,11.67,63.41,5,Normal,Good,0,0,0
Zone_44,52,Suburban_LowDensity,STABLE,3720,70,57.96,5.82,0.1,5.68,55.27,0,Light Rain,Moderate,0,0,0
Zone_45,52,Highway_Junction,GRADUAL_DETERIORATION,2987,87,72.04,35.42,0.492,25.82,48.83,4,Light Rain,Moderate,0,1,1
Zone_46,52,University_District,GRADUAL_IMPROVEMENT,8049,51,51.0,27.14,0.532,25.59,59.78,6,Normal,Good,0,0,0
Zone_47,52,University_District,RECOVERY_AFTER_DISRUPTION,8056,58,58.0,37.7,0.65,32.44,56.53,1,Normal,Good,0,0,0
Zone_48,52,Industrial_Corridor,RECOVERY_AFTER_DISRUPTION,3999,72,59.62,19.45,0.326,13.8,51.44,2,Light Rain,Moderate,0,0,0
Zone_49,52,University_District,STABLE,11539,59,48.85,60.12,1.231,86.92,22.94,8,Light Rain,Moderate,0,2,1
Zone_50,52,University_District,GRADUAL_DETERIORATION,11592,68,68.0,70.44,1.036,64.17,42.1,14,Normal,Good,0,2,1
